pdb_id,res_start,res_end,uniprot_id,target_length,mapped_length,uniprot_name,organism,gene_name,entry_status,belongs_to,avg_pLDDT,seq,mapped_class,mapped_superclass
AF-P04439-F1-model_v6,25,204,P04439,180,365,"HLA class I histocompatibility antigen, A alpha chain",Homo sapiens,HLA-A,Uniprotkb reviewed (swiss-prot),Belongs to the MHC class I family,97.23,GSHSMRYFFTSVSRPGRGEPRFIAVGYVDDTQFVRFDSDAASQRMEPRAPWIEQEGPEYWDQETRNVKAQSQTDRVDLGTLRGYYNQSEAGSHTIQIMYGCDVGSDGRFLRGYRQDAYDGKDYIALNEDLRSWTAADMAAQITKRKWEAAHEAEQLRAYLDGTCVEWLRRYLENGKETLQ,HLA Class Ia,Classical MHC-I
AF-P17693-F1-model_v6,25,204,P17693,180,338,"HLA class I histocompatibility antigen, alpha chain G",Homo sapiens,HLA-G,Uniprotkb reviewed (swiss-prot),Belongs to the MHC class I family,97.19,GSHSMRYFSAAVSRPGRGEPRFIAMGYVDDTQFVRFDSDSACPRMEPRAPWVEQEGPEYWEEETRNTKAHAQTDRMNLQTLRGYYNQSEASSHTLQWMIGCDLGSDGRLLRGYEQYAYDGKDYLALNEDLRSWTAADTAAQISKRKCEAANVAEQRRAYLEGTCVEWLHRYLENGKEMLQ,HLA Class Ib,Non-classical MHC-I
AF-P10321-F1-model_v6,26,204,P10321,179,366,"HLA class I histocompatibility antigen, C alpha chain",Homo sapiens,HLA-C,Uniprotkb reviewed (swiss-prot),,97.3,SHSMRYFDTAVSRPGRGEPRFISVGYVDDTQFVRFDSDAASPRGEPRAPWVEQEGPEYWDRETQKYKRQAQADRVSLRNLRGYYNQSEDGSHTLQRMSGCDLGPDGRLLRGYDQSAYDGKDYIALNEDLRSWTAADTAAQITQRKLEAARAAEQLRAYLEGTCVEWLRRYLENGKETLQ,HLA Class Ia,Classical MHC-I
AF-P01889-F1-model_v6,25,203,P01889,179,362,"HLA class I histocompatibility antigen, B alpha chain",Homo sapiens,HLA-B,Uniprotkb reviewed (swiss-prot),,97.39,GSHSMRYFYTSVSRPGRGEPRFISVGYVDDTQFVRFDSDAASPREEPRAPWIEQEGPEYWDRNTQIYKAQAQTDRESLRNLRGYYNQSEAGSHTLQSMYGCDVGPDGRLLRGHDQYAYDGKDYIALNEDLRSWTAADTAAQITQRKWEAAREAEQRRAYLEGECVEWLRRYLENGKDKL,HLA Class Ia,Classical MHC-I
AF-P13747-F1-model_v6,22,200,P13747,179,358,"HLA class I histocompatibility antigen, alpha chain E",Homo sapiens,HLA-E,Uniprotkb reviewed (swiss-prot),Belongs to the MHC class I family,97.06,GSHSLKYFHTSVSRPGRGEPRFISVGYVDDTQFVRFDNDAASPRMVPRAPWMEQEGSEYWDRETRSARDTAQIFRVNLRTLRGYYNQSEAGSHTLQWMHGCELGPDGRFLRGYEQFAYDGKDYLTLNEDLRSWTAVDTAAQISEQKSNDASEAEHQRAYLEDTCVEWLHKYLEKGKETL,HLA Class Ib,Non-classical MHC-I
AF-P01893-F1-model_v6,25,204,P01893,180,362,"Putative HLA class I histocompatibility antigen, alpha chain H",Homo sapiens,HLA-H,Uniprotkb reviewed (swiss-prot),Belongs to the MHC class I family,96.62,RSHSMRYFYTTMSRPGAGEPRFISVGYVDDTQFVRFDSDDASPREEPRAPWMEREGPKYWDRNTQICKAQAQTERENLRIALRYYNQSEGGSHTMQVMYGCDVGPDGPFLRGYEQHAYDGKDYIALNEDLRSWTAADMAAQITKRKWEAARRAEQRRVYLEGEFVEWLRRYLENGKETLQ,HLA Class Ib,Non-classical MHC-I
AF-P30511-F1-model_v6,22,201,P30511,180,346,"HLA class I histocompatibility antigen, alpha chain F",Homo sapiens,HLA-F,Uniprotkb reviewed (swiss-prot),Belongs to the MHC class I family,96.89,GSHSLRYFSTAVSRPGRGEPRYIAVEYVDDTQFLRFDSDAAIPRMEPREPWVEQEGPQYWEWTTGYAKANAQTDRVALRNLLRRYNQSEAGSHTLQGMNGCDMGPDGRLLRGYHQHAYDGKDYISLNEDLRSWTAADTVAQITQRFYEAEEYAEEFRTYLEGECLELLRRYLENGKETLQ,HLA Class Ib,Non-classical MHC-I
AF-Q95460-F1-model_v6,24,197,Q95460,174,341,Major histocompatibility complex class I-related protein 1,Homo sapiens,MR1,Uniprotkb reviewed (swiss-prot),Belongs to the MHC class I family,95.98,THSLRYFRLGVSDPIHGVPEFISVGYVDSHPITTYDSVTRQKEPRAPWMAENLAPDHWERYTQLLRGWQQMFKVELKRLQRHYNHSGSHTYQRMIGCELLEDGSTTGFLQYAYDGQDFLIFNKDTLSWLAVDNVAHTIKQAWEANQHELLYQKNWLEEECIAWLKRFLEYGKDT,MR1,MHC-I like
AF-P25311-F1-model_v6,26,200,P25311,175,298,Zinc-alpha-2-glycoprotein,Homo sapiens,ZAG,Uniprotkb reviewed (swiss-prot),Belongs to the MHC class I family,97.61,GRYSLTYIYTGLSKHVEDVPAFQALGSLNDLQFFRYNSKDRKSQPMGLWRQVEGMEDWKQDSQLQKAREDIFMETLKDIVEYYNDSNGSHVLQGRFGCEIENNRSSGAFWKYYYDGKDYIEFNKEIPAWVPFDPAAQITKQKWEAEPVYVQRAKAYLEEECPATLRKYLKYSKNI,ZAG,MHC-I like
AF-Q30201-F1-model_v6,26,201,Q30201,176,348,Hereditary hemochromatosis protein,Homo sapiens,HFE,Uniprotkb reviewed (swiss-prot),Belongs to the MHC class I family,94.17,RSHSLHYLFMGASEQDLGLSLFEALGYVDDQLFVFYDHESRRVEPRTPWVSSRISSQMWLQLSQSLKGWDHMFTVDFWTIMENHNHSKESHTLQVILGCEMQEDNSTEGYWKYGYDGQDHLEFCPDTLDWRAAEPRAWPTKLEWERHKIRARQNRAYLERDCPAQLQQLLELGRGV,HFE,MHC-I like
AF-Q29980-F1-model_v6,24,198,Q29980,175,383,MHC class I polypeptide-related sequence B,Homo sapiens,MICB,Uniprotkb reviewed (swiss-prot),Belongs to the MHC class I family.,92.27,EPHSLRYNLMVLSQDGSVQSGFLAEGHLDGQPFLRYDRQKRRAKPQGQWAENVLGAKTWDTETEDLTENGQDLRRTLTHIKDQKGGLHSLQEIRVCEIHEDSSTRGSRHFYYDGELFLSQNLETQESTVPQSSRAQTLAMNVTNFWKEDAMKTKTHYRAMQADCLQKLQRYLKSG,MIC,MHC-I like
AF-Q8TD07-F1-model_v6,29,201,Q8TD07,173,263,Retinoic acid early transcript 1E,Homo sapiens,ULBP,Uniprotkb reviewed (swiss-prot),Belongs to the MHC class I family,92.2,GGHSLCFNFTIKSLSRPGQPWCEAQVFLNKNLFLQYNSDNNMVKPLGLLGKKVYATSTWGELTQTLGEVGRDLRMLLCDIKPQIKTSDPSTLQVEMFCQREAERCTGASWQFATNGEKSLLFDAMNMTWTVINHEASKIKETWKKDRGLEKYFRKLSKGDCDHWLREFLGHWE,ULBP,MHC-I like
AF-Q6H3X3-F1-model_v6,29,206,Q6H3X3,178,334,UL-16 binding protein 5,Homo sapiens,ULBP,Uniprotkb reviewed (swiss-prot),Belongs to the MHC class I family,92.31,DPHSLCYDITVIPKFRPGPRWCAVQGQVDEKTFLHYDCGSKTVTPVSPLGKKLNVTTAWKAQNPVLREVVDILTEQLLDIQLENYIPKEPLTLQARMSCEQKAEGHGSGSWQLSFDGQIFLLFDSENRMWTTVHPGARKMKEKWENDKDMTMSFHYISMGDCTGWLEDFLMGMDSTLE,ULBP,MHC-I like
AF-P55899-F1-model_v6,28,198,P55899,171,365,IgG receptor FcRn large subunit p51,Homo sapiens,FcRn,Uniprotkb reviewed (swiss-prot),Belongs to the immunoglobulin superfamily,94.98,LSLLYHLTAVSSPAPGTPAFWVSGWLGPQQYLSYNSLRGEAEPCGAWVWENQVSWYWEKETTDLRIKEKLFLEAFKALGGKGPYTLQGLLGCELGPDNTSVPTAKFALNGEEFMNFDLKQGTWGGDWPEALAISQRWQQQDKAANKELTFLLFSCPHRLREHLERGRGNLE,FcRn,MHC-I like
AF-P06126-F1-model_v6,23,199,P06126,177,327,T-cell surface glycoprotein CD1a,Homo sapiens,CD1a,Uniprotkb reviewed (swiss-prot),,93.6,EPLSFHVTWIASFYNHSWKQNLVSGWLSDLQTHTWDSNSSTIVFLCPWSRGNFSNEEWKELETLFRIRTIRSFEGIRRYAHELQFEYPFEIQVTGGCELHSGKVSGSFLQLAYQGSDFVSFQNNSWLPYPVAGNMAKHFCKVLNQNQHENDITHNLLSDTCPRFILGLLDAGKAHLQ,CD1,MHC-I like
AF-Q5VY80-F1-model_v6,29,206,Q5VY80,178,246,UL16-binding protein 6,Homo sapiens,ULBP,Uniprotkb reviewed (swiss-prot),Belongs to the MHC class I family,93.58,DPHSLCYDITVIPKFRPGPRWCAVQGQVDEKTFLHYDCGNKTVTPVSPLGKKLNVTMAWKAQNPVLREVVDILTEQLLDIQLENYTPKEPLTLQARMSCEQKAEGHSSGSWQFSIDGQTFLLFDSEKRMWTTVHPGARKMKEKWENDKDVAMSFHYISMGDCIGWLEDFLMGMDSTLE,ULBP,MHC-I like
AF-Q9BZM5-F1-model_v6,29,206,Q9BZM5,178,246,UL16-binding protein 2,Homo sapiens,ULBP,Uniprotkb reviewed (swiss-prot),Belongs to the MHC class I family,93.01,DPHSLCYDITVIPKFRPGPRWCAVQGQVDEKTFLHYDCGNKTVTPVSPLGKKLNVTTAWKAQNPVLREVVDILTEQLRDIQLENYTPKEPLTLQARMSCEQKAEGHSSGSWQFSFDGQIFLLFDSEKRMWTTVHPGARKMKEKWENDKVVAMSFHYFSMGDCIGWLEDFLMGMDSTLE,ULBP,MHC-I like
AF-Q9BZM4-F1-model_v6,31,207,Q9BZM4,177,244,UL16-binding protein 3,Homo sapiens,ULBP,Uniprotkb reviewed (swiss-prot),Belongs to the MHC class I family,92.91,AHSLWYNFTIIHLPRHGQQWCEVQSQVDQKNFLSYDCGSDKVLSMGHLEEQLYATDAWGKQLEMLREVGQRLRLELADTELEDFTPSGPLTLQVRMSCECEADGYIRGSWQFSFDGRKFLLFDSNNRKWTVVHAGARRMKEKWEKDSGLTTFFKMVSMRDCKSWLRDFLMHRKKRLE,ULBP,MHC-I like
AF-Q9BZM6-F1-model_v6,30,206,Q9BZM6,177,244,UL16-binding protein 1,Homo sapiens,ULBP,Uniprotkb reviewed (swiss-prot),Belongs to the MHC class I family,90.16,THCLCYDFIITPKSRPEPQWCEVQGLVDERPFLHYDCVNHKAKAFASLGKKVNVTKTWEEQTETLRDVVDFLKGQLLDIQVENLIPIEPLTLQARMSCEHEAHGHGRGSWQFLFNGQKFLLFDSNNRKWTALHPGAKKMTEKWEKNRDVTMFFQKISLGDCKMWLEEFLMYWEQMLD,ULBP,MHC-I like
AF-P15812-F1-model_v6,36,202,P15812,167,388,"T-cell surface glycoprotein CD1e, membrane-associated",Homo sapiens,CD1e,Uniprotkb reviewed (swiss-prot),,93.56,SFRMLQTSSFANHSWAHSEGSGWLGDLQTHGWDTVLGTIRFLKPWSHGNFSKQELKNLQSLFQLYFHSFIQIVQASAGQFQLEYPFEIQILAGCRMNAPQIFLNMAYQGSDFLSFQGISWEPSPGAGIRAQNICKVLNRYLDIKEILQSLLGHTCPRFLAGLMEAGE,CD1,MHC-I like
AF-P29017-F1-model_v6,25,197,P29017,173,333,T-cell surface glycoprotein CD1c,Homo sapiens,CD1c,Uniprotkb reviewed (swiss-prot),,95.14,HVSFHVIQIFSFVNQSWARGQGSGWLDELQTHGWDSESGTIIFLHNWSKGNFSNEELSDLELLFRFYLFGLTREIQDHASQDYSKYPFEVQVKAGCELHSGKSPEGFFQVAFNGLDLLSFQNTTWVPSPGCGSLAQSVCHLLNHQYEGVTETVYNLIRSTCPRFLLGLLDAGK,CD1,MHC-I like
AF-Q29983-F1-model_v6,26,198,Q29983,173,383,MHC class I polypeptide-related sequence A,Homo sapiens,MICA,Uniprotkb reviewed (swiss-prot),Belongs to the MHC class I family.,92.36,HSLRYNLTVLSWDGSVQSGFLTEVHLDGQPFLRCDRQKCRAKPQGQWAEDVLGNKTWDRETRDLTGNGKDLRMTLAHIKDQKEGLHSLQEIRVCEIHEDNSTRSSQHFYYDGELFLSQNLETKEWTMPQSSRAQTLAMNVRNFLKEDAMKTKTHYHAMHADCLQELRRYLKSG,MIC,MHC-I like
AF-P15813-F1-model_v6,25,197,P15813,173,335,Antigen-presenting glycoprotein CD1d,Homo sapiens,CD1d,Uniprotkb reviewed (swiss-prot),,95.82,LFPLRCLQISSFANSSWTRTDGLAWLGELQTHSWSNDSDTVRSLKPWSQGTFSDQQWETLQHIFRVYRSSFTRDVKEFAKMLRLSYPLELQVSAGCEVHPGNASNNFFHVAFQGKDILSFQGTSWEPTQEAPLWVNLAIQVLNQDKWTRETVQWLLNGTCPQFVSGLLESGKS,CD1,MHC-I like
AF-Q9UNN8-F1-model_v6,24,202,Q9UNN8,179,238,Endothelial protein C receptor,Homo sapiens,EPCR,Uniprotkb reviewed (swiss-prot),,94.45,GLQRLHMLQISYFRDPYHVWYQGNASLGGHLTHVLEGPDTNTTIIQLQPLQEPESWARTQSGLQSYLLQFHGLVRLVHQERTLAFPLTIRCFLGCELPPEGSRAHVFFEVAVNGSSFVSFRPERALWQADTQVTSGVVTFTLQQLNAYNRTRYELREFLEDTCVQYVQKHISAENTKGS,EPCR,MHC-I like
AF-P29016-F1-model_v6,24,200,P29016,177,333,T-cell surface glycoprotein CD1b,Homo sapiens,CD1b,Uniprotkb reviewed (swiss-prot),,97.16,GPTSFHVIQTSSFTNSTWAQTQGSGWLDDLQIHGWDSDSGTAIFLKPWSKGNFSDKEVAELEEIFRVYIFGFAREVQDFAGDFQMKYPFEIQGIAGCELHSGGAIVSFLRGALGGLDFLSVKNASCVPSPEGGSRAQKFCALIIQYQGIMETVRILLYETCPRYLLGVLNAGKADLQ,CD1,MHC-I like
