pdb,chain,tstart,tend,status,uniprot_id
AF-Q29757-F1-model_v6,NoChainInfo,25,203,primary,Q29757
AF-Q861F7-F1-model_v6,NoChainInfo,1,180,primary,Q861F7
AF-O19520-F1-model_v6,NoChainInfo,2,179,primary,O19520
AF-O19671-F1-model_v6,NoChainInfo,2,179,primary,O19671
AF-O19672-F1-model_v6,NoChainInfo,2,179,primary,O19672
AF-A0A140T955-F1-model_v6,NoChainInfo,25,203,primary,A0A140T955
AF-Q8HX85-F1-model_v6,NoChainInfo,17,196,primary,Q8HX85
AF-A0A1W2PRT9-F1-model_v6,NoChainInfo,24,203,primary,A0A1W2PRT9
AF-Q29756-F1-model_v6,NoChainInfo,2,179,primary,Q29756
AF-A0A8F4JDK3-F1-model_v6,NoChainInfo,2,179,primary,A0A8F4JDK3
AF-A0A583ZAW0-F1-model_v6,NoChainInfo,25,204,primary,A0A583ZAW0
AF-Q9TQB6-F1-model_v6,NoChainInfo,25,204,primary,Q9TQB6
AF-U5YJP1-F1-model_v6,NoChainInfo,25,204,primary,U5YJP1
AF-A0A223FKV7-F1-model_v6,NoChainInfo,25,204,primary,A0A223FKV7
AF-A0A5H2UU57-F1-model_v6,NoChainInfo,25,204,primary,A0A5H2UU57
AF-A0A5H2UEQ8-F1-model_v6,NoChainInfo,25,204,primary,A0A5H2UEQ8
AF-Q8WLS4-F1-model_v6,NoChainInfo,25,204,primary,Q8WLS4
AF-F6IQS1-F1-model_v6,NoChainInfo,25,204,primary,F6IQS1
AF-A0A140T913-F1-model_v6,NoChainInfo,25,204,primary,A0A140T913
AF-Q9TQ73-F1-model_v6,NoChainInfo,25,204,primary,Q9TQ73
AF-A0A8F4G8Y5-F1-model_v6,NoChainInfo,25,204,primary,A0A8F4G8Y5
AF-U5YKE0-F1-model_v6,NoChainInfo,25,204,primary,U5YKE0
AF-Q5MAG5-F1-model_v6,NoChainInfo,25,204,primary,Q5MAG5
AF-Q52YL7-F1-model_v6,NoChainInfo,25,204,primary,Q52YL7
AF-A0A142J256-F1-model_v6,NoChainInfo,25,204,primary,A0A142J256
AF-O19642-F1-model_v6,NoChainInfo,23,202,primary,O19642
AF-C5IWX9-F1-model_v6,NoChainInfo,25,204,primary,C5IWX9
AF-Q95J05-F1-model_v6,NoChainInfo,25,204,primary,Q95J05
AF-A0A6S7XV52-F1-model_v6,NoChainInfo,25,204,primary,A0A6S7XV52
AF-A0A1W2PPQ2-F1-model_v6,NoChainInfo,25,204,primary,A0A1W2PPQ2
AF-Q861F6-F1-model_v6,NoChainInfo,1,180,primary,Q861F6
AF-A0A5B8RNS7-F1-model_v6,NoChainInfo,25,204,primary,A0A5B8RNS7
AF-A0A5H2UTD7-F1-model_v6,NoChainInfo,25,204,primary,A0A5H2UTD7
AF-O78126-F1-model_v6,NoChainInfo,22,201,primary,O78126
AF-C5IWX6-F1-model_v6,NoChainInfo,25,204,primary,C5IWX6
AF-A0A223FKY8-F1-model_v6,NoChainInfo,25,204,primary,A0A223FKY8
AF-Q53Z42-F1-model_v6,NoChainInfo,25,204,primary,Q53Z42
AF-P79603-F1-model_v6,NoChainInfo,25,204,primary,P79603
AF-S6FW97-F1-model_v6,NoChainInfo,25,204,primary,S6FW97
AF-Q9GJ24-F1-model_v6,NoChainInfo,23,202,primary,Q9GJ24
AF-Q9TQ65-F1-model_v6,NoChainInfo,25,204,primary,Q9TQ65
AF-A0A4D6NYZ2-F1-model_v6,NoChainInfo,25,204,primary,A0A4D6NYZ2
AF-A0A678ZGP6-F1-model_v6,NoChainInfo,25,204,primary,A0A678ZGP6
AF-Q2LC95-F1-model_v6,NoChainInfo,25,204,primary,Q2LC95
AF-D2KZ37-F1-model_v6,NoChainInfo,2,179,primary,D2KZ37
AF-A0A0F6TL23-F1-model_v6,NoChainInfo,25,204,primary,A0A0F6TL23
AF-H9BNV4-F1-model_v6,NoChainInfo,2,179,primary,H9BNV4
AF-A0A060CZ20-F1-model_v6,NoChainInfo,25,204,primary,A0A060CZ20
AF-A0A8F4JDU3-F1-model_v6,NoChainInfo,25,204,primary,A0A8F4JDU3
AF-A0A583ZB52-F1-model_v6,NoChainInfo,25,204,primary,A0A583ZB52
AF-Q29740-F1-model_v6,NoChainInfo,2,179,primary,Q29740
AF-A0A0D4CZE3-F1-model_v6,NoChainInfo,2,179,primary,A0A0D4CZE3
AF-A0A583ZB50-F1-model_v6,NoChainInfo,2,179,primary,A0A583ZB50
AF-Q29741-F1-model_v6,NoChainInfo,2,179,primary,Q29741
AF-A0A583ZB51-F1-model_v6,NoChainInfo,25,204,primary,A0A583ZB51
AF-I3ZN80-F1-model_v6,NoChainInfo,25,204,primary,I3ZN80
AF-P04439-F1-model_v6,NoChainInfo,25,204,primary,P04439
AF-Q95361-F1-model_v6,NoChainInfo,2,179,primary,Q95361
AF-Q29907-F1-model_v6,NoChainInfo,25,204,primary,Q29907
AF-A0A8F4G6S3-F1-model_v6,NoChainInfo,2,179,primary,A0A8F4G6S3
AF-Q5SRN5-F1-model_v6,NoChainInfo,25,204,primary,Q5SRN5
AF-A0A9L9PY26-F1-model_v6,NoChainInfo,25,204,primary,A0A9L9PY26
AF-A0A1W2PS24-F1-model_v6,NoChainInfo,25,203,primary,A0A1W2PS24
AF-C5IWY6-F1-model_v6,NoChainInfo,25,204,primary,C5IWY6
AF-C5IWY0-F1-model_v6,NoChainInfo,25,204,primary,C5IWY0
AF-A0A0H3W548-F1-model_v6,NoChainInfo,25,204,primary,A0A0H3W548
AF-Q5SPM2-F1-model_v6,NoChainInfo,25,204,primary,Q5SPM2
AF-Q861E7-F1-model_v6,NoChainInfo,25,204,primary,Q861E7
AF-A0A583ZB67-F1-model_v6,NoChainInfo,2,179,primary,A0A583ZB67
AF-X5D2K4-F1-model_v6,NoChainInfo,25,204,primary,X5D2K4
AF-A0A8F4JG78-F1-model_v6,NoChainInfo,25,204,primary,A0A8F4JG78
AF-Q2MJJ6-F1-model_v6,NoChainInfo,25,204,primary,Q2MJJ6
AF-A0A9L9PXF6-F1-model_v6,NoChainInfo,25,204,primary,A0A9L9PXF6
AF-Q5SRN7-F1-model_v6,NoChainInfo,25,203,primary,Q5SRN7
AF-A0A866W1K1-F1-model_v6,NoChainInfo,25,204,primary,A0A866W1K1
AF-A0A1G4HQ08-F1-model_v6,NoChainInfo,25,204,primary,A0A1G4HQ08
AF-E3UN97-F1-model_v6,NoChainInfo,25,204,primary,E3UN97
AF-A0A583ZAV6-F1-model_v6,NoChainInfo,25,204,primary,A0A583ZAV6
AF-A0A1W2PPF8-F1-model_v6,NoChainInfo,25,203,primary,A0A1W2PPF8
AF-A0A1S7SKC8-F1-model_v6,NoChainInfo,25,204,primary,A0A1S7SKC8
AF-O02968-F1-model_v6,NoChainInfo,2,179,primary,O02968
AF-Q95HL9-F1-model_v6,NoChainInfo,16,195,primary,Q95HL9
AF-Q2MJJ5-F1-model_v6,NoChainInfo,25,204,primary,Q2MJJ5
AF-A0A142J247-F1-model_v6,NoChainInfo,25,204,primary,A0A142J247
AF-Q9TQ74-F1-model_v6,NoChainInfo,25,204,primary,Q9TQ74
AF-A0A8F4G8C0-F1-model_v6,NoChainInfo,2,179,primary,A0A8F4G8C0
AF-A0A9L9PYF9-F1-model_v6,NoChainInfo,25,204,primary,A0A9L9PYF9
AF-Q29739-F1-model_v6,NoChainInfo,2,179,primary,Q29739
AF-A0A140T8W8-F1-model_v6,NoChainInfo,25,203,primary,A0A140T8W8
AF-A0A583ZB34-F1-model_v6,NoChainInfo,25,204,primary,A0A583ZB34
AF-U5YJJ6-F1-model_v6,NoChainInfo,25,204,primary,U5YJJ6
AF-A0A0G2JPD3-F1-model_v6,NoChainInfo,25,204,primary,A0A0G2JPD3
AF-O19521-F1-model_v6,NoChainInfo,2,179,primary,O19521
AF-A0A6M6CC39-F1-model_v6,NoChainInfo,25,204,primary,A0A6M6CC39
AF-F6IQY1-F1-model_v6,NoChainInfo,25,204,primary,F6IQY1
AF-Q9MY47-F1-model_v6,NoChainInfo,1,179,primary,Q9MY47
AF-A0A583ZB79-F1-model_v6,NoChainInfo,25,204,primary,A0A583ZB79
AF-A0A8F4GDW7-F1-model_v6,NoChainInfo,25,204,primary,A0A8F4GDW7
AF-D0V0C4-F1-model_v6,NoChainInfo,25,204,primary,D0V0C4
AF-A0A140T941-F1-model_v6,NoChainInfo,25,204,primary,A0A140T941
AF-A0A109QAI7-F1-model_v6,NoChainInfo,25,204,primary,A0A109QAI7
AF-Q95HM0-F1-model_v6,NoChainInfo,16,195,primary,Q95HM0
AF-A0A387LBR7-F1-model_v6,NoChainInfo,25,203,primary,A0A387LBR7
AF-A0A1W2PR61-F1-model_v6,NoChainInfo,25,203,primary,A0A1W2PR61
AF-A0A411J078-F1-model_v6,NoChainInfo,25,204,primary,A0A411J078
AF-A0A2P9FID8-F1-model_v6,NoChainInfo,25,204,primary,A0A2P9FID8
AF-U5YJK1-F1-model_v6,NoChainInfo,25,204,primary,U5YJK1
AF-A0A140T8Y4-F1-model_v6,NoChainInfo,25,204,primary,A0A140T8Y4
AF-A0A866VWG0-F1-model_v6,NoChainInfo,25,203,primary,A0A866VWG0
AF-A0A866W2Z2-F1-model_v6,NoChainInfo,25,204,primary,A0A866W2Z2
AF-B0UXQ0-F1-model_v6,NoChainInfo,25,204,primary,B0UXQ0
AF-A0A140T9Z6-F1-model_v6,NoChainInfo,25,204,primary,A0A140T9Z6
AF-A0A7T3RIT5-F1-model_v6,NoChainInfo,25,204,primary,A0A7T3RIT5
AF-Q5S3G3-F1-model_v6,NoChainInfo,25,204,primary,Q5S3G3
AF-M1RL68-F1-model_v6,NoChainInfo,25,204,primary,M1RL68
AF-A0A1W2PQS8-F1-model_v6,NoChainInfo,25,204,primary,A0A1W2PQS8
AF-A0A5H2UYS3-F1-model_v6,NoChainInfo,27,206,primary,A0A5H2UYS3
AF-I3QHR3-F1-model_v6,NoChainInfo,2,179,primary,I3QHR3
AF-A0A583ZB21-F1-model_v6,NoChainInfo,25,204,primary,A0A583ZB21
AF-F6IQZ4-F1-model_v6,NoChainInfo,25,204,primary,F6IQZ4
AF-A0A8F4G8X1-F1-model_v6,NoChainInfo,25,204,primary,A0A8F4G8X1
AF-A0A8F4G6Q4-F1-model_v6,NoChainInfo,25,204,primary,A0A8F4G6Q4
AF-Q9GJ44-F1-model_v6,NoChainInfo,25,204,primary,Q9GJ44
AF-Q2LC93-F1-model_v6,NoChainInfo,25,204,primary,Q2LC93
AF-A0A173ADK6-F1-model_v6,NoChainInfo,25,204,primary,A0A173ADK6
AF-A0A1G4HPV3-F1-model_v6,NoChainInfo,25,204,primary,A0A1G4HPV3
AF-E5FQ47-F1-model_v6,NoChainInfo,25,204,primary,E5FQ47
AF-Q29724-F1-model_v6,NoChainInfo,2,179,primary,Q29724
AF-F6IR24-F1-model_v6,NoChainInfo,25,204,primary,F6IR24
AF-A0A8F4GAB4-F1-model_v6,NoChainInfo,25,204,primary,A0A8F4GAB4
AF-D9UAY1-F1-model_v6,NoChainInfo,25,204,primary,D9UAY1
AF-B6ETN7-F1-model_v6,NoChainInfo,25,204,primary,B6ETN7
AF-A0A583ZAY5-F1-model_v6,NoChainInfo,25,204,primary,A0A583ZAY5
AF-Q5SUL5-F1-model_v6,NoChainInfo,25,204,primary,Q5SUL5
AF-A0A286LDA8-F1-model_v6,NoChainInfo,25,204,primary,A0A286LDA8
AF-Q8WWJ0-F1-model_v6,NoChainInfo,2,179,primary,Q8WWJ0
AF-A0A140TA21-F1-model_v6,NoChainInfo,25,203,primary,A0A140TA21
AF-Q5RJ27-F1-model_v6,NoChainInfo,25,204,primary,Q5RJ27
AF-Q29689-F1-model_v6,NoChainInfo,25,204,primary,Q29689
AF-A0A1Z2RTN8-F1-model_v6,NoChainInfo,25,204,primary,A0A1Z2RTN8
AF-A0A583ZB23-F1-model_v6,NoChainInfo,25,204,primary,A0A583ZB23
AF-A0A8F4G6S8-F1-model_v6,NoChainInfo,25,204,primary,A0A8F4G6S8
AF-A0A583ZB91-F1-model_v6,NoChainInfo,2,179,primary,A0A583ZB91
AF-A0A143Y4R2-F1-model_v6,NoChainInfo,25,204,primary,A0A143Y4R2
AF-A0A140T9D4-F1-model_v6,NoChainInfo,36,214,primary,A0A140T9D4
AF-A0A140T975-F1-model_v6,NoChainInfo,25,204,primary,A0A140T975
AF-A0A1W2PS39-F1-model_v6,NoChainInfo,25,204,primary,A0A1W2PS39
AF-Q70I55-F1-model_v6,NoChainInfo,2,179,primary,Q70I55
AF-Q8WLR2-F1-model_v6,NoChainInfo,2,179,primary,Q8WLR2
AF-Q95HM2-F1-model_v6,NoChainInfo,21,200,primary,Q95HM2
AF-Q95HM1-F1-model_v6,NoChainInfo,21,200,primary,Q95HM1
AF-Q95J07-F1-model_v6,NoChainInfo,25,204,primary,Q95J07
AF-A0A090KFS3-F1-model_v6,NoChainInfo,25,204,primary,A0A090KFS3
AF-O19646-F1-model_v6,NoChainInfo,2,178,primary,O19646
AF-Q6IVJ7-F1-model_v6,NoChainInfo,25,203,primary,Q6IVJ7
AF-A0A1W2PSE7-F1-model_v6,NoChainInfo,24,203,primary,A0A1W2PSE7
AF-D2U832-F1-model_v6,NoChainInfo,2,179,primary,D2U832
AF-A0A583ZC21-F1-model_v6,NoChainInfo,25,204,primary,A0A583ZC21
AF-Q29666-F1-model_v6,NoChainInfo,2,179,primary,Q29666
AF-A0A140TA13-F1-model_v6,NoChainInfo,25,204,primary,A0A140TA13
AF-A0A0G2JIF2-F1-model_v6,NoChainInfo,25,204,primary,A0A0G2JIF2
AF-A0A8Q3SIV3-F1-model_v6,NoChainInfo,25,203,primary,A0A8Q3SIV3
AF-A0A0G2JI36-F1-model_v6,NoChainInfo,25,204,primary,A0A0G2JI36
AF-A0A140TA19-F1-model_v6,NoChainInfo,25,204,primary,A0A140TA19
AF-Q861B1-F1-model_v6,NoChainInfo,2,179,primary,Q861B1
AF-A0A0G2JL56-F1-model_v6,NoChainInfo,25,204,primary,A0A0G2JL56
AF-Q9GJ45-F1-model_v6,NoChainInfo,25,204,primary,Q9GJ45
AF-F6IQR9-F1-model_v6,NoChainInfo,25,204,primary,F6IQR9
AF-A0A8F4GAH9-F1-model_v6,NoChainInfo,2,179,primary,A0A8F4GAH9
AF-Q95HM3-F1-model_v6,NoChainInfo,21,200,primary,Q95HM3
AF-A0A8F4G6N8-F1-model_v6,NoChainInfo,2,179,primary,A0A8F4G6N8
AF-A0A1W2PNR7-F1-model_v6,NoChainInfo,22,200,primary,A0A1W2PNR7
AF-I4EPX9-F1-model_v6,NoChainInfo,25,204,primary,I4EPX9
AF-A0A583ZBD8-F1-model_v6,NoChainInfo,2,179,primary,A0A583ZBD8
AF-W6JNQ2-F1-model_v6,NoChainInfo,25,203,primary,W6JNQ2
AF-Q95HM5-F1-model_v6,NoChainInfo,21,200,primary,Q95HM5
AF-Q95363-F1-model_v6,NoChainInfo,2,179,primary,Q95363
AF-E7CZN3-F1-model_v6,NoChainInfo,2,179,primary,E7CZN3
AF-A0A3G1VFM0-F1-model_v6,NoChainInfo,2,179,primary,A0A3G1VFM0
AF-A0A141MJG7-F1-model_v6,NoChainInfo,25,204,primary,A0A141MJG7
AF-C6K6H4-F1-model_v6,NoChainInfo,25,204,primary,C6K6H4
AF-A0A8F4GAC4-F1-model_v6,NoChainInfo,2,179,primary,A0A8F4GAC4
AF-O98221-F1-model_v6,NoChainInfo,25,204,primary,O98221
AF-Q95HM4-F1-model_v6,NoChainInfo,21,199,primary,Q95HM4
AF-A0A583ZC09-F1-model_v6,NoChainInfo,2,179,primary,A0A583ZC09
AF-Q29763-F1-model_v6,NoChainInfo,2,179,primary,Q29763
AF-O78043-F1-model_v6,NoChainInfo,2,178,primary,O78043
AF-O02874-F1-model_v6,NoChainInfo,25,203,primary,O02874
AF-R5AK10-F1-model_v6,NoChainInfo,25,204,primary,R5AK10
AF-Q8SP64-F1-model_v6,NoChainInfo,2,178,primary,Q8SP64
AF-A0A583ZBF4-F1-model_v6,NoChainInfo,2,179,primary,A0A583ZBF4
AF-A0A583ZBM5-F1-model_v6,NoChainInfo,25,204,primary,A0A583ZBM5
AF-I3ZN83-F1-model_v6,NoChainInfo,25,204,primary,I3ZN83
AF-V6E0U6-F1-model_v6,NoChainInfo,25,203,primary,V6E0U6
AF-Q29716-F1-model_v6,NoChainInfo,2,178,primary,Q29716
AF-X5LKD6-F1-model_v6,NoChainInfo,25,204,primary,X5LKD6
AF-A0A1W2PQD0-F1-model_v6,NoChainInfo,25,204,primary,A0A1W2PQD0
AF-O19644-F1-model_v6,NoChainInfo,2,178,primary,O19644
AF-A0A6M6AMD7-F1-model_v6,NoChainInfo,2,179,primary,A0A6M6AMD7
AF-Q8TE31-F1-model_v6,NoChainInfo,2,179,primary,Q8TE31
AF-Q2LC91-F1-model_v6,NoChainInfo,23,201,primary,Q2LC91
AF-A0A2I8B3D0-F1-model_v6,NoChainInfo,25,204,primary,A0A2I8B3D0
AF-Q30206-F1-model_v6,NoChainInfo,1,180,primary,Q30206
AF-A0A173AD95-F1-model_v6,NoChainInfo,25,203,primary,A0A173AD95
AF-Q9TNU1-F1-model_v6,NoChainInfo,2,179,primary,Q9TNU1
AF-Q29733-F1-model_v6,NoChainInfo,2,179,primary,Q29733
AF-A0A140TA05-F1-model_v6,NoChainInfo,25,204,primary,A0A140TA05
AF-A0A2Z4LG68-F1-model_v6,NoChainInfo,2,179,primary,A0A2Z4LG68
AF-Q8WLR3-F1-model_v6,NoChainInfo,2,179,primary,Q8WLR3
AF-Q29761-F1-model_v6,NoChainInfo,2,179,primary,Q29761
AF-A0A8F4JGX9-F1-model_v6,NoChainInfo,2,179,primary,A0A8F4JGX9
AF-Q29653-F1-model_v6,NoChainInfo,25,203,primary,Q29653
AF-O19648-F1-model_v6,NoChainInfo,2,178,primary,O19648
AF-A0A6M6CBR2-F1-model_v6,NoChainInfo,25,203,primary,A0A6M6CBR2
AF-Q8WLQ9-F1-model_v6,NoChainInfo,2,179,primary,Q8WLQ9
AF-A0A173AD94-F1-model_v6,NoChainInfo,25,203,primary,A0A173AD94
AF-O19645-F1-model_v6,NoChainInfo,2,179,primary,O19645
AF-Q95HL7-F1-model_v6,NoChainInfo,25,203,primary,Q95HL7
AF-A0A583ZBM7-F1-model_v6,NoChainInfo,25,204,primary,A0A583ZBM7
AF-E7CRN8-F1-model_v6,NoChainInfo,25,204,primary,E7CRN8
AF-Q7JFI6-F1-model_v6,NoChainInfo,2,179,primary,Q7JFI6
AF-A0A583ZBC2-F1-model_v6,NoChainInfo,1,180,primary,A0A583ZBC2
AF-Q9TQB8-F1-model_v6,NoChainInfo,2,179,primary,Q9TQB8
AF-O19650-F1-model_v6,NoChainInfo,2,179,primary,O19650
AF-Q8TE32-F1-model_v6,NoChainInfo,2,179,primary,Q8TE32
AF-O19626-F1-model_v6,NoChainInfo,25,204,primary,O19626
AF-Q30207-F1-model_v6,NoChainInfo,1,180,primary,Q30207
AF-A0A140T953-F1-model_v6,NoChainInfo,36,214,primary,A0A140T953
AF-S6EYQ3-F1-model_v6,NoChainInfo,25,204,primary,S6EYQ3
AF-Q29654-F1-model_v6,NoChainInfo,25,203,primary,Q29654
AF-Q29676-F1-model_v6,NoChainInfo,2,179,primary,Q29676
AF-D5L9K0-F1-model_v6,NoChainInfo,25,204,primary,D5L9K0
AF-O19781-F1-model_v6,NoChainInfo,1,180,primary,O19781
AF-C6K6H9-F1-model_v6,NoChainInfo,25,203,primary,C6K6H9
AF-I3ZN84-F1-model_v6,NoChainInfo,25,204,primary,I3ZN84
AF-O19691-F1-model_v6,NoChainInfo,13,191,primary,O19691
AF-O19554-F1-model_v6,NoChainInfo,25,204,primary,O19554
AF-A0A866W398-F1-model_v6,NoChainInfo,2,179,primary,A0A866W398
AF-F4NBQ8-F1-model_v6,NoChainInfo,25,204,primary,F4NBQ8
AF-A0A140TA02-F1-model_v6,NoChainInfo,25,204,primary,A0A140TA02
AF-Q8WZ43-F1-model_v6,NoChainInfo,2,179,primary,Q8WZ43
AF-F4NC28-F1-model_v6,NoChainInfo,25,204,primary,F4NC28
AF-Q8SP61-F1-model_v6,NoChainInfo,2,179,primary,Q8SP61
AF-A0AAT9FSN1-F1-model_v6,NoChainInfo,25,204,primary,A0AAT9FSN1
AF-O19790-F1-model_v6,NoChainInfo,25,204,primary,O19790
AF-O19755-F1-model_v6,NoChainInfo,25,204,primary,O19755
AF-U6BR87-F1-model_v6,NoChainInfo,25,204,primary,U6BR87
AF-V9HVZ9-F1-model_v6,NoChainInfo,25,204,primary,V9HVZ9
AF-Q56H30-F1-model_v6,NoChainInfo,10,189,primary,Q56H30
AF-A0A1G4HPV1-F1-model_v6,NoChainInfo,25,204,primary,A0A1G4HPV1
AF-A0A583ZBR5-F1-model_v6,NoChainInfo,25,204,primary,A0A583ZBR5
AF-Q9TPW6-F1-model_v6,NoChainInfo,25,204,primary,Q9TPW6
AF-C5J3Z8-F1-model_v6,NoChainInfo,25,204,primary,C5J3Z8
AF-A0A218MK64-F1-model_v6,NoChainInfo,25,204,primary,A0A218MK64
AF-O19589-F1-model_v6,NoChainInfo,25,204,primary,O19589
AF-A5CLI0-F1-model_v6,NoChainInfo,25,204,primary,A5CLI0
AF-Q29699-F1-model_v6,NoChainInfo,2,179,primary,Q29699
AF-Q5SS57-F1-model_v6,NoChainInfo,25,203,primary,Q5SS57
AF-Q08173-F1-model_v6,NoChainInfo,25,204,primary,Q08173
AF-A0A583ZBA7-F1-model_v6,NoChainInfo,21,200,primary,A0A583ZBA7
AF-Q29669-F1-model_v6,NoChainInfo,25,204,primary,Q29669
AF-A0A858LJX3-F1-model_v6,NoChainInfo,25,204,primary,A0A858LJX3
AF-Q546I7-F1-model_v6,NoChainInfo,25,204,primary,Q546I7
AF-H6SI89-F1-model_v6,NoChainInfo,8,186,primary,H6SI89
AF-Q29710-F1-model_v6,NoChainInfo,2,179,primary,Q29710
AF-C6K6H6-F1-model_v6,NoChainInfo,25,203,primary,C6K6H6
AF-A0A142J2H0-F1-model_v6,NoChainInfo,25,204,primary,A0A142J2H0
AF-Q31602-F1-model_v6,NoChainInfo,25,204,primary,Q31602
AF-B5MAH4-F1-model_v6,NoChainInfo,25,204,primary,B5MAH4
AF-A0A650CD04-F1-model_v6,NoChainInfo,2,179,primary,A0A650CD04
AF-E7CZN2-F1-model_v6,NoChainInfo,2,178,primary,E7CZN2
AF-A0A8F4G8D0-F1-model_v6,NoChainInfo,2,179,primary,A0A8F4G8D0
AF-Q96DW9-F1-model_v6,NoChainInfo,25,203,primary,Q96DW9
AF-A0A583ZAW4-F1-model_v6,NoChainInfo,2,178,primary,A0A583ZAW4
AF-C5MK53-F1-model_v6,NoChainInfo,25,204,primary,C5MK53
AF-C6K6J4-F1-model_v6,NoChainInfo,25,203,primary,C6K6J4
AF-A0A8F4JGX4-F1-model_v6,NoChainInfo,25,203,primary,A0A8F4JGX4
AF-Q29981-F1-model_v6,NoChainInfo,25,204,primary,Q29981
AF-E7CRP1-F1-model_v6,NoChainInfo,25,203,primary,E7CRP1
AF-C5MK49-F1-model_v6,NoChainInfo,25,204,primary,C5MK49
AF-D9J307-F1-model_v6,NoChainInfo,25,203,primary,D9J307
AF-X5M233-F1-model_v6,NoChainInfo,25,203,primary,X5M233
AF-Q29943-F1-model_v6,NoChainInfo,25,204,primary,Q29943
AF-S6AU73-F1-model_v6,NoChainInfo,25,204,primary,S6AU73
AF-Q8SP59-F1-model_v6,NoChainInfo,2,179,primary,Q8SP59
AF-Q29844-F1-model_v6,NoChainInfo,25,204,primary,Q29844
AF-Q29705-F1-model_v6,NoChainInfo,25,204,primary,Q29705
AF-O78183-F1-model_v6,NoChainInfo,2,179,primary,O78183
AF-Q29934-F1-model_v6,NoChainInfo,22,201,primary,Q29934
AF-Q8SP60-F1-model_v6,NoChainInfo,2,179,primary,Q8SP60
AF-A0A5J6BVL6-F1-model_v6,NoChainInfo,25,204,primary,A0A5J6BVL6
AF-A0A6B7FTL9-F1-model_v6,NoChainInfo,25,204,primary,A0A6B7FTL9
AF-A0AB38YL62-F1-model_v6,NoChainInfo,25,204,primary,A0AB38YL62
AF-P17693-F1-model_v6,NoChainInfo,25,204,primary,P17693
AF-Q2LC90-F1-model_v6,NoChainInfo,21,199,primary,Q2LC90
AF-Q29674-F1-model_v6,NoChainInfo,25,203,primary,Q29674
AF-C5MK54-F1-model_v6,NoChainInfo,25,204,primary,C5MK54
AF-C5J3Z9-F1-model_v6,NoChainInfo,25,204,primary,C5J3Z9
AF-S6FC63-F1-model_v6,NoChainInfo,25,204,primary,S6FC63
AF-A0A583ZBJ9-F1-model_v6,NoChainInfo,25,203,primary,A0A583ZBJ9
AF-Q29748-F1-model_v6,NoChainInfo,25,204,primary,Q29748
AF-A0A583ZBV1-F1-model_v6,NoChainInfo,25,204,primary,A0A583ZBV1
AF-F4NBQ1-F1-model_v6,NoChainInfo,25,204,primary,F4NBQ1
AF-A0A8F4JDT8-F1-model_v6,NoChainInfo,2,179,primary,A0A8F4JDT8
AF-A0A0A8LDV2-F1-model_v6,NoChainInfo,25,204,primary,A0A0A8LDV2
AF-A0A140T9M0-F1-model_v6,NoChainInfo,25,204,primary,A0A140T9M0
AF-H6VGI9-F1-model_v6,NoChainInfo,25,203,primary,H6VGI9
AF-Q8WLR0-F1-model_v6,NoChainInfo,2,179,primary,Q8WLR0
AF-P79549-F1-model_v6,NoChainInfo,25,204,primary,P79549
AF-C6K6J0-F1-model_v6,NoChainInfo,25,203,primary,C6K6J0
AF-Q95HM6-F1-model_v6,NoChainInfo,2,179,primary,Q95HM6
AF-A0A142J2H2-F1-model_v6,NoChainInfo,25,204,primary,A0A142J2H2
AF-I2G9F9-F1-model_v6,NoChainInfo,25,204,primary,I2G9F9
AF-A0A8F4JD05-F1-model_v6,NoChainInfo,2,179,primary,A0A8F4JD05
AF-I3ZN85-F1-model_v6,NoChainInfo,25,203,primary,I3ZN85
AF-Q29667-F1-model_v6,NoChainInfo,2,179,primary,Q29667
AF-A0A140T9U0-F1-model_v6,NoChainInfo,25,204,primary,A0A140T9U0
AF-A0A8F4GAB3-F1-model_v6,NoChainInfo,25,204,primary,A0A8F4GAB3
AF-A0A1C3PHU5-F1-model_v6,NoChainInfo,25,204,primary,A0A1C3PHU5
AF-A0A1W1B5N8-F1-model_v6,NoChainInfo,25,204,primary,A0A1W1B5N8
AF-Q30191-F1-model_v6,NoChainInfo,1,180,primary,Q30191
AF-C5IYE6-F1-model_v6,NoChainInfo,25,204,primary,C5IYE6
AF-O78189-F1-model_v6,NoChainInfo,25,204,primary,O78189
AF-A0A140TA11-F1-model_v6,NoChainInfo,25,204,primary,A0A140TA11
AF-A0A1W2PRZ0-F1-model_v6,NoChainInfo,25,204,primary,A0A1W2PRZ0
AF-A0A583ZBW0-F1-model_v6,NoChainInfo,1,180,primary,A0A583ZBW0
AF-A0A2Z4LI59-F1-model_v6,NoChainInfo,16,195,primary,A0A2Z4LI59
AF-Q29760-F1-model_v6,NoChainInfo,2,179,primary,Q29760
AF-G0M6G4-F1-model_v6,NoChainInfo,1,180,primary,G0M6G4
AF-A0A583ZBC7-F1-model_v6,NoChainInfo,25,204,primary,A0A583ZBC7
AF-P10321-F1-model_v6,NoChainInfo,26,204,primary,P10321
AF-Q7YQB0-F1-model_v6,NoChainInfo,25,204,primary,Q7YQB0
AF-S6FM58-F1-model_v6,NoChainInfo,25,204,primary,S6FM58
AF-A0A6B7HFJ9-F1-model_v6,NoChainInfo,25,204,primary,A0A6B7HFJ9
AF-Q8WLQ8-F1-model_v6,NoChainInfo,2,178,primary,Q8WLQ8
AF-A0A173AD52-F1-model_v6,NoChainInfo,25,203,primary,A0A173AD52
AF-A0A140T9W2-F1-model_v6,NoChainInfo,25,204,primary,A0A140T9W2
AF-A0A5H2UI55-F1-model_v6,NoChainInfo,25,203,primary,A0A5H2UI55
AF-A0A7T3P0R0-F1-model_v6,NoChainInfo,25,204,primary,A0A7T3P0R0
AF-A0A173ADB5-F1-model_v6,NoChainInfo,25,203,primary,A0A173ADB5
AF-Q546J0-F1-model_v6,NoChainInfo,25,204,primary,Q546J0
AF-P79612-F1-model_v6,NoChainInfo,25,203,primary,P79612
AF-A0A1L2BLQ6-F1-model_v6,NoChainInfo,2,179,primary,A0A1L2BLQ6
AF-A0A1W2PP29-F1-model_v6,NoChainInfo,25,203,primary,A0A1W2PP29
AF-A0A097ZQV5-F1-model_v6,NoChainInfo,25,203,primary,A0A097ZQV5
AF-A0A8F4GAG1-F1-model_v6,NoChainInfo,2,179,primary,A0A8F4GAG1
AF-A0A0B7MH39-F1-model_v6,NoChainInfo,25,204,primary,A0A0B7MH39
AF-Q53YP1-F1-model_v6,NoChainInfo,25,204,primary,Q53YP1
AF-Q29700-F1-model_v6,NoChainInfo,25,204,primary,Q29700
AF-A0A346XQW7-F1-model_v6,NoChainInfo,25,204,primary,A0A346XQW7
AF-P01889-F1-model_v6,NoChainInfo,25,203,primary,P01889
AF-Q30172-F1-model_v6,NoChainInfo,25,204,primary,Q30172
AF-O19782-F1-model_v6,NoChainInfo,25,203,primary,O19782
AF-S6FC68-F1-model_v6,NoChainInfo,25,204,primary,S6FC68
AF-A0A140TA14-F1-model_v6,NoChainInfo,25,204,primary,A0A140TA14
AF-Q29644-F1-model_v6,NoChainInfo,25,204,primary,Q29644
AF-Q95346-F1-model_v6,NoChainInfo,25,203,primary,Q95346
AF-A0A173ADA9-F1-model_v6,NoChainInfo,25,204,primary,A0A173ADA9
AF-C5MK52-F1-model_v6,NoChainInfo,25,204,primary,C5MK52
AF-F4NBT2-F1-model_v6,NoChainInfo,25,204,primary,F4NBT2
AF-A0A3S6RFN3-F1-model_v6,NoChainInfo,25,203,primary,A0A3S6RFN3
AF-A0A8F4G6R9-F1-model_v6,NoChainInfo,25,203,primary,A0A8F4G6R9
AF-A0A583ZBE5-F1-model_v6,NoChainInfo,25,204,primary,A0A583ZBE5
AF-F6IQA6-F1-model_v6,NoChainInfo,25,204,primary,F6IQA6
AF-C6K6I7-F1-model_v6,NoChainInfo,25,204,primary,C6K6I7
AF-A0A583ZBD5-F1-model_v6,NoChainInfo,2,179,primary,A0A583ZBD5
AF-S5DHS4-F1-model_v6,NoChainInfo,2,179,primary,S5DHS4
AF-O78179-F1-model_v6,NoChainInfo,25,204,primary,O78179
AF-A0A583ZBX0-F1-model_v6,NoChainInfo,25,204,primary,A0A583ZBX0
AF-A0A8F4G964-F1-model_v6,NoChainInfo,25,204,primary,A0A8F4G964
AF-Q29637-F1-model_v6,NoChainInfo,25,203,primary,Q29637
AF-C9E8V1-F1-model_v6,NoChainInfo,25,204,primary,C9E8V1
AF-Q8SP63-F1-model_v6,NoChainInfo,2,179,primary,Q8SP63
AF-Q5RIP0-F1-model_v6,NoChainInfo,25,204,primary,Q5RIP0
AF-C5MK56-F1-model_v6,NoChainInfo,25,204,primary,C5MK56
AF-Q8SP65-F1-model_v6,NoChainInfo,2,179,primary,Q8SP65
AF-Q29701-F1-model_v6,NoChainInfo,2,179,primary,Q29701
AF-B8YBG3-F1-model_v6,NoChainInfo,25,204,primary,B8YBG3
AF-Q29938-F1-model_v6,NoChainInfo,25,204,primary,Q29938
AF-A0A499S0B6-F1-model_v6,NoChainInfo,25,203,primary,A0A499S0B6
AF-A0A678ZMW1-F1-model_v6,NoChainInfo,25,203,primary,A0A678ZMW1
AF-A0AAT9PAB7-F1-model_v6,NoChainInfo,25,204,primary,A0AAT9PAB7
AF-C9E8W1-F1-model_v6,NoChainInfo,25,204,primary,C9E8W1
AF-A0A140T921-F1-model_v6,NoChainInfo,25,204,primary,A0A140T921
AF-A2AEA2-F1-model_v6,NoChainInfo,25,204,primary,A2AEA2
AF-A2BF26-F1-model_v6,NoChainInfo,26,204,primary,A2BF26
AF-K7DVA1-F1-model_v6,NoChainInfo,3,182,primary,K7DVA1
AF-A0A1W2PR11-F1-model_v6,NoChainInfo,25,204,primary,A0A1W2PR11
AF-O78182-F1-model_v6,NoChainInfo,2,179,primary,O78182
AF-F6IQM2-F1-model_v6,NoChainInfo,25,204,primary,F6IQM2
AF-S6F453-F1-model_v6,NoChainInfo,25,204,primary,S6F453
AF-A0A583ZC08-F1-model_v6,NoChainInfo,25,204,primary,A0A583ZC08
AF-A0A866W3D0-F1-model_v6,NoChainInfo,25,203,primary,A0A866W3D0
AF-Q30182-F1-model_v6,NoChainInfo,25,204,primary,Q30182
AF-A0A0G2JPQ3-F1-model_v6,NoChainInfo,30,209,primary,A0A0G2JPQ3
AF-C5IYE7-F1-model_v6,NoChainInfo,25,204,primary,C5IYE7
AF-A0A0G2JIF0-F1-model_v6,NoChainInfo,25,204,primary,A0A0G2JIF0
AF-A0A866W3Y5-F1-model_v6,NoChainInfo,25,204,primary,A0A866W3Y5
AF-Q29932-F1-model_v6,NoChainInfo,25,204,primary,Q29932
AF-Q1XDY2-F1-model_v6,NoChainInfo,25,204,primary,Q1XDY2
AF-A0A141MJG6-F1-model_v6,NoChainInfo,25,204,primary,A0A141MJG6
AF-Q546I9-F1-model_v6,NoChainInfo,25,204,primary,Q546I9
AF-A0A346XQV8-F1-model_v6,NoChainInfo,25,204,primary,A0A346XQV8
AF-S6FM53-F1-model_v6,NoChainInfo,25,204,primary,S6FM53
AF-Q8SP62-F1-model_v6,NoChainInfo,2,179,primary,Q8SP62
AF-A0A583ZBW7-F1-model_v6,NoChainInfo,26,204,primary,A0A583ZBW7
AF-A0A140T937-F1-model_v6,NoChainInfo,25,204,primary,A0A140T937
AF-Q8SNA8-F1-model_v6,NoChainInfo,2,179,primary,Q8SNA8
AF-A0A140T9Y5-F1-model_v6,NoChainInfo,36,215,primary,A0A140T9Y5
AF-Q7YQB2-F1-model_v6,NoChainInfo,25,204,primary,Q7YQB2
AF-C1K0Y1-F1-model_v6,NoChainInfo,25,204,primary,C1K0Y1
AF-A0A583ZBE1-F1-model_v6,NoChainInfo,25,204,primary,A0A583ZBE1
AF-A0A8F4GDV6-F1-model_v6,NoChainInfo,2,179,primary,A0A8F4GDV6
AF-Q5W3L5-F1-model_v6,NoChainInfo,25,204,primary,Q5W3L5
AF-A0A4D6P130-F1-model_v6,NoChainInfo,25,204,primary,A0A4D6P130
AF-A0A583ZC31-F1-model_v6,NoChainInfo,25,204,primary,A0A583ZC31
AF-A0A140T912-F1-model_v6,NoChainInfo,25,204,primary,A0A140T912
AF-A0A140T962-F1-model_v6,NoChainInfo,25,204,primary,A0A140T962
AF-Q5RJ85-F1-model_v6,NoChainInfo,30,209,primary,Q5RJ85
AF-Q29985-F1-model_v6,NoChainInfo,25,204,primary,Q29985
AF-A0A583ZC12-F1-model_v6,NoChainInfo,25,204,primary,A0A583ZC12
AF-A0A8F4GAC3-F1-model_v6,NoChainInfo,25,204,primary,A0A8F4GAC3
AF-O19677-F1-model_v6,NoChainInfo,6,185,primary,O19677
AF-A0A0G2JH50-F1-model_v6,NoChainInfo,25,204,primary,A0A0G2JH50
AF-A3F718-F1-model_v6,NoChainInfo,11,190,primary,A3F718
AF-C5J403-F1-model_v6,NoChainInfo,25,204,primary,C5J403
AF-C6K6J1-F1-model_v6,NoChainInfo,25,204,primary,C6K6J1
AF-Q29941-F1-model_v6,NoChainInfo,25,203,primary,Q29941
AF-A0A2I8B374-F1-model_v6,NoChainInfo,25,204,primary,A0A2I8B374
AF-A0A583ZC24-F1-model_v6,NoChainInfo,25,204,primary,A0A583ZC24
AF-Q9MY34-F1-model_v6,NoChainInfo,25,204,primary,Q9MY34
AF-A0A858LG55-F1-model_v6,NoChainInfo,25,204,primary,A0A858LG55
AF-Q6UV35-F1-model_v6,NoChainInfo,25,204,primary,Q6UV35
AF-A0A583ZBE6-F1-model_v6,NoChainInfo,25,204,primary,A0A583ZBE6
AF-Q8MH48-F1-model_v6,NoChainInfo,25,204,primary,Q8MH48
AF-O19617-F1-model_v6,NoChainInfo,25,204,primary,O19617
AF-A0A2R7Z5J3-F1-model_v6,NoChainInfo,25,203,primary,A0A2R7Z5J3
AF-A0A583ZBA0-F1-model_v6,NoChainInfo,25,204,primary,A0A583ZBA0
AF-Q9MYI6-F1-model_v6,NoChainInfo,25,203,primary,Q9MYI6
AF-A0A583ZBW2-F1-model_v6,NoChainInfo,4,183,primary,A0A583ZBW2
AF-Q5TK75-F1-model_v6,NoChainInfo,25,204,primary,Q5TK75
AF-A0A0A8LC14-F1-model_v6,NoChainInfo,25,204,primary,A0A0A8LC14
AF-Q95HC2-F1-model_v6,NoChainInfo,24,203,primary,Q95HC2
AF-Q5D1W8-F1-model_v6,NoChainInfo,25,204,primary,Q5D1W8
AF-A0A140T9B3-F1-model_v6,NoChainInfo,25,204,primary,A0A140T9B3
AF-A0A140T9H5-F1-model_v6,NoChainInfo,25,204,primary,A0A140T9H5
AF-C9E8V9-F1-model_v6,NoChainInfo,25,204,primary,C9E8V9
AF-Q9MYA2-F1-model_v6,NoChainInfo,25,204,primary,Q9MYA2
AF-Q2UV93-F1-model_v6,NoChainInfo,2,179,primary,Q2UV93
AF-Q53X46-F1-model_v6,NoChainInfo,25,204,primary,Q53X46
AF-Q95HL2-F1-model_v6,NoChainInfo,2,179,primary,Q95HL2
AF-A0A1V0E5B5-F1-model_v6,NoChainInfo,25,204,primary,A0A1V0E5B5
AF-Q29849-F1-model_v6,NoChainInfo,25,204,primary,Q29849
AF-Q8SNB1-F1-model_v6,NoChainInfo,2,179,primary,Q8SNB1
AF-C1K0Y0-F1-model_v6,NoChainInfo,25,204,primary,C1K0Y0
AF-A0A4Y5ULJ4-F1-model_v6,NoChainInfo,25,204,primary,A0A4Y5ULJ4
AF-A0A140T9J9-F1-model_v6,NoChainInfo,25,204,primary,A0A140T9J9
AF-A0A140T930-F1-model_v6,NoChainInfo,25,204,primary,A0A140T930
AF-A0A583ZBW3-F1-model_v6,NoChainInfo,25,204,primary,A0A583ZBW3
AF-A0A583ZBX2-F1-model_v6,NoChainInfo,25,204,primary,A0A583ZBX2
AF-A0A140T9U8-F1-model_v6,NoChainInfo,25,204,primary,A0A140T9U8
AF-Q29911-F1-model_v6,NoChainInfo,25,204,primary,Q29911
AF-A0A866W3F9-F1-model_v6,NoChainInfo,2,179,primary,A0A866W3F9
AF-A0A173AD40-F1-model_v6,NoChainInfo,25,204,primary,A0A173AD40
AF-Q6Q0M4-F1-model_v6,NoChainInfo,2,179,primary,Q6Q0M4
AF-A0A140T997-F1-model_v6,NoChainInfo,36,215,primary,A0A140T997
AF-Q5QT33-F1-model_v6,NoChainInfo,25,204,primary,Q5QT33
AF-Q95HN1-F1-model_v6,NoChainInfo,25,203,primary,Q95HN1
AF-A0A5C1JQH2-F1-model_v6,NoChainInfo,26,204,primary,A0A5C1JQH2
AF-A0A866W2K2-F1-model_v6,NoChainInfo,25,204,primary,A0A866W2K2
AF-A0A583ZBB1-F1-model_v6,NoChainInfo,22,201,primary,A0A583ZBB1
AF-F4NBP7-F1-model_v6,NoChainInfo,25,204,primary,F4NBP7
AF-Q8WLS1-F1-model_v6,NoChainInfo,25,204,primary,Q8WLS1
AF-O02927-F1-model_v6,NoChainInfo,2,179,primary,O02927
AF-O78164-F1-model_v6,NoChainInfo,25,204,primary,O78164
AF-Q2L6G3-F1-model_v6,NoChainInfo,25,204,primary,Q2L6G3
AF-O02923-F1-model_v6,NoChainInfo,2,179,primary,O02923
AF-O02929-F1-model_v6,NoChainInfo,2,179,primary,O02929
AF-O02924-F1-model_v6,NoChainInfo,2,179,primary,O02924
AF-O02928-F1-model_v6,NoChainInfo,2,179,primary,O02928
AF-A0A1L2BLQ5-F1-model_v6,NoChainInfo,2,179,primary,A0A1L2BLQ5
AF-A0A2Z4LG72-F1-model_v6,NoChainInfo,2,179,primary,A0A2Z4LG72
AF-Q2L6G2-F1-model_v6,NoChainInfo,25,204,primary,Q2L6G2
AF-A0A583ZBW8-F1-model_v6,NoChainInfo,25,204,primary,A0A583ZBW8
AF-O02926-F1-model_v6,NoChainInfo,2,179,primary,O02926
AF-A0A142JA41-F1-model_v6,NoChainInfo,25,204,primary,A0A142JA41
AF-O02925-F1-model_v6,NoChainInfo,2,179,primary,O02925
AF-A0A583ZC10-F1-model_v6,NoChainInfo,2,179,primary,A0A583ZC10
AF-Q2LC92-F1-model_v6,NoChainInfo,21,199,primary,Q2LC92
AF-A0A140T9J8-F1-model_v6,NoChainInfo,22,201,primary,A0A140T9J8
AF-S6BVK3-F1-model_v6,NoChainInfo,25,203,primary,S6BVK3
AF-A0A0G2JNV5-F1-model_v6,NoChainInfo,22,201,primary,A0A0G2JNV5
AF-D5H3J5-F1-model_v6,NoChainInfo,25,203,primary,D5H3J5
AF-A0A583ZBS2-F1-model_v6,NoChainInfo,25,204,primary,A0A583ZBS2
AF-A0A583ZBV7-F1-model_v6,NoChainInfo,2,179,primary,A0A583ZBV7
AF-Q8MGZ8-F1-model_v6,NoChainInfo,2,179,primary,Q8MGZ8
AF-C5IYE8-F1-model_v6,NoChainInfo,25,204,primary,C5IYE8
AF-Q29988-F1-model_v6,NoChainInfo,25,204,primary,Q29988
AF-A0A0B7MGD5-F1-model_v6,NoChainInfo,25,203,primary,A0A0B7MGD5
AF-P13747-F1-model_v6,NoChainInfo,22,200,primary,P13747
AF-Q860B7-F1-model_v6,NoChainInfo,2,179,primary,Q860B7
AF-Q29642-F1-model_v6,NoChainInfo,2,179,primary,Q29642
AF-Q29939-F1-model_v6,NoChainInfo,12,190,primary,Q29939
AF-P01893-F1-model_v6,NoChainInfo,25,204,primary,P01893
AF-A0A2Z4LG78-F1-model_v6,NoChainInfo,2,179,primary,A0A2Z4LG78
AF-A0A140T8X0-F1-model_v6,NoChainInfo,22,201,primary,A0A140T8X0
AF-A0A0G2JPA3-F1-model_v6,NoChainInfo,22,201,primary,A0A0G2JPA3
AF-A0A140T9V0-F1-model_v6,NoChainInfo,22,201,primary,A0A140T9V0
AF-Q861F0-F1-model_v6,NoChainInfo,18,197,primary,Q861F0
AF-D0EV57-F1-model_v6,NoChainInfo,22,201,primary,D0EV57
AF-A0A140T9B7-F1-model_v6,NoChainInfo,22,200,primary,A0A140T9B7
AF-Q861E9-F1-model_v6,NoChainInfo,18,197,primary,Q861E9
AF-A0A0G2JH66-F1-model_v6,NoChainInfo,22,201,primary,A0A0G2JH66
AF-P30511-F1-model_v6,NoChainInfo,22,201,primary,P30511
AF-A0A8C8PVM5-F1-model_v6,NoChainInfo,23,198,primary,A0A8C8PVM5
AF-A0AAQ5BHP7-F1-model_v6,NoChainInfo,26,201,primary,A0AAQ5BHP7
AF-C9JEV0-F1-model_v6,NoChainInfo,23,198,primary,C9JEV0
AF-A0AAQ5BHM4-F1-model_v6,NoChainInfo,26,201,primary,A0AAQ5BHM4
AF-F8W7W8-F1-model_v6,NoChainInfo,26,201,primary,F8W7W8
AF-H7C4K4-F1-model_v6,NoChainInfo,26,201,primary,H7C4K4
AF-Q30201-F1-model_v6,NoChainInfo,26,201,primary,Q30201
AF-Q4V753-F1-model_v6,NoChainInfo,29,206,primary,Q4V753
AF-Q4V9S8-F1-model_v6,NoChainInfo,29,206,primary,Q4V9S8
AF-Q8N5T0-F1-model_v6,NoChainInfo,7,183,primary,Q8N5T0
AF-C9JAK3-F1-model_v6,NoChainInfo,29,206,primary,C9JAK3
AF-Q6H3X3-F1-model_v6,NoChainInfo,29,206,primary,Q6H3X3
AF-P06126-F1-model_v6,NoChainInfo,23,199,primary,P06126
AF-Q5VY80-F1-model_v6,NoChainInfo,29,206,primary,Q5VY80
AF-Q9BZM5-F1-model_v6,NoChainInfo,29,206,primary,Q9BZM5
AF-A0A669KB34-F1-model_v6,NoChainInfo,24,199,primary,A0A669KB34
AF-Q9BZM4-F1-model_v6,NoChainInfo,31,207,primary,Q9BZM4
AF-Q9BZM6-F1-model_v6,NoChainInfo,30,206,primary,Q9BZM6
AF-Q9UNN8-F1-model_v6,NoChainInfo,24,202,primary,Q9UNN8
AF-P29016-F1-model_v6,NoChainInfo,24,200,primary,P29016
