pdb,chain,tstart,tend
7r7w,A,1,180
1a1o,A,3,180
7r7v,A,1,180
5ind,A,1,180
4pra,A,1,180
5xos,A,1,180
1zsd,A,1,180
3lkq,A,1,180
4pr5,A,1,180
8emg,A,1,180
2fyy,A,1,180
3lko,A,1,180
8enh,K,1,180
1a1n,A,1,180
1xh3,A,1,180
7x1c,A,1,180
8emi,A,1,180
8emj,A,1,180
7sih,A,1,180
8emk,A,1,180
2h6p,A,1,180
4lnr,A,1,180
5v5l,A,1,180
1zhl,A,1,180
7m8u,A,1,180
3lkp,A,1,180
4pre,A,1,180
7x00,A,1,180
4prd,A,1,180
5im7,C,1,180
6d2b,A,1,180
3dx7,A,1,180
8emf,A,1,180
1e27,A,1,180
3vft,A,1,180
5vwh,A,1,180
4prn,A,1,180
3vfs,A,1,180
3vfv,A,1,180
8en8,A,1,180
2nw3,A,1,180
3vfr,A,1,180
1zhk,A,1,180
8v51,A,1,180
3bw9,A,1,180
3lkr,A,1,180
3vfp,A,1,180
3vfw,A,1,180
7x1b,A,1,180
3bwa,A,1,180
8f5a,A,1,180
2fz3,A,1,180
3lkn,A,1,180
3vfm,A,1,180
5vwj,A,1,180
1n2r,A,1,180
7sig,A,1,178
2cik,A,3,180
6vb1,A,1,180
3vfo,A,1,180
8ref,A,1,180
7sif,A,1,180
8eo8,K,2,179
4jqx,A,1,180
3l3d,A,1,180
7r7x,A,1,180
8v4z,A,2,179
3dx8,A,1,180
4prb,A,1,180
6bxp,A,1,180
5t6w,A,1,180
2axg,A,1,180
3vfn,A,1,180
6bxq,B,1,180
3kpp,A,1,180
6uzp,A,1,180
5inc,C,1,180
2axf,A,1,180
2nx5,K,1,180
7yg3,A,1,180
1sys,A,1,180
6uzm,A,1,180
6uzq,A,1,180
7xf3,A,1,180
8v50,P,2,179
7r80,C,1,180
7r7y,A,1,180
5xot,A,1,180
2bvp,A,1,180
4qrr,A,1,180
5txs,A,1,180
6vb2,A,1,180
3x11,A,1,180
6d2t,A,1,180
6vb0,A,1,180
3l3k,A,1,180
6v2q,A,1,180
7wzz,A,1,180
3kpl,A,1,180
3vfu,A,1,180
8rcv,A,1,180
1syv,A,1,180
6v2o,A,1,180
5vud,A,1,180
6d2r,A,1,180
3mv7,A,1,180
6v2p,A,1,180
6vb5,A,1,180
8f7m,A,1,180
3l3j,A,1,180
5vuf,A,1,180
1e28,A,1,180
2ak4,F,1,180
3kpo,A,1,180
6vb6,A,1,180
5v5m,A,1,180
3kww,A,1,180
8rop,A,1,180
3kpr,A,1,180
3lks,A,1,180
6uzo,A,1,180
6uzs,A,1,180
8elh,A,1,180
5vvp,A,1,180
5vwd,A,1,180
7tuc,A,1,180
8elg,A,1,180
2rfx,A,1,180
3dx6,A,1,180
6uzn,A,1,180
6mtl,A,1,180
4jrx,A,1,180
3kps,A,1,180
5vue,A,1,180
6d29,A,1,180
1xr8,A,1,180
6vb3,A,2,181
4jqv,A,1,180
4jry,A,1,180
6vb7,A,1,180
2ypk,A,1,180
5t6y,A,1,180
6bj3,A,2,179
5t6x,A,1,180
3l3i,A,1,180
3c9n,A,1,180
6mt3,A,1,180
2hjk,A,3,180
3l3g,A,1,180
6vb4,A,1,180
6viu,A,1,180
4xxc,A,1,180
2hjl,A,1,180
3kpm,A,1,180
1m6o,A,1,180
8rng,A,1,180
5vwf,A,1,180
1xr9,A,1,180
1cg9,A,3,180
5t70,A,1,180
3ln4,A,1,179
3kxf,K,1,180
1a9b,A,3,180
2bvo,A,3,180
4o2c,A,1,180
6mt4,A,1,180
6mt5,A,1,180
9bl2,A,1,180
6mtm,A,1,178
8rnh,A,1,180
3upr,C,2,179
4o2f,D,1,180
5ieh,A,1,180
6mt6,A,1,180
3w39,A,2,181
3vrj,A,2,179
6bj2,A,1,180
8roo,A,1,180
1a9e,A,3,180
3ln5,A,1,179
6v3j,A,1,178
3kpq,A,1,180
4prp,A,1,180
6bj8,A,2,178
5iek,A,1,180
3kpn,A,1,180
3mv8,A,1,180
1age,A,1,179
7n2r,A,1,180
1w0w,A,1,180
5u98,A,2,179
5t6z,A,1,180
2ypl,A,1,180
6p2c,A,1,179
4o2e,D,1,180
3vri,A,2,179
4mji,F,1,180
4g9d,A,1,180
2bst,A,1,180
7cis,A,1,180
5deg,A,1,180
3bvn,D,1,180
7n2p,A,1,180
3vh8,D,1,178
1w0v,A,1,180
5eo0,A,1,179
6p2s,A,1,179
3x12,A,2,179
9bl3,A,1,178
4u1m,A,1,179
4prh,A,2,179
5b39,A,1,178
3b3i,A,1,180
6p23,A,1,179
4g8i,A,1,180
9bl4,A,1,180
5b38,A,1,180
7tud,A,1,180
8tub,J,1,179
6p27,A,1,179
6vpz,A,1,180
7s8a,A,1,179
3bxn,A,1,180
6pz5,A,1,180
4lcy,F,1,180
3dtx,A,1,180
5eo1,A,1,179
1agc,A,1,179
5wmp,A,1,179
6y26,A,1,180
6at5,A,1,179
1agb,A,1,179
2bss,A,1,180
6vq2,A,1,180
5vz5,A,1,180
7cir,A,1,180
7dyn,A,1,180
6p2f,A,1,179
1agf,A,1,179
1uxw,A,1,180
3wuw,A,1,180
2bsr,A,1,180
3dxa,K,1,180
5ib1,A,1,180
3b6s,A,1,180
7n2q,H,1,180
6pyj,A,1,180
5wmo,A,1,179
6y27,A,1,180
6y2b,A,1,180
1k5n,A,1,180
4pri,A,1,180
6pyw,A,1,180
4u1j,A,2,180
2bvq,A,3,180
1agd,A,1,179
4u1n,A,2,180
6pyv,A,1,180
7alo,D,1,180
5ib2,A,1,180
4u1i,A,2,180
3d18,A,1,180
5ib5,D,1,180
1uxs,A,1,180
4g9f,A,1,180
6y29,A,1,180
6vqd,A,1,180
7n2s,A,1,180
6uj9,A,2,180
7ciq,A,1,180
3vcl,A,1,179
6vmx,A,1,179
6vqe,A,1,180
7s7e,A,1,179
3hcv,A,1,180
5ib4,A,1,180
7lgt,A,1,180
6y28,A,1,180
7rzd,A,1,180
1of2,A,1,180
7rzj,A,1,180
1ogt,A,1,180
6vqz,A,1,180
2a83,A,1,180
6y2a,A,1,180
6avf,H,1,180
1jge,A,1,180
7n2n,A,1,180
3mv9,A,1,180
6uj7,D,1,179
7lfz,A,1,180
5def,A,1,180
7dzn,A,1,179
7s8f,A,1,180
4g8g,A,1,180
3czf,A,1,180
4u1h,A,2,180
1efx,A,1,180
7s8e,A,1,180
8cx4,A,1,180
7s79,A,1,180
3bp4,A,1,180
7n2o,A,1,180
4u1s,A,2,180
3bp7,A,1,180
5ib3,A,1,180
8ye4,C,1,180
7t0l,D,1,180
7s7f,A,1,179
3lv3,A,1,180
7s7d,A,1,180
4u1l,D,2,180
6vqy,C,1,180
8tuh,A,1,179
6iex,A,1,179
7dzm,A,2,180
6id4,A,1,180
6avg,F,1,179
4u1k,D,2,180
5wmn,A,1,179
6uj8,D,2,178
6jto,A,2,179
6pyl,A,1,180
3rwc,A,1,180
7su9,A,2,179
8xes,A,1,180
5w69,C,2,179
5hgd,A,1,180
4l29,C,1,180
5hgb,G,1,180
5wxc,C,1,180
1jgd,A,1,178
3rwf,A,1,180
5w6a,A,2,179
7wt3,D,2,181
9c6v,A,116,295
7wt4,D,2,181
7wt5,D,2,179
8i5e,H,1,180
7bbg,A,1,180
8ryq,F,1,180
7jyv,A,1,180
7q9a,A,1,180
9c6w,B,112,291
7lg0,A,1,180
7rk7,A,1,180
1hsa,A,3,180
7ow3,J,1,180
8ryp,A,1,180
5hhm,F,1,180
8xg2,A,1,180
9c6x,A,117,296
7mja,A,1,180
4zuv,D,1,180
3rwh,A,1,180
6uli,A,2,179
4f7m,A,1,180
5wkf,A,1,180
2gtw,D,1,180
8wte,H,1,180
7dc6,A,1,180
3pwl,A,1,180
8rji,A,1,180
3vxm,A,1,180
5wwj,A,1,180
1hhk,D,1,180
7lgd,A,1,180
3rwe,A,1,180
6jtp,A,2,179
6uln,A,2,179
3pwn,A,1,180
5jhd,F,1,180
7ow4,J,1,180
4l3c,G,1,180
4f7t,D,1,180
4hx1,A,1,180
4nt6,A,1,180
4zuu,A,1,180
4zuw,A,1,180
2gt9,D,1,180
6ptb,D,1,180
8tmu,A,1,180
1zvs,A,1,180
6gl1,G,1,179
7nmd,D,1,180
6jtn,A,2,179
5wjn,A,1,180
7wj3,A,2,179
7jyu,D,1,180
6am5,A,1,180
2v2x,D,1,180
5xmf,A,1,179
8rjh,M,1,180
3rwi,A,1,180
8i5d,H,1,180
5euo,C,1,180
4jfq,A,1,180
1qr1,A,1,180
5xmm,A,1,178
3x14,A,1,179
7stg,e,101,280
7srk,A,107,286
7n1b,A,1,180
8wul,O,1,180
4zut,A,1,180
1im3,I,1,178
1q94,D,1,180
4wu5,A,1,180
5hgh,A,1,180
3nfn,A,1,180
3rl1,A,1,180
3rwd,A,1,180
7wj2,A,1,180
5w67,A,2,179
5wkh,A,1,180
3wl9,A,1,180
1ed3,A,1,179
2f53,A,1,180
3o3e,A,1,180
6rp9,A,1,180
7rtr,A,1,180
5xov,A,1,180
4zus,A,1,180
6pag,A,2,179
7jyx,A,1,180
3bgm,A,1,180
7ejm,A,1,180
8vcl,A,1,180
3vxs,A,1,180
6xqa,D,1,180
6w51,A,1,180
7m8s,D,1,180
7n1e,A,1,180
5wwu,A,1,180
1b0g,A,1,180
3rew,A,1,180
7ejl,A,1,180
3bh8,A,1,180
5enw,A,1,180
5hga,A,1,180
4n8v,A,1,180
4nqv,E,1,180
7s8q,D,1,180
7xqu,A,1,179
7jyw,A,1,178
8tbw,A,1,180
7tlt,A,1,180
7uc5,D,1,180
6pbh,A,1,180
3hpj,D,1,180
8ryn,A,1,180
8ryo,A,1,180
7mle,A,1,180
7sr5,C,110,289
8eb2,D,1,180
8xfz,A,1,180
1qew,A,1,180
4no2,A,1,180
8xkc,A,1,180
5isz,A,1,180
3qfd,A,1,180
7q98,M,1,180
6ulk,A,2,179
5grg,A,1,180
3vxp,A,1,180
9dl1,B,1,180
2x4u,A,1,180
4hwz,A,1,180
1s9y,A,1,180
3d39,A,1,180
2gtz,D,1,180
3o3a,D,1,180
6pte,K,1,180
7nme,A,1,180
8rj5,F,1,180
3x13,A,1,179
7st3,G,106,285
3vxr,A,1,180
2git,A,1,180
8ht1,A,1,180
2x4o,A,1,180
5c09,F,1,180
7k80,D,1,180
8sbl,G,1,180
3qzw,A,1,180
1lp9,A,1,180
3mgt,J,1,180
3hae,J,1,178
6iwg,A,1,180
7nmg,A,1,180
7sa2,A,1,180
1tmc,A,1,175
8shi,A,2,177
5hhq,A,1,180
8i5c,A,1,180
3mgo,J,1,180
6uk2,A,1,180
2vll,D,1,180
6vr1,A,1,180
3rwg,A,1,180
4eup,A,1,180
3vxo,D,1,180
3bh9,A,1,180
3h7b,A,1,180
7mj7,A,1,180
8ek5,A,1,180
6ewc,E,1,180
7m8t,A,1,180
6vqo,F,2,179
2d31,D,1,180
1hsb,A,1,180
6uon,A,2,179
5f9j,A,1,180
7l1c,A,1,180
7s8s,A,1,180
3vxn,A,1,180
1bd2,A,1,180
3o3d,A,1,180
4uq3,C,1,180
5yxu,C,1,180
7ejn,A,1,180
7nmf,A,1,180
3i6l,D,1,180
8isn,D,1,180
7lg2,A,1,180
6o4z,A,1,180
4wu7,D,1,180
2av1,D,1,180
1i1f,A,1,180
3o3b,A,1,180
1tvb,A,1,180
8rym,A,1,180
3sko,A,1,176
9asg,A,1,180
4f7p,A,1,180
8hn4,A,2,179
1eez,A,1,180
4k7f,D,1,180
1t20,A,1,180
7u21,A,1,180
6vm8,A,1,180
4wuu,A,1,180
2x4s,A,1,180
6z9w,D,1,180
3jtt,A,1,180
2p5e,A,1,180
7u1r,A,1,180
9asf,A,1,180
1leg,A,1,179
2clr,A,1,180
1duy,D,1,180
8e8i,A,1,179
4qrp,F,1,179
4no3,A,1,180
1s9x,A,1,180
1hhi,D,1,180
1i7r,A,1,180
6p64,A,1,180
7re8,D,1,180
1t1y,A,1,180
1tvh,A,1,180
3gjf,D,1,180
5wmr,A,1,170
6gh4,A,1,179
5wxd,A,1,180
1t22,A,1,180
6tdr,A,1,180
4uq2,A,1,180
4jfe,A,1,180
7qpj,C,1,180
3w0w,A,1,180
3skm,A,1,173
7n1f,A,1,180
3i6k,A,1,180
1fzj,A,1,178
6jp3,A,1,180
4e5x,D,1,180
2guo,D,1,180
1t1w,A,1,180
8tbv,A,1,180
3rwj,A,1,180
6ewa,E,1,180
4i48,A,1,180
6rsy,F,1,180
7xqs,A,1,178
2av7,A,1,180
3d3v,A,1,180
8e13,A,1,179
1hhh,A,1,180
6nf7,G,1,179
4jfp,A,1,180
8dvg,A,1,180
4qrq,A,1,172
7lg3,A,1,180
6o4y,A,1,180
3vxu,A,1,180
1im9,E,1,180
6opd,A,1,180
7s8r,D,1,180
6tdq,A,1,180
2uwe,A,1,180
2x70,D,1,180
5n6b,A,1,180
1s7r,D,1,179
3spv,A,1,179
7ssh,O,111,290
7p4b,E,1,179
6j1w,A,1,180
3giv,A,1,180
2j8u,A,1,180
3pwj,A,1,180
3qfj,A,1,180
3v5d,D,1,180
6vr5,D,1,180
5wsh,A,1,180
7f4w,C,6,185
5jzi,F,1,180
3d25,A,1,180
5grd,A,1,180
5gsd,A,1,180
4mj5,A,1,180
3wlb,A,1,180
7kgo,A,1,180
3mrj,A,1,180
7tr4,A,1,180
2v2w,D,1,180
7byd,F,1,180
5hho,A,1,180
2pye,A,1,180
7um2,A,1,180
3bhb,A,1,180
5hhn,A,1,180
4mj6,A,1,180
7rtd,A,1,180
1w72,D,1,180
4jfo,D,1,180
7mj9,A,1,180
1qvo,A,1,180
8rbv,A,2,181
5e9d,A,1,180
6eny,F,1,178
6j1v,A,1,180
1qsf,A,1,180
8hso,A,1,180
6nca,T,1,180
4nqx,E,1,180
1t1x,A,1,180
8u9g,D,1,180
3v5k,D,1,180
2x4q,D,1,180
2x4r,A,1,180
6ewo,A,1,180
7p49,A,1,179
6lah,C,2,181
2clv,A,1,179
1fzo,A,1,178
1kbg,H,1,178
6m24,A,1,180
2xpg,A,1,180
7q99,A,1,180
4qrt,A,1,179
7re7,A,1,180
5fdw,A,1,180
1fzm,A,1,178
6gh1,A,1,179
1duz,A,1,180
1eey,D,1,180
8gom,A,1,180
1t1z,A,1,180
6ujq,A,1,180
6uz1,A,1,180
8zv9,D,2,181
6rpb,K,1,180
6j2h,D,2,178
1jf1,A,1,180
6amt,A,1,180
1ao7,A,1,180
5hhp,A,1,180
3mri,A,1,180
3fqu,A,1,180
3qeq,A,1,180
5yxn,C,1,180
6o9b,A,2,180
7sr3,C,114,293
4l3e,A,1,180
8udr,A,1,180
2x4p,D,1,180
2bnr,A,1,180
8vjz,A,1,180
9bl6,A,1,180
3gsx,A,1,180
7kgr,A,1,180
6z9x,D,1,180
7sis,A,1,180
7l1b,A,1,180
2vaa,A,1,178
3i6g,D,1,180
7n6d,A,1,180
5swq,A,1,180
8yj2,A,1,180
1s7q,A,1,178
7kgt,A,1,180
3mrf,A,1,180
4no5,A,1,180
3pwp,A,1,180
1n59,C,1,179
1oga,A,1,180
4qru,A,1,179
6tmo,A,1,180
7kgs,A,1,180
5j6g,A,1,178
3gsr,A,1,180
3kla,A,1,180
1t21,A,1,180
1x7q,A,1,180
6lt6,A,1,180
7p3d,A,1,180
6ssa,A,1,180
7kgp,A,1,180
3ft3,A,1,180
3gsu,A,1,180
1i7t,D,1,180
1i7u,D,1,180
3ixa,A,1,180
7rm4,A,1,180
8sbk,A,1,180
6ss7,D,1,180
6lb2,A,2,181
5fa3,A,2,179
2f54,A,1,180
6o51,A,1,180
5wjl,A,1,180
4zfz,A,2,181
8tnj,A,110,287
5gr7,A,1,179
7xqt,A,1,179
4ftv,A,1,180
3gsv,A,1,180
1i1y,A,1,180
3mrr,A,1,180
3oxr,A,1,180
3qdm,A,1,180
1s8d,A,1,180
3jts,A,1,180
4qrs,A,1,179
5c0f,A,2,181
8t6m,E,1,180
5gsx,D,1,179
6joz,A,1,180
7cjq,A,1,179
3ft2,A,1,180
2jcc,A,1,180
5vge,A,2,179
2x4t,A,1,180
1akj,A,1,180
4jfd,A,1,180
6o9c,A,2,180
7sqp,C,113,291
6ggm,C,1,179
7duu,A,2,179
1qqd,A,2,179
3gsw,A,1,180
3pwv,D,2,178
6q3s,A,1,180
1vgk,A,1,179
5wwi,A,1,180
1hhg,A,1,180
3roo,A,1,178
8vra,A,1,180
5c0a,F,1,180
3o4l,A,1,180
6z9v,A,1,180
6lam,C,2,181
1rjy,A,1,179
2bck,D,1,180
3rol,A,1,178
3gsq,A,1,180
2hn7,A,1,180
1kpv,A,1,178
1s9w,A,1,180
5c07,A,1,180
3bo8,A,1,180
5d9s,A,1,180
2fo4,A,1,178
1lk2,A,1,178
7mkb,A,1,180
1osz,A,1,178
1rk0,A,1,178
3rl2,A,1,180
5c0b,F,1,180
3fqt,A,1,180
5j6h,A,1,179
4jff,A,1,180
5meo,A,1,180
5nmk,A,1,180
3mrc,A,1,180
4pgd,A,1,178
6vm7,A,1,180
9bl5,A,1,180
5eu6,A,1,180
1nan,H,1,179
3kyo,A,2,179
3mr9,A,1,180
1hhj,D,1,178
3mrm,A,1,180
3myj,A,1,180
8dnt,K,1,180
3p4n,D,1,179
1m05,C,1,171
3hla,A,1,180
5d2n,A,2,179
5vgd,A,2,179
6tds,C,1,180
4pg9,A,1,178
6rpa,A,1,180
1s7t,D,1,179
7sr0,A,110,289
7rrg,A,1,180
1bii,A,1,179
1fzk,A,1,178
3mre,A,1,180
1vad,A,1,178
8es8,N,1,180
1wbz,A,1,179
2x4n,A,1,180
9bla,A,1,178
5eu3,A,1,180
6iwh,A,1,180
5mer,A,1,180
1kpu,A,1,178
1lek,A,1,178
1rk1,A,1,179
8fu4,A,1,180
1i4f,A,1,180
8yiv,A,1,180
7p3e,D,1,180
7ur1,A,1,180
3uts,F,1,180
5n1y,A,2,181
7sr4,C,113,292
7n6e,A,1,180
1g7p,A,1,178
3gsn,H,1,180
6jq2,A,1,179
1qrn,A,1,180
6uk4,A,1,180
2bnq,A,1,180
5eu4,D,1,180
5mep,A,1,180
7t5m,C,1,180
7zuc,A,1,180
4pgb,D,1,179
1t0m,D,1,179
2hla,A,1,180
3mrg,A,1,180
4u6x,A,1,180
3fqw,A,1,180
3h9h,A,1,180
7phr,H,1,180
3v5h,A,1,180
4qok,A,1,180
7bh8,C,1,178
5ddh,A,1,180
1g7q,A,1,178
3mrh,A,1,180
2vab,A,1,178
5e00,A,1,180
8gon,A,1,180
5c0c,A,1,180
7kgq,A,1,180
8d5n,C,1,178
3pwu,A,2,178
4u6y,A,1,180
3ft4,A,1,180
3mrb,A,1,180
5tez,A,1,180
3utt,F,1,180
7wcy,A,1,178
6r2l,A,1,180
1s7s,A,1,178
6ss8,D,1,180
6ss9,A,1,180
6tro,A,2,179
6j2a,A,1,180
1nam,H,1,179
1ydp,A,2,176
3hg1,A,1,180
8rro,M,1,180
5f1i,S,1,180
8rlt,F,1,179
5f7d,A,2,179
8gvg,H,1,180
6k60,E,2,179
3mrn,A,1,180
6ei2,A,1,180
3to2,A,1,180
4wj5,D,1,180
2p5w,A,1,180
2vlj,A,1,180
5nq2,A,2,181
6o53,A,2,179
3gso,A,1,180
3mrq,A,1,180
2dyp,A,2,179
5c0g,A,1,180
3utq,A,1,180
3p4o,D,1,179
3p9m,D,1,179
6ulr,A,2,178
1bqh,A,1,178
6m2k,A,1,180
1qse,A,1,180
7mj6,A,1,180
6ujo,A,1,180
8rlv,A,1,179
1kjm,A,1,179
5ivx,A,1,178
3fqn,A,1,180
3fqx,A,1,180
3ox8,D,1,180
5c0e,A,2,181
3p4m,D,1,179
7ji2,A,1,179
1jht,A,1,180
3fon,C,1,179
5gsb,A,1,179
6m2j,A,1,178
4pv8,A,1,179
6l9l,E,1,175
1b0r,A,1,180
5kd7,C,2,177
5ts1,G,2,178
5gsr,A,1,179
1k8d,A,1,179
3mrl,A,1,180
8vr9,A,1,180
8vrb,A,1,180
3mro,A,1,180
6eqa,A,1,180
5nme,A,1,180
5swz,P,1,179
6amu,A,2,179
8gvi,H,1,180
6j29,A,1,180
4pge,A,1,178
3fqr,A,1,180
1inq,A,1,179
3qdj,A,1,180
1juf,A,1,179
2ol3,H,1,179
2zsv,C,1,179
9bl9,A,2,179
6vrm,A,2,179
4nnx,A,1,180
6trn,A,1,180
8es9,N,1,180
4i4w,A,1,180
5nmg,A,1,180
6j2j,D,1,182
6l9k,A,1,175
5trz,A,2,178
7mj8,A,1,180
3p9l,D,1,179
8fjb,A,1,180
8fja,A,1,180
2fwo,A,1,179
3h9s,A,1,180
5eu5,A,1,180
4l8b,A,1,179
7pbe,F,1,180
1t0n,D,1,179
6jq3,A,1,179
3mrk,A,1,180
6a6h,A,1,178
7ow6,A,1,180
1rjz,D,1,179
8esh,A,2,177
3ecb,A,2,178
5weu,A,2,178
5c08,A,1,180
6eqb,A,1,178
6gb6,D,1,179
4gks,D,1,180
5hyj,A,1,180
2clz,A,1,179
3c8k,A,1,179
4nny,A,1,180
6tdo,A,1,180
6tdp,A,1,180
8jhw,A,1,179
7ow5,A,2,179
4pv9,C,1,179
4z77,D,2,180
3pab,D,1,179
3ery,A,1,173
8rh6,A,1,180
6j2g,A,1,182
2oi9,A,1,175
8rne,F,1,179
2gj6,A,1,180
6j2i,D,4,185
8rnf,F,1,179
8d5e,A,2,178
8d5j,A,2,180
3mrp,A,1,180
3qdg,A,1,180
5c0d,A,1,180
5nmh,A,1,180
1mi5,A,1,179
8xke,A,1,180
4hs3,A,1,178
5c0i,A,2,181
3tid,A,1,179
8hsw,A,1,183
8frt,A,115,294
2e7l,E,1,175
7pb2,F,2,179
4huv,A,1,179
5nht,H,1,180
7jwi,A,1,179
2xfx,A,1,179
1vac,A,1,179
6aee,D,2,179
6j2e,D,1,182
6j2f,A,1,182
6ilg,A,1,182
6wl3,D,1,175
5fa4,A,2,179
7n1a,D,1,179
3ffc,F,1,179
8hsm,A,1,185
2c7u,A,1,180
2zsw,C,1,179
8gvb,H,2,177
3fol,A,1,178
6d78,A,1,180
5f1n,D,1,180
3e3q,P,1,175
5nqk,H,1,180
3am8,A,1,179
5m00,A,1,179
6apn,A,113,292
5wet,A,2,177
3fom,A,1,179
8gqv,A,1,180
6vma,A,3,180
6g3j,A,1,180
8e2z,A,1,173
5t7g,A,2,178
3oxs,A,1,180
5wmq,A,1,179
3sjv,F,1,179
6npr,C,2,178
7emb,A,1,180
5c0j,A,2,181
4hkj,A,1,179
6l9m,D,2,180
4pgc,A,1,179
6e1i,A,111,290
8d5q,C,1,175
8d5f,A,2,178
5eot,A,2,179
3mrd,A,1,180
5xs3,A,2,177
6lf9,D,1,180
6vmc,A,1,180
4gkn,A,1,180
5m01,A,1,179
2ve6,D,1,179
1kj3,H,2,180
8fhu,D,2,178
8d5k,A,1,179
8erx,A,1,180
5nmf,F,1,180
1mwa,H,1,179
6vrn,A,1,180
8rbu,A,1,180
6vm9,A,3,180
6l9n,G,2,180
5bs0,A,1,180
7wkj,A,1,180
1zt7,C,1,180
6g3k,D,1,180
4mnq,A,1,180
4hv8,C,1,179
3tie,D,1,179
3tjh,A,1,175
8tq9,A,2,177
1kj2,H,1,179
5meq,A,1,180
4no0,A,1,180
6k7t,A,1,182
5brz,A,1,180
5h94,D,1,180
5iue,I,1,180
8t7r,i,1,180
6pa1,A,2,177
3cvh,M,1,179
1qo3,A,2,178
7em9,A,1,180
3kyn,A,1,180
5m02,A,1,179
2vlk,A,1,180
7eu2,A,5,184
6zky,A,2,178
8jhv,D,1,179
4l8c,E,1,179
1fo0,H,3,179
8rlu,F,1,179
6wl2,G,1,176
4l8d,C,1,179
6ghn,A,1,179
7emc,D,1,180
6gb5,C,1,179
5wli,D,1,179
5mzm,A,1,176
4pg2,A,2,178
6zkw,A,2,178
6dkp,A,1,180
6g9q,A,1,179
4z76,A,3,180
6ilf,A,1,182
2qri,A,123,301
6q3k,A,2,181
5jwe,C,1,179
4n5e,A,2,174
5jwd,A,1,179
1ffo,D,2,178
8rhq,A,1,177
8p43,A,1,180
3cpl,A,1,179
6wl4,A,1,178
3quk,A,1,175
6gb7,E,1,175
1qlf,A,1,179
1s7v,D,1,179
4nhu,E,1,175
5wes,A,2,178
1p7q,A,1,180
2vlr,A,1,180
4wdi,D,2,180
8ht9,A,1,185
3dmm,A,2,178
1s7u,D,1,179
6ile,A,1,179
6j2d,A,2,181
6ilc,A,1,182
5w1v,A,2,177
3qq3,A,1,180
1s7w,J,1,179
5oqf,A,113,291
5oqi,A,113,290
5e8o,D,1,176
3tbv,E,1,179
3e6f,A,2,177
2ckb,I,1,179
1g6r,H,1,179
5men,A,1,180
1zt1,A,2,174
4huw,A,1,179
6kwl,A,1,180
6g9r,A,1,179
1s7x,D,1,179
2zok,E,2,178
5w1w,K,2,178
5oqh,A,113,291
8w6l,A,1,180
6kwk,A,1,180
3rgv,C,1,179
4z78,G,2,180
3ch1,G,1,175
7n5c,A,1,179
2qrt,B,123,301
3tby,D,1,179
8tq8,C,2,177
5d2l,C,2,179
7tue,A,1,180
5ylx,A,1,178
5nq1,A,2,181
7nui,A,1,180
4mxq,A,2,174
1n5a,D,1,179
1p4l,A,2,178
4huu,A,1,179
3pqy,F,2,178
2cii,A,1,179
7qpd,M,1,178
5nq3,A,2,181
7ema,A,1,180
3qq4,A,1,180
7n5q,F,1,179
3tf7,A,1,173
3qul,G,1,176
5e8n,A,1,175
8tq7,C,2,178
7qng,C,1,176
8umo,A,1,178
7p0a,A,1,175
3tbt,D,1,174
5gsv,A,1,179
5npz,A,2,181
7p0t,A,1,175
5sws,A,1,179
7emd,A,1,180
8jv0,D,1,180
2qrs,A,123,301
1yn7,A,2,178
7stf,A,2,179
1ce6,A,1,178
6mpp,A,1,178
1zhb,G,2,178
6at9,A,1,180
5til,D,2,178
3cc5,A,1,179
5wlg,F,1,179
8esb,A,1,180
1jpg,A,2,178
5vcl,A,1,178
1ktl,C,1,178
4mvb,A,2,174
5e8p,A,1,176
3tbw,A,1,179
3tbs,A,1,180
3cch,D,1,179
7n9j,A,2,178
6h6h,A,1,175
8gqw,A,1,180
6kwo,A,2,179
1ffn,D,2,178
1kpr,A,1,179
6kwn,A,1,180
3l3h,A,2,177
2zol,C,2,176
1wbx,A,2,178
1ldp,H,1,179
3e6h,A,2,177
3bze,E,2,178
3cdg,C,2,178
4nsk,A,1,179
6x00,A,2,180
6wzy,A,2,180
8fhl,A,2,171
6zkz,A,2,178
3e2h,A,1,175
7na5,A,2,178
5oqg,A,113,291
4iho,A,1,180
6h6d,D,1,175
3bzf,A,1,179
1n3n,A,1,179
6lf8,A,1,180
3vj6,A,1,180
1fg2,A,2,179
1hoc,A,1,179
4hux,A,3,179
8esa,A,1,180
1ffp,D,2,178
8ec5,A,1,161
3ws6,A,2,178
3buy,A,2,178
2esv,A,2,178
3tfk,A,2,174
2f74,D,1,179
3tpu,K,1,175
1bz9,A,2,178
1wby,A,2,178
1yn6,A,2,178
5nq0,A,1,178
7jwj,A,2,178
1ddh,A,3,179
5knm,A,1,180
3ws3,A,2,174
1mhe,C,2,178
1jpf,A,2,177
6mp1,A,113,288
5tje,A,2,178
3ftg,A,1,179
5kd4,A,2,178
5opi,A,1,178
7n5p,A,1,176
7n4k,A,1,176
3cii,D,2,178
2mha,C,1,180
3nwm,A,114,288
8tqa,A,2,174
6mp0,A,114,290
5e6i,R,1,176
4n0c,E,2,174
5iro,Q,1,180
5wer,A,2,178
1ld9,A,1,179
7lfm,A,1,180
7edo,A,1,183
6zkx,A,2,177
7lfk,D,1,180
7lfi,A,1,180
7lfl,A,1,180
1kjv,A,1,180
7lfj,A,1,180
4ms8,A,2,162
1mhc,A,1,180
9c3e,H,94,252
1hla,A,1,180
1nez,A,1,178
4g43,A,1,175
6xqp,A,1,175
5ymw,J,2,174
8kb0,D,1,178
4e0r,A,1,174
6lhg,D,1,175
5gjy,A,1,175
5gjx,A,1,175
8y74,A,2,176
8j4g,A,1,178
1p1z,A,2,160
5ymv,A,2,176
3bew,A,1,173
4cvx,A,1,174
4g42,A,3,174
6lbe,C,1,173
8jqt,A,1,178
4pjg,C,1,175
4d0d,J,1,173
7wbg,D,1,174
5h5z,A,1,176
4nqe,C,3,174
5u1r,C,3,176
6pui,A,3,176
5y91,A,1,175
4pjc,C,3,176
5d7i,C,1,175
3bev,A,1,173
4pji,C,1,175
5u16,A,3,176
6puc,A,3,176
4pjh,C,1,175
4l4t,C,3,174
6pud,A,3,176
6pum,A,3,176
9cgr,A,3,176
4nqd,C,3,174
6pvd,A,3,176
6pul,A,3,176
6puk,A,3,176
9btx,A,3,176
6puh,A,3,176
4nqc,A,3,176
4pj5,C,1,175
4pjx,C,3,176
6pue,A,3,176
9cgs,A,3,176
5u72,A,3,174
6puj,A,3,176
9bty,A,3,176
5acz,A,2,174
4d0b,A,1,175
9btz,A,3,176
6pvc,A,3,176
4l4v,A,1,174
6puf,A,3,176
4pje,C,1,175
5u6q,C,3,176
8kb1,A,1,178
4d0c,A,1,175
6lup,D,1,178
4cvz,A,2,173
6w9v,A,3,176
8kcv,A,1,176
4lcw,C,3,176
4pja,C,3,176
7zt3,A,2,178
4pj7,A,3,176
6w9u,A,3,176
7wbi,A,2,174
4pj9,A,3,176
6kyu,A,1,176
7zt8,A,3,178
5u17,C,3,174
5ad0,A,2,173
6pug,A,3,176
5u2v,A,3,176
5d7j,E,1,175
4pjf,C,1,175
4pjd,A,3,176
4cw1,A,1,175
7ufj,A,3,176
7zt2,A,1,175
6kx9,A,5,175
2yez,A,1,175
9bu0,C,1,175
7lli,C,3,178
6lhh,A,3,173
5d5m,A,1,175
6irl,A,5,177
8bp6,A,100,275
6lhf,D,1,175
4iiq,C,98,270
4l8s,C,105,277
7zt4,A,3,176
8y6x,A,3,176
7umg,A,2,176
7zt7,A,3,176
7zt5,A,3,176
5d7l,A,1,175
8wo9,A,2,175
4pj8,A,1,173
8vz8,A,2,174
1zs8,E,2,169
4pjb,A,3,176
8vz9,A,1,176
6a2b,A,1,177
7zqi,A,4,176
7zqj,A,4,176
4l9l,C,68,239
7llj,C,3,178
7zt9,A,3,174
7cpo,A,1,176
4gup,A,2,176
4lcc,C,86,255
3p77,A,2,176
3p73,A,3,179
6mwr,A,2,176
1t7y,A,2,175
1t80,A,2,175
1t7z,A,2,175
1t7v,A,2,175
1t7x,A,2,176
6r2u,F,2,175
1zag,C,1,177
1a6z,A,1,178
1t7w,A,2,175
3es6,A,6,179
1de4,A,1,178
7rno,A,2,175
1c16,A,1,163
1r3h,G,1,150
1ypz,A,1,165
6qio,B,1,172
6c97,A,2,171
1frt,A,6,177
7q15,A,1,173
3fru,E,3,177
4k71,E,2,171
4n0f,E,2,171
3jvg,B,2,173
3jtc,A,1,171
4n0u,A,2,171
6c99,A,3,172
5bjt,G,2,169
6wna,A,2,171
1lqv,A,1,171
6fgb,A,2,171
2wy3,A,3,173
6qip,B,1,172
1i1a,A,2,172
3u0p,E,2,167
4wo4,A,3,172
6bnl,A,1,175
6xng,A,1,176
5whk,A,2,159
7m72,A,1,176
4y2d,E,1,177
3ard,A,1,174
3quy,A,1,176
4mx7,A,2,175
1onq,A,2,173
8tlz,B,1,163
7oks,D,3,169
4s0u,C,1,174
6c98,C,2,169
6cyw,A,1,176
6nha,A,3,163
6miy,A,1,176
4y4k,A,1,179
6c6a,A,2,175
8dv3,A,3,179
6sny,B,2,168
2akr,C,2,175
8gle,A,6,179
3d2u,A,2,183
8tm0,C,1,161
4x6d,C,3,176
5fkp,A,1,169
6mji,A,1,176
6cug,A,4,178
7mxf,A,1,178
1kcg,C,1,170
3gmq,A,2,174
6mja,A,1,176
3qi9,A,3,176
3sda,A,2,175
3sdd,A,3,175
7mx4,A,1,178
3rug,C,2,174
3arb,A,1,173
4v3d,B,2,168
3tvm,A,1,176
6cw9,A,1,175
6mjq,A,1,176
6la6,E,2,171
3m17,G,2,171
3gml,A,2,175
3rzc,A,1,175
3ilq,C,2,171
3gmo,A,2,175
3ma7,A,2,175
4ww2,C,7,177
8tm2,C,1,164
3gmn,A,2,175
6c69,A,2,174
1xz0,C,2,175
3huj,C,3,174
6omg,A,1,176
3m1b,C,2,168
4elm,C,1,173
6mj6,A,1,176
6cwb,A,2,174
6cxa,A,2,174
6v7y,A,6,175
8dv4,A,1,177
6ojp,A,1,169
5wkg,A,3,179
6d64,A,6,179
2h26,A,6,179
3au1,A,2,174
2q7y,A,2,175
6mss,C,2,177
7ryn,A,3,173
6wol,A,2,169
3sdx,C,1,176
8glf,A,6,179
5efi,A,1,169
5vcj,A,2,174
8sgm,A,3,173
5wke,A,3,179
5l2j,A,3,179
4irs,A,1,176
6bmh,E,2,175
4mng,C,1,176
4ei5,E,2,175
5bxf,C,2,170
6ilm,E,2,171
2fik,A,2,167
6cx9,A,2,175
4y16,A,1,179
1je6,A,3,176
8glg,A,6,179
4x6c,C,3,174
4v3e,B,2,166
8glh,A,3,179
3tzv,C,2,172
1z5l,C,2,171
4y4h,A,2,175
4en3,C,2,169
3gmm,A,2,175
7okt,A,2,162
1exu,A,3,163
3gmp,A,2,175
6cxe,A,2,175
2gaz,A,2,171
8sos,A,2,175
3gmr,A,2,175
6mjj,A,2,175
5tw5,A,2,175
3o9w,A,1,176
5wl1,A,6,179
6cxf,A,2,174
4y4f,A,1,175
3ubx,A,3,176
1zt4,C,6,176
3o8x,A,2,174
6cx7,A,2,174
3ov6,A,106,279
3t8x,A,3,179
5l2k,A,3,179
7oku,A,3,171
6cwe,A,2,175
3tn0,A,2,174
1l8j,A,3,169
4irj,A,2,175
7sh4,A,2,167
6oor,A,2,175
1gzp,A,3,179
7ryo,A,2,176
7c9v,E,2,171
6v7z,C,1,176
6c6c,A,2,172
3qux,A,2,174
3sdc,A,2,174
6miv,A,2,175
6bmk,C,2,174
4lhu,A,4,176
8sgb,A,3,177
1gzq,A,4,180
7mxh,A,1,179
6la7,E,2,171
3t1f,A,2,170
1hyr,C,2,176
8gli,A,6,179
3scm,A,1,175
4ono,A,106,277
5tw2,A,2,176
4mq7,A,1,168
7okv,A,2,165
6a97,A,2,171
6c6e,A,2,175
6mj4,A,2,175
3l9r,G,4,179
4wwk,C,2,171
1zhn,A,2,172
3are,A,2,172
3vwk,A,2,171
6c6h,A,1,175
3ta3,A,2,174
5wki,A,1,172
6nux,A,2,167
8zox,A,3,176
3arf,A,2,173
6cw6,A,2,174
6bnk,E,2,173
6v80,A,1,177
7fi9,C,3,164
5j1a,A,2,168
2po6,A,4,176
3g08,A,2,169
1b3j,A,1,165
7kp0,A,2,169
4apq,A,2,175
3rtq,A,2,174
1cd1,C,1,178
7rym,A,2,171
6cx5,A,2,172
6c6j,A,2,173
4zak,A,2,174
7q5d,A,3,171
6c09,A,3,173
7kp1,A,3,171
5c9j,A,1,174
6c6f,A,1,171
3quz,A,2,174
3vwj,A,2,169
3ilp,A,2,169
3to4,A,2,171
4f7c,A,2,168
3arg,A,2,172
8c44,C,1,164
7fi6,C,1,164
6c5m,A,2,173
1uqs,A,4,180
8t4z,A,3,175
8gm8,A,1,172
7fi5,C,1,165
4x6e,A,3,164
3he6,A,2,168
7fi7,C,3,165
3he7,A,2,163
3s6c,A,103,269
7koz,A,2,166
7b5f,G,2,133
7fi8,C,3,164
4ffe,Z,2,150
4x6f,A,2,163
4f7e,A,2,172
3dbx,A,6,179
4pdc,F,2,150
6c15,A,3,169
7xxa,E,2,144
1jfm,B,1,174
3it8,L,2,177
4g59,A,2,161
1pqz,A,6,133
1u58,A,4,122
2o5n,B,16,167
4pp8,C,2,145
1a1m,A,1,180
2nyk,A,13,140
4jo8,A,9,158
