resname,chem_comp_type,chem_comp_name,missing_in_pdb,biopython_included
07P,non-polymer,"N-[(2S,3R)-10-[(1R,2R)-2-decylcyclopropyl]-1-(alpha-D-galactopyranosyloxy)-3-hydroxydecan-2-yl]hexacosanamide",,no
09N,non-polymer,"(11Z,14Z)-N-[(2S,3S,4R)-1-(alpha-D-galactopyranosyloxy)-3,4-dihydroxyoctadecan-2-yl]icosa-11,14-dienamide",,no
0SG,non-polymer,"N-{(2S,3R,4E)-1-[(3,6-di-O-sulfo-beta-D-galactopyranosyl)oxy]-3-hydroxyoctadec-4-en-2-yl}dodecanamide",,no
0SH,non-polymer,"N-[(2S,3S,4R)-1-(alpha-D-galactopyranosyloxy)-3,4-dihydroxyoctadecan-2-yl]hexadecanamide",,no
11D,non-polymer,11-({[5-(dimethylamino)naphthalen-1-yl]sulfonyl}amino)undecanoic,,no
12P,non-polymer,DODECAETHYLENE,,no
15P,non-polymer,POLYETHYLENE,,no
16A,non-polymer,CETYL-TRIMETHYL-AMMONIUM,,no
1KX,non-polymer,"{(1S,4R)-4-[2-amino-6-(cyclopropylamino)-9H-purin-9-yl]cyclopent-2-en-1-yl}methanol",,no
1L2,non-polymer,(2S)-3-(alpha-D-galactopyranosyloxy)-2-[(9Z)-octadec-9-enoyloxy]propyl,,no
1L9,non-polymer,"N-[(2S,3S,4R)-1-({6-O-[(4-chlorophenyl)carbamoyl]-alpha-D-galactopyranosyl}oxy)-3,4-dihydroxyoctadecan-2-yl]hexacosanamide",,no
1LA,non-polymer,"N-[(2S,3S,4R)-3,4-dihydroxy-1-{[6-O-(pyridin-4-ylcarbamoyl)-alpha-D-galactopyranosyl]oxy}octadecan-2-yl]hexacosanamide",,no
1O2,non-polymer,(2S)-3-(alpha-D-galactopyranosyloxy)-2-(hexadecanoyloxy)propyl,,no
1PE,non-polymer,PENTAETHYLENE,,no
1PG,non-polymer,2-(2-{2-[2-(2-METHOXY-ETHOXY)-ETHOXY]-ETHOXY}-ETHOXY)-ETHANOL,,no
1VY,non-polymer,"1-deoxy-1-(7-hydroxy-6-methyl-2,4-dioxo-3,4-dihydropteridin-8(2H)-yl)-D-ribitol",,no
1XL,non-polymer,"1-deoxy-1-[6-(hydroxymethyl)-2,4-dioxo-3,4-dihydropteridin-8(2H)-yl]-D-arabinitol",,no
2L4,non-polymer,"1-deoxy-1-({2,6-dioxo-5-[(E)-(2-oxoethylidene)amino]-1,2,3,6-tetrahydropyrimidin-4-yl}amino)-D-ribitol",,no
2LJ,non-polymer,"1-deoxy-1-({2,6-dioxo-5-[(E)-propylideneamino]-1,2,3,6-tetrahydropyrimidin-4-yl}amino)-D-ribitol",,no
2PE,non-polymer,NONAETHYLENE,,no
30W,non-polymer,"N-(6-formyl-4-oxo-3,4-dihydropteridin-2-yl)acetamide",,no
3AZ,peptide-like,3-(aminomethyl)benzoic,,no
3GB,non-polymer,"N-[(2S,3R,4E)-1-{[alpha-D-galactopyranosyl-(1->4)-beta-D-galactopyranosyl-(1->4)-beta-D-glucopyranosyl]oxy}-3-hydroxyoctadec-4-en-2-yl]hexacosanamide",,no
3GD,non-polymer,"N-[(2S,3R,4E)-1-{[4-O-(beta-D-galactopyranosyl)-beta-D-glucopyranosyl]oxy}-3-hydroxyoctadec-4-en-2-yl]docosanamide",,no
3GH,non-polymer,"N-{(2S,3R)-1-[(3-deoxy-alpha-D-xylo-hexopyranosyl)oxy]-3-hydroxyoctadecan-2-yl}hexacosanamide",,no
3IB,non-polymer,3-INDOLEBUTYRIC,,no
3IV,non-polymer,(11E)-hexadec-11-enoic,,no
3IY,non-polymer,[(2~{R})-1-dodecanoyloxy-3-[oxidanyl-[2-(trimethyl-$l^{4}-azanyl)ethoxy]phosphoryl]oxy-propan-2-yl],,no
3LY,non-polymer,"[(~{Z},2~{R},3~{S})-2-(hexadecanoylamino)-3-oxidanyl-octadec-4-enyl]",,no
3NI,non-polymer,NICKEL,,no
3TF,non-polymer,(2S)-1-(alpha-D-glucopyranosyloxy)-3-(hexadecanoyloxy)propan-2-yl,,no
3X9,L-peptide,n,,yes
3XU,non-polymer,"(4S,7S,23Z)-4-hydroxy-7-[(1S,2Z)-1-hydroxyhexadec-2-en-1-yl]-N,N,N-trimethyl-9-oxo-3,5-dioxa-8-aza-4-phosphadotriacont-",,no
42H,non-polymer,"(4R,7R,18Z)-4,7-dihydroxy-N,N,N-trimethyl-10-oxo-3,5,9-trioxa-4-phosphaheptacos-18-en-1-aminium",,no
48G,non-polymer,"N-[(2S,3S,4R)-3,4-dihydroxy-1-{[6-O-(naphthalen-1-ylcarbamoyl)-alpha-D-galactopyranosyl]oxy}octadecan-2-yl]hexacosanamide",,no
49M,non-polymer,"(1R)-1,5-anhydro-1-[(1E,3S,4S,5R)-4,5-dihydroxy-3-(nonacosanoylamino)nonadec-1-en-1-yl]-D-galactitol",,no
49X,non-polymer,"(1R)-1,5-anhydro-1-{(1E,3S,4S,5R)-4,5-dihydroxy-3-[(8-phenyloctanoyl)amino]nonadec-1-en-1-yl}-D-galactitol",,no
49Y,non-polymer,"(4Z)-9-[(1R,2R)-2-decylcyclopropyl]-N-[(2S,3S,4S)-1-(alpha-D-galactopyranosyloxy)-3,4-dihydroxyoctadecan-2-yl]non-4-enamide",,no
4GH,non-polymer,"N-{(2S,3R)-1-[(4-deoxy-alpha-D-xylo-hexopyranosyl)oxy]-3-hydroxyoctadecan-2-yl}hexacosanamide",,no
4LX,non-polymer,"N-[(2S,3S,4R)-1-(alpha-D-galactopyranosyloxy)-3,4-dihydroxyoctadecan-2-yl]hexacosanethioamide",,no
4MA,non-polymer,4-METHYLBENZOIC,,no
4OG,L-peptide,n,,yes
54G,non-polymer,2-hydroxy-5-methylbenzoic,,no
6F8,non-polymer,"3-[(8Z,11Z)-pentadeca-8,11-dien-1-yl]benzene-1,2-diol",,no
6FP,non-polymer,"2-amino-4-oxo-3,4-dihydropteridine-6-carbaldehyde",,no
6PL,non-polymer,"(4S,7R)-4-HYDROXY-N,N,N-TRIMETHYL-9-OXO-7-[(PALMITOYLOXY)METHYL]-3,5,8-TRIOXA-4-PHOSPHAHEXACOSAN-1-AMINIUM",,no
6UL,non-polymer,TETRACOSYL,,no
70E,non-polymer,"6-O-[(2R,3R)-3-hydroxy-2-tetradecyldocosanoyl]-alpha-L-idopyranose",,no
7DW,non-polymer,"11-(4-fluorophenyl)-N-[(2S,3S,4R)-1-(alpha-D-galactopyranosyloxy)-3,4-dihydroxyoctadecan-2-yl]undecanamide",,no
7LM,non-polymer,"N-[(2S,3S,4R)-1-(alpha-D-galactopyranosyloxy)-3,4-dihydroxy-16-phenylhexadecan-2-yl]octanamide",,no
7LP,non-polymer,"(5R,6S,7S)-5,6-dihydroxy-7-(octanoylamino)-N-(6-phenylhexyl)-8-{[(2S,3R,4S,5R,6R)-3,4,5-trihydroxy-6-(hydroxymethyl)tetrahydro-2H-pyran-2-yl]oxy}octanamide",,no
7PE,non-polymer,2-(2-(2-(2-(2-(2-ETHOXYETHOXY)ETHOXY)ETHOXY)ETHOXY)ETHOXY)ETHANOL,,no
7WO,non-polymer,2-hydroxynaphthalene-1-carbaldehyde,,no
7WP,non-polymer,"2,4-diaminopteridine-6-carbaldehyde",,no
7WQ,non-polymer,2-hydroxy-5-methoxybenzaldehyde,,no
7ZS,non-polymer,3-methanoyl-2-oxidanyl-benzoic,,no
A1AHF,non-polymer,N-[(2S)-3-oxo-1-(beta-L-talopyranosyloxy)octadecan-2-yl]docosanamide,,no
A1L2B,non-polymer,"[(2R,3S,4S,5R,6S)-3,4,5,6-tetrakis(oxidanyl)oxan-2-yl]methyl",,no
A1LXU,non-polymer,"5-(2-oxidanylidenepropyl)-8-[(2~{S},3~{S},4~{R})-2,3,4,5-tetrakis(oxidanyl)pentyl]-1,7-dihydropteridine-2,4,6-trione",,no
ABA,L-peptide,n,,yes
ACE,non-polymer,ACETYL,,no
ACT,non-polymer,ACETATE,,no
ACY,non-polymer,ACETIC,,no
AGH,D-saccharide,"N-{(1S,2R,3S)-1-[(ALPHA-D-GALACTOPYRANOSYLOXY)METHYL]-2,3-DIHYDROXYHEPTADECYL}HEXACOSANAMIDE",,no
ALA,L-peptide,y,,yes
ARG,L-peptide,y,,yes
ASN,L-peptide,y,,yes
ASP,L-peptide,y,,yes
B3P,non-polymer,"2-[3-(2-HYDROXY-1,1-DIHYDROXYMETHYL-ETHYLAMINO)-PROPYLAMINO]-2-HYDROXYMETHYL-PROPANE-1,3-DIOL",,no
BAL,peptide-like,BETA-ALANINE,,no
BGC,"D-saccharide,",linking,,no
BMA,"D-saccharide,",linking,,no
BME,non-polymer,BETA-MERCAPTOETHANOL,,no
BO3,non-polymer,BORIC,,no
BR,non-polymer,BROMIDE,,no
BTB,non-polymer,"2-[BIS-(2-HYDROXY-ETHYL)-AMINO]-2-HYDROXYMETHYL-PROPANE-1,3-DIOL",,no
C1Q,non-polymer,"N-{(1S,2S,3R)-1-[(alpha-D-galactopyranosyloxy)methyl]-2,3-dihydroxyheptadecyl}-10-phenyldecanamide",,no
C6Q,non-polymer,"N-{(1S,2S,3R)-1-[(alpha-D-galactopyranosyloxy)methyl]-2,3-dihydroxyheptadecyl}-6-phenylhexanamide",,no
C8F,non-polymer,"8-(4-fluorophenyl)-N-{(1S,2S,3R)-1-[(alpha-D-galactopyranosyloxy)methyl]-2,3-dihydroxyheptadecyl}octanamide",,no
C8P,non-polymer,"N-{(1S,2S,3R)-1-[(alpha-D-galactopyranosyloxy)methyl]-2,3-dihydroxyheptadecyl}-8-phenyloctanamide",,no
CA,non-polymer,CALCIUM,,no
CD,non-polymer,CADMIUM,,no
CD4,non-polymer,"(2R,5R,11R,14R)-5,8,11-trihydroxy-5,11-dioxido-17-oxo-2,14-bis(tetradecanoyloxy)-4,6,10,12,16-pentaoxa-5,11-diphosphatriacont-1-yl",,no
CDE,L-peptide,.,,no
CGL,non-polymer,CYSTINE-GLUTATHIONE,,no
CGU,L-peptide,n,,yes
CIR,L-peptide,n,,yes
CIS,non-polymer,"(15Z)-N-((1S,2R,3E)-2-HYDROXY-1-{[(3-O-SULFO-BETA-D-GALACTOPYRANOSYL)OXY]METHYL}HEPTADEC-3-ENYL)TETRACOS-15-ENAMIDE",,no
CIT,non-polymer,CITRIC,,no
CL,non-polymer,CHLORIDE,,no
CLR,non-polymer,CHOLESTEROL,,no
CO,non-polymer,COBALT,,no
CO3,non-polymer,CARBONATE,,no
CS,non-polymer,CESIUM,,no
CSO,L-peptide,n,,yes
CU,non-polymer,COPPER,,no
CUY,non-polymer,tetracosyl,,no
CYS,L-peptide,y,,yes
D10,non-polymer,DECANE,,no
D12,non-polymer,DODECANE,,no
D21,non-polymer,(2R)-1-(hexadecanoyloxy)-3-(phosphonooxy)propan-2-yl,,no
D3D,non-polymer,"(19S,22R,25R)-22,25,26-trihydroxy-16,22-dioxo-17,21,23-trioxa-22lambda~5~-phosphahexacosan-19-yl",,no
DAO,non-polymer,LAURIC,,no
DB3,non-polymer,"(11Z,14E)-N-[(2S,3S,4R)-1-(alpha-D-galactopyranosyloxy)-3,4-dihydroxyoctadecan-2-yl]icosa-11,14-dienamide",,no
DB6,non-polymer,"(11E,14E)-N-[(2S,3S,4R)-1-(alpha-D-glucopyranosyloxy)-3,4-dihydroxyoctadecan-2-yl]icosa-11,14-dienamide",,no
DIF,non-polymer,"2-[2,6-DICHLOROPHENYL)AMINO]BENZENEACETIC",,no
DMS,non-polymer,DIMETHYL,,no
DPN,D-peptide,.,,no
E7P,non-polymer,(2S)-2-amino-4-phosphonobutanoic,,no
EDO,non-polymer,"1,2-ETHANEDIOL",,no
EDT,non-polymer,{[-(BIS-CARBOXYMETHYL-AMINO)-ETHYL]-CARBOXYMETHYL-AMINO}-ACETIC,,no
EKG,non-polymer,"(2R)-2,3-dihydroxypropyl",,no
EL7,non-polymer,"N-[(2S,3S,4R)-3,4-dihydroxy-8-oxo-8-[(6-phenylhexyl)amino]-1-{[(2S,3R,4S,5R,6R)-3,4,5-trihydroxy-6-(hydroxymethyl)tetrahydro-2H-pyran-2-yl]oxy}octan-2-yl]heptadecanamide",,no
ELG,non-polymer,"(5R,6S,7S)-5,6-dihydroxy-7-(octanoylamino)-N-(3-pentylphenyl)-8-{[(2S,3R,4S,5R,6R)-3,4,5-trihydroxy-6-(hydroxymethyl)te",,no
ELM,non-polymer,"N-[(2S,3S,4R)-3,4-dihydroxy-8-oxo-8-[(6-phenylhexyl)amino]-1-{[(2S,3R,4S,5R,6R)-3,4,5-trihydroxy-6-(hydroxymethyl)tetra",,no
ELS,non-polymer,"N-[(2S,3S,4R)-3,4-dihydroxy-8-oxo-8-[(4-pentylphenyl)amino]-1-{[(2S,3R,4S,5R,6R)-3,4,5-trihydroxy-6-(hydroxymethyl)tetr",,no
EM4,non-polymer,"N-[(2S,3S,4R)-3,4-dihydroxy-8-oxo-8-[(6-phenylhexyl)amino]-1-{[(2S,3R,4S,5R,6R)-3,4,5-trihydroxy-6-(hydroxymethyl)tetrahydro-2H-pyran-2-yl]oxy}octan-2-yl]hexacosanamide",,no
EMC,non-polymer,ETHYL,,no
EMG,non-polymer,"N-[(2S,3S,4R)-3,4-dihydroxy-8-oxo-8-[(6-phenylhexyl)amino]-1-{[(2S,3R,4S,5R,6R)-3,4,5-trihydroxy-6-(hydroxymethyl)tetrahydro-2H-pyran-2-yl]oxy}octan-2-yl]icosanamide",,no
EPE,non-polymer,4-(2-HYDROXYETHYL)-1-PIPERAZINE,,no
EQY,non-polymer,methyl,,no
ER7,non-polymer,"1-[7-(3-fluorophenyl)-5-methyl[1,2,4]triazolo[1,5-a]pyrimidin-6-yl]ethan-1-one",,no
ERA,non-polymer,"(7Z,15E,17E)-N-[(2S,3S,4E)-1,3-dihydroxyoctadec-4-en-2-yl]tricosa-7,15,17-trienamide",,no
ESC,L-peptide,n,,yes
F2F,L-peptide,n,,yes
F57,non-polymer,(2R)-1-(decanoyloxy)-3-(phosphonooxy)propan-2-yl,,no
F61,non-polymer,"N-[(2S,3S,4R)-1-(alpha-D-galactopyranosyloxy)-3,4-dihydroxyoctadecan-2-yl]undecanamide",,no
FEE,non-polymer,"N-{(1S,2S,3R)-1-[(alpha-D-galactopyranosyloxy)methyl]-2,3-dihydroxyoctyl}tetracosanamide",,no
FJJ,non-polymer,"(5R,6S,7S)-5,6-dihydroxy-7-(octanoylamino)-N-[(1E)-4-phenylbutylidene]-8-{[(2S,3R,4S,5R,6R)-3,4,5-trihydroxy-6-(hydroxymethyl)tetrahydro-2H-pyran-2-yl]oxy}octanamide",,no
FJM,non-polymer,"(5R,6S,7S)-5,6-dihydroxy-7-(octanoylamino)-N-(8-phenyloctyl)-8-{[(2S,3R,4S,5R,6R)-3,4,5-trihydroxy-6-(hydroxymethyl)tetrahydro-2H-pyran-2-yl]oxy}octanamide",,no
FLC,non-polymer,CITRATE,,no
FME,L-peptide,n,,yes
FMT,non-polymer,FORMIC,,no
FO4,non-polymer,sphingomyelin,,no
FOF,non-polymer,"(2E,6E)-3,7,11-trimethyldodeca-2,6,10-trien-1-ol",,no
FRU,"D-saccharide,",linking,,no
FUC,"L-saccharide,",linking,,no
FUL,"L-saccharide,",linking,,no
GAL,"D-saccharide,",linking,,no
GCY,non-polymer,"N-[(2S,3R)-1-(beta-D-galactopyranosyloxy)-3-hydroxyoctadec-4-en-2-yl]tetracosanamide",,no
GIC,peptide-like,N-(2-aminoethyl)-N-(1H-indol-3-ylacetyl)glycine,,no
GLA,"D-saccharide,",linking,,no
GLC,"D-saccharide,",linking,,no
GLN,L-peptide,y,,yes
GLU,L-peptide,y,,yes
GLY,peptide,y,,yes
GM2,non-polymer,"N-[(1S,2S)-2-HYDROXY-1-({[(2R,3R,4S,5S,6R)-3,4,5-TRIHYDROXY-6-(HYDROXYMETHYL)TETRAHYDRO-2H-PYRAN-2-YL]OXY}METHYL)OCTADECYL]OCTADECANAMIDE",,no
GMM,non-polymer,GLUCOSE,,no
GOL,non-polymer,GLYCEROL,,no
GRN,non-polymer,2-phenyl-L-alanine,,no
GSH,non-polymer,GLUTATHIONE,,no
GSL,non-polymer,"(2S,3R)-3-HYDROXY-2-(TETRADECANOYLAMINO)OCTADECYL",,no
GUN,non-polymer,GUANINE,,no
H4S,non-polymer,"N-[(2S,3S,4R)-3,4-dihydroxy-1-{[(1S,2S,3R,4R,5S)-2,3,4,5-tetrahydroxycyclohexyl]amino}octadecan-2-yl]hexacosanamide",,no
H6N,non-polymer,Protocatechuic,,no
HEX,non-polymer,HEXANE,,no
HIS,L-peptide,y,,yes
HOH,non-polymer,WATER,,no
HP6,non-polymer,HEPTANE,,no
IGC,non-polymer,"N-[(1S,2R,3E)-1-({[ALPHA-D-GALACTOPYRANOSYL-(1->3)-BETA-D-GALACTOPYRANOSYL-(1->4)-BETA-D-GLUCOPYRANOSYL]OXY}METHYL)-2-H",,no
ILE,L-peptide,y,,yes
IMD,non-polymer,IMIDAZOLE,,no
IOD,non-polymer,IODIDE,,no
IPA,non-polymer,ISOPROPYL,,no
J76,non-polymer,"(5R,6S,7S)-5,6-dihydroxy-7-(octanoylamino)-N-(4-pentylphenyl)-8-{[(2S,3R,4S,5R,6R)-3,4,5-trihydroxy-6-(hydroxymethyl)te",,no
J81,non-polymer,"(5R,6S,7S)-5,6-dihydroxy-N-nonyl-7-(octanoylamino)-8-{[(2S,3R,4S,5R,6R)-3,4,5-trihydroxy-6-(hydroxymethyl)tetrahydro-2H-pyran-2-yl]oxy}octanamide",,no
JG5,non-polymer,Somapacitan,,no
JH0,non-polymer,"6-(HYDROXY-HEXADECANOYL-AMINO)-2-{[(4S)-2-(2-HYDROXY-PHENYL)-4,5-DIHYDRO-OXAZOLE-4-CARBONYL]-AMINO}-HEXANOIC",,no
JLS,non-polymer,"(15Z)-N-[(2S,3S,4R)-1-(alpha-D-galactopyranosyloxy)-3,4-dihydroxyoctadecan-2-yl]tetracos-15-enamide",,no
JSO,non-polymer,2-azanyl-6-methyl-3~{H}-pteridin-4-one,,no
JTD,non-polymer,"N-[(2S,3S,4R)-1-{[4-O-(cyclopropylmethyl)-alpha-D-galactopyranosyl]oxy}-3,4-dihydroxyoctadecan-2-yl]hexacosanamide",,no
JTG,non-polymer,"N-[(2S,3S,4R)-3,4-dihydroxy-1-{[4-O-(prop-2-en-1-yl)-alpha-D-galactopyranosyl]oxy}octadecan-2-yl]hexacosanamide",,no
JTJ,non-polymer,"N-[(2S,3S,4R)-3,4-dihydroxy-1-({4-O-[(4-methylphenyl)methyl]-alpha-D-galactopyranosyl}oxy)octadecan-2-yl]hexacosanamide",,no
JTM,non-polymer,"N-[(2S,3S,4R)-1-({4-O-[(4-chlorophenyl)methyl]-alpha-D-galactopyranosyl}oxy)-3,4-dihydroxyoctadecan-2-yl]hexacosanamide",,no
JTV,non-polymer,"N-{(2S,3S,4R)-1-[(4-O-benzyl-alpha-D-galactopyranosyl)oxy]-3,4-dihydroxyoctadecan-2-yl}hexacosanamide",,no
JU1,non-polymer,"N-[(2S,3S,4R)-1-({4-O-[(4-tert-butylphenyl)methyl]-alpha-D-galactopyranosyl}oxy)-3,4-dihydroxyoctadecan-2-yl]hexacosanamide",,no
JU4,non-polymer,"N-[(2S,3S,4R)-1-({4-O-[(3,4-dichlorophenyl)methyl]-alpha-D-galactopyranosyl}oxy)-3,4-dihydroxyoctadecan-2-yl]hexacosanamide",,no
JUD,non-polymer,"N-{(2S,3S,4R)-3,4-dihydroxy-1-[(4-O-{[4-(trifluoromethyl)phenyl]methyl}-alpha-D-galactopyranosyl)oxy]octadecan-2-yl}hexacosanamide",,no
K,non-polymer,POTASSIUM,,no
KFP,D-peptide,n,,yes
KYN,L-peptide,n,,yes
L9Q,non-polymer,(1S)-2-{[(S)-(2-aminoethoxy)(hydroxy)phosphoryl]oxy}-1-[(octadecanoyloxy)methyl]ethyl,,no
L9R,non-polymer,(2S)-3-(octadecanoyloxy)-2-[(9Z)-octadec-9-enoyloxy]propyl,,no
LEU,L-peptide,y,,yes
LGN,non-polymer,"N-[(2S,3R,4E)-1-{[alpha-D-galactopyranosyl-(1->3)-beta-D-galactopyranosyl-(1->4)-beta-D-glucopyranosyl]oxy}-3-hydroxyoctadec-4-en-2-yl]hexacosanamide",,no
LLP,L-peptide,n,,yes
LMR,non-polymer,(2S)-2-hydroxybutanedioic,,no
LPH,L-peptide,.,,no
LSC,non-polymer,"(4R,7R,18E)-4,7-dihydroxy-N,N,N-trimethyl-10-oxo-3,5,9-trioxa-4-phosphaheptacos-18-en-1-aminium",,no
LYS,L-peptide,y,,yes
MAN,"D-saccharide,",linking,,no
MES,non-polymer,2-(N-MORPHOLINO)-ETHANESULFONIC,,no
MET,L-peptide,y,,yes
MG,non-polymer,MAGNESIUM,,no
MK0,non-polymer,"1-O-[(S)-hydroxy{[(4S,8S,16S,20S)-4,8,12,16,20-pentamethylheptacosyl]oxy}phosphoryl]-beta-D-mannopyranose",,no
MLA,non-polymer,MALONIC,,no
MLI,non-polymer,MALONATE,,no
MLT,non-polymer,D-MALATE,,no
MN,non-polymer,MANGANESE,,no
MOV,non-polymer,AMG,,no
MPD,non-polymer,"(4S)-2-METHYL-2,4-PENTANEDIOL",,no
MPO,non-polymer,3[N-MORPHOLINO]PROPANE,,no
MRD,non-polymer,"(4R)-2-METHYLPENTANE-2,4-DIOL",,no
MSE,L-peptide,n,,yes
MVV,non-polymer,(2R)-1-(alpha-D-glucopyranosyloxy)-3-(octadecanoyloxy)propan-2-yl,,no
MW9,non-polymer,"(21R,24R,27S)-24,27,28-trihydroxy-18,24-dioxo-19,23,25-trioxa-24lambda~5~-phosphaoctacosan-21-yl",,no
MX7,NA,NA,4mx7,no
MYR,non-polymer,MYRISTIC,,no
N18,non-polymer,methyl,,no
N36,non-polymer,3-ethoxy-4-hydroxybenzaldehyde,,no
N57,non-polymer,"(2S,3S,4R)-2-amino-3,4-dihydroxyoctadecyl",,no
NA,non-polymer,SODIUM,,no
NAG,"D-saccharide,",linking,,no
NCA,non-polymer,NICOTINAMIDE,,no
NDG,"D-saccharide,",linking,,no
NHE,non-polymer,2-[N-CYCLOHEXYLAMINO]ETHANE,,no
NI,non-polymer,NICKEL,,no
NIY,L-peptide,n,,yes
NK,non-polymer,SALICYLALDEHYDE,,no
NLE,L-peptide,n,,yes
NO3,non-polymer,NITRATE,,no
NVA,L-peptide,n,,yes
OCA,non-polymer,OCTANOIC,,no
OLA,non-polymer,OLEIC,,no
OSE,L-peptide,n,,yes
OVV,non-polymer,3-methylbenzoic,,no
OYD,non-polymer,"6-[(5-hydroxypentyl)amino]-5-[(E)-propylideneamino]pyrimidine-2,4(1H,3H)-dione",,no
OYG,non-polymer,"6-methyl-5-[(1E)-3-oxobut-1-en-1-yl]pyrimidine-2,4(1H,3H)-dione",,no
OYV,non-polymer,"1,2-dideoxy-1-{2,6-dioxo-5-[(1E)-3-oxobut-1-en-1-yl]-1,2,3,6-tetrahydropyrimidin-4-yl}-D-ribo-hexitol",,no
OZD,non-polymer,"6-[(2-hydroxyethyl)amino]-5-[(E)-(2-oxopropylidene)amino]pyrimidine-2,4(1H,3H)-dione",,no
P1J,non-polymer,"N-(2,6-dioxo-1,2,3,6-tetrahydropyrimidine-4-carbonyl)-beta-alanine",,no
P4G,non-polymer,1-ETHOXY-2-(2-ETHOXYETHOXY)ETHANE,,no
P50,non-polymer,"(19S,22S,25R)-25-amino-22-hydroxy-16,22,26-trioxo-17,21,23-trioxa-22lambda~5~-phosphahexacosan-19-yl",,no
P6G,non-polymer,HEXAETHYLENE,,no
PBS,non-polymer,"(2S,3S,4R)-N-OCTANOYL-1-[(ALPHA-D-GALACTOPYRANOSYL)OXY]-2-AMINO-OCTADECANE-3,4-DIOL",,no
PC6,non-polymer,"7-[(DODECANOYLOXY)METHYL]-4-HYDROXY-N,N,N-TRIMETHYL-9-OXO-3,5,8-TRIOXA-4-PHOSPHADOTRIACONTAN-1-AMINIUM",,no
PCA,L-peptide,n,,yes
PE8,non-polymer,"3,6,9,12,15,18,21-HEPTAOXATRICOSANE-1,23-DIOL",,no
PEG,non-polymer,DI(HYDROXYETHYL)ETHER,,no
PEU,non-polymer,"2,5,8,11,14,17,20,23,26,29,32,35,38,41,44,47,50,53,56,59,62,65,68,71,74,77,80-HEPTACOSAOXADOOCTACONTAN-82-OL",,no
PFF,L-peptide,n,,yes
PG4,non-polymer,TETRAETHYLENE,,no
PGE,non-polymer,TRIETHYLENE,,no
PHE,L-peptide,y,,yes
PIE,non-polymer,1-palmitoyl-2-oleoyl-sn-glycero-3-phosphoinositol,,no
PII,non-polymer,"2-[(HYDROXY{[(2R,3R,5S,6R)-2,3,4,5,6-PENTAHYDROXYCYCLOHEXYL]OXY}PHOSPHORYL)OXY]-1-[(PALMITOYLOXY)METHYL]ETHYL",,no
PLM,non-polymer,PALMITIC,,no
PMK,non-polymer,"(4R,8S,16S,20R)-4,8,12,16,20-pentamethylheptacosyl",,no
PO4,non-polymer,PHOSPHATE,,no
POV,non-polymer,(2S)-3-(hexadecanoyloxy)-2-[(9Z)-octadec-9-enoyloxy]propyl,,no
PPI,non-polymer,PROPANOIC,,no
PRO,L-peptide,y,,yes
PRQ,L-peptide,.,,no
PRV,L-peptide,n,,yes
PRW,non-polymer,"(2R,3R)-4-AMINO-2,3-DIHYDROXYBUTANOIC",,no
PTY,non-polymer,PHOSPHATIDYLETHANOLAMINE,,no
PXL,non-polymer,3-HYDROXY-5-(HYDROXYMETHYL)-2-METHYLISONICOTINALDEHYDE,,no
Q7J,non-polymer,"1,4-dideoxy-1-({2,6-dioxo-5-[(E)-(2-oxopropylidene)amino]-1,2,3,6-tetrahydropyrimidin-4-yl}amino)-D-erythro-pentitol",,no
Q7P,non-polymer,"6-[(4-hydroxybutyl)amino]-5-[(E)-(2-oxopropylidene)amino]pyrimidine-2,4(1H,3H)-dione",,no
Q7S,non-polymer,"6-[(3-hydroxypropyl)amino]-5-[(E)-(2-oxopropylidene)amino]pyrimidine-2,4(1H,3H)-dione",,no
Q81,non-polymer,"1,3-dideoxy-1-({2,6-dioxo-5-[(E)-(2-oxopropylidene)amino]-1,2,3,6-tetrahydropyrimidin-4-yl}amino)-D-erythro-pentitol",,no
Q84,non-polymer,"1,2-dideoxy-1-({2,6-dioxo-5-[(E)-(2-oxopropylidene)amino]-1,2,3,6-tetrahydropyrimidin-4-yl}amino)-D-erythro-pentitol",,no
Q87,non-polymer,"1-deoxy-1-({2,6-dioxo-5-[(E)-(2-oxopropylidene)amino]-1,2,3,6-tetrahydropyrimidin-4-yl}amino)-D-ribitol",,no
QCN,non-polymer,(2~{S})-2-azanyl-3-(3-~{tert}-butyl-4-oxidanyl-phenyl)propanal,,no
QM8,L-peptide,n,,yes
QMB,L-peptide,n,,yes
QOD,non-polymer,"(3R)-N-[(2S,3R)-1-(alpha-D-galactopyranosyloxy)-3-hydroxy-15-methylhexadecan-2-yl]-3-hydroxyheptadecanamide",,no
QUV,non-polymer,"N-[(2S,3S,4R)-1-({6-deoxy-6-[(naphthalen-1-ylcarbamoyl)amino]-alpha-D-galactopyranosyl}oxy)-3,4-dihydroxyoctadecan-2-yl]hexacosanamide",,no
QUX,non-polymer,"N-[(3S,4S,5R)-4,5-dihydroxy-1-[(2R,3R,4R,5R,6R)-3,4,5-trihydroxy-6-(hydroxymethyl)oxan-2-yl]nonadecan-3-yl]hexacosanamide",,no
QUY,non-polymer,"(2S,3R,4S,5R,6S)-6-[(2S,3S,4R)-2-(hexacosanoylamino)-3,4-dihydroxy-octadecoxy]-3,4,5-trihydroxy-N-(phenylmethyl)oxane-2-carboxamide",,no
QWV,non-polymer,"N-[(2S,3R)-3-hydroxy-1-{[6-O-(3-phenylpropanoyl)-alpha-D-galactopyranosyl]oxy}octadecan-2-yl]hexacosanamide",,no
R16,non-polymer,HEXADECANE,,no
R8F,non-polymer,"(1R,5S)-8-(9H-purin-6-yl)-2-oxa-8-azabicyclo[3.3.1]nona-3,6-diene-4,6-dicarbaldehyde",,no
SCN,non-polymer,THIOCYANATE,,no
SEP,L-peptide,n,,yes
SER,L-peptide,y,,yes
SGF,non-polymer,"(2S,3R,4E)-2-amino-3-hydroxyoctadec-4-en-1-yl",,no
SIA,"D-saccharide,",linking,,no
SLF,non-polymer,SULFATE-3-D-GALACTOSYL-BETA-1-1-N-STEAROYL-D-SPHINGOSINE,,no
SO4,non-polymer,SULFATE,,no
SPH,non-polymer,SPHINGOSINE,,no
SRV,non-polymer,(2S)-2-(heptadecanoyloxy)-3-{[(10S)-10-methyloctadecanoyl]oxy}propyl,,no
STE,non-polymer,STEARIC,,no
T8X,non-polymer,2-O-sulfo-alpha-D-glucopyranosyl,,no
TAM,non-polymer,TRIS(HYDROXYETHYL)AMINOMETHANE,,no
TAR,non-polymer,D(-)-TARTARIC,,no
THR,L-peptide,y,,yes
TIG,peptide-like,N-(2-aminoethyl)-L-tryptophan,,no
TKG,non-polymer,"1-[[6-(1-$l^{1}-oxidanylethyl)-4-$l^{3}-oxidanylidene-2,3,6,8~{a}-tetrahydropteridin-2-yl]-$l^{2}-azanyl]ethanone",,no
TOE,non-polymer,2-[2-(2-METHOXY-ETHOXY)-ETHOXY]-ETHOXYL,,no
TRP,L-peptide,y,,yes
TRS,non-polymer,"2-AMINO-2-HYDROXYMETHYL-PROPANE-1,3-DIOL",,no
TWT,non-polymer,DOCOSANE,,no
TYI,L-peptide,n,,yes
TYR,L-peptide,y,,yes
ULI,non-polymer,tetracontane,,no
UND,non-polymer,UNDECANE,,no
UNK,L-peptide,.,,no
UNL,non-polymer,UNKNOWN,,no
URE,non-polymer,UREA,,no
V8P,non-polymer,"(3R)-N-[(2S,3R)-1-(alpha-D-galactopyranosyloxy)-3-hydroxyheptadecan-2-yl]-3-hydroxyheptadecanamide",,no
VAL,L-peptide,y,,yes
WGR,non-polymer,dideoxymycobactin-838,,no
WU7,non-polymer,"(4S,7S,17Z)-4-hydroxy-7-[(1S,2E)-1-hydroxyhexadec-2-en-1-yl]-N,N,N-trimethyl-4,9-dioxo-3,5-dioxa-8-aza-4lambda~5~-phosphahexacos-17-en-1-aminium",,no
WUA,non-polymer,"(4R,7S)-4-hydroxy-7-[(1S,2E)-1-hydroxyhexadec-2-en-1-yl]-N,N,N-trimethyl-4,9-dioxo-3,5-dioxa-8-aza-4lambda~5~-phosphadotriacontan-1-aminium",,no
XFW,peptide-like,"(2S)-2,5,5-tris(azanyl)pentanoic",,no
XIE,non-polymer,Nicotinaldehyde,,no
XIK,non-polymer,"3,4-dimethoxybenzaldehyde",,no
XPE,non-polymer,"3,6,9,12,15,18,21,24,27-NONAOXANONACOSANE-1,29-DIOL",,no
XPX,non-polymer,"(2R)-3-[(HYDROXY{[(2R,3R,5S,6R)-3,4,5-TRIHYDROXY-2,6-BIS(ALPHA-D-MANNOPYRANOSYLOXY)CYCLOHEXYL]OXY}PHOSPHORYL)OXY]PROPAN",,no
XY1,non-polymer,4-[(E)-[5-(2-azanylethyl)-2-oxidanyl-phenyl]diazenyl]benzoic,,no
Y01,non-polymer,CHOLESTEROL,,no
Y73,non-polymer,"N-[(2R,3R,4E)-1,3-dihydroxyoctadec-4-en-2-yl]tetracosanamide",,no
ZN,non-polymer,ZINC,,no
ZP7,non-polymer,"(2S)-2,3-dihydroxypropyl",,no
ZPD,non-polymer,"(4S,8R,12S,16S,20S)-4,8,12,16,20-pentamethylheptacosyl",,no
ZQ4,non-polymer,"2,6-anhydro-1-deoxy-1-[(S)-hydroxy{[(4R,8S,12R,16R,20S)-4,8,12,16,20-pentamethylheptacosyl]oxy}phosphoryl]-D-glycero-D-galacto-heptitol",,no
ZQ7,non-polymer,"2,6-anhydro-1-deoxy-1,1-difluoro-1-[(R)-hydroxy{[(4S,8S,12S,16S,20S)-4,8,12,16,20-pentamethylheptacosyl]oxy}phosphoryl]-D-glycero-D-galacto-heptitol",,no
ZR2,non-polymer,"6-O-[(2R,3R)-3-hydroxy-20-{(1R,2S)-2-[(17R,18R)-17-methoxy-18-methyldotriacontyl]cyclopropyl}-2-pentadecylicosanoyl]-alpha-L-galactopyranose",,no
