resname,chem_comp_type,chem_comp_name,missing_in_pdb,biopython_included,pdb_id,chain,chain_type
HOH,non-polymer,WATER,,no,8ryp,C,ligand
HOH,non-polymer,WATER,,no,8ryp,D,binder
EDO,non-polymer,"1,2-ETHANEDIOL",,no,4u1m,C,ligand
MSE,L-peptide,n,,yes,2x4q,C,ligand
PRV,L-peptide,n,,yes,2x4q,C,ligand
PRQ,L-peptide,.,,no,2x4q,C,ligand
GOL,non-polymer,GLYCEROL,,no,5c08,E,binder
SO4,non-polymer,SULFATE,,no,5c08,E,binder
AGH,D-saccharide,"N-{(1S,2R,3S)-1-[(ALPHA-D-GALACTOPYRANOSYLOXY)METHYL]-2,3-DIHYDROXYHEPTADECYL}HEXACOSANAMIDE",,no,2po6,C,binder
DPN,D-peptide,.,,no,7p0a,C,ligand
NIY,L-peptide,n,,yes,3rol,C,ligand
GOL,non-polymer,GLYCEROL,,no,5vz5,C,ligand
FME,L-peptide,n,,yes,7lfi,C,ligand
CGU,L-peptide,n,,yes,3jtc,B,ligand
MG,non-polymer,MAGNESIUM,,no,3jtc,B,ligand
CA,non-polymer,CALCIUM,,no,3jtc,B,ligand
ACY,non-polymer,ACETIC,,no,1mwa,F,ligand
CU,non-polymer,COPPER,,no,5ib5,C,ligand
QM8,L-peptide,n,,yes,7ndu,C,ligand
ACT,non-polymer,ACETATE,,no,7l1d,E,binder
ABA,L-peptide,n,,yes,4pv9,C,ligand
4OG,L-peptide,n,,yes,9asg,C,ligand
CIR,L-peptide,n,,yes,3hcv,C,ligand
D3D,non-polymer,"(19S,22R,25R)-22,25,26-trihydroxy-16,22-dioxo-17,21,23-trioxa-22lambda~5~-phosphahexacosan-19-yl",,no,5wki,D,binder
SEP,L-peptide,n,,yes,4no2,C,ligand
CL,non-polymer,CHLORIDE,,no,5wjl,C,ligand
MYR,non-polymer,MYRISTIC,,no,6iwg,C,ligand
GIC,peptide-like,N-(2-aminoethyl)-N-(1H-indol-3-ylacetyl)glycine,,no,3o3b,C,ligand
3AZ,peptide-like,3-(aminomethyl)benzoic,,no,3o3b,C,ligand
TYI,L-peptide,n,,yes,4pgc,C,ligand
FLC,non-polymer,CITRATE,,no,6vm8,D,binder
XY1,non-polymer,4-[(E)-[5-(2-azanylethyl)-2-oxidanyl-phenyl]diazenyl]benzoic,,no,4uq3,C,ligand
XFW,peptide-like,"(2S)-2,5,5-tris(azanyl)pentanoic",,no,4uq3,C,ligand
MOV,non-polymer,AMG,,no,8vra,D,binder
CSO,L-peptide,n,,yes,1fzm,A,mhc
SO4,non-polymer,SULFATE,,no,5mer,C,ligand
POV,non-polymer,(2S)-3-(hexadecanoyloxy)-2-[(9Z)-octadec-9-enoyloxy]propyl,,no,6cug,C,binder
P4G,non-polymer,1-ETHOXY-2-(2-ETHOXYETHOXY)ETHANE,,no,6z9v,C,ligand
EPE,non-polymer,4-(2-HYDROXYETHYL)-1-PIPERAZINE,,no,4jff,E,binder
KYN,L-peptide,n,,yes,6bxp,C,ligand
ACE,non-polymer,ACETYL,,no,4o2c,C,ligand
K,non-polymer,POTASSIUM,,no,7lgt,C,ligand
EDO,non-polymer,"1,2-ETHANEDIOL",,no,5c0b,D,binder
PGE,non-polymer,TRIETHYLENE,,no,7re8,C,ligand
KFP,D-peptide,n,,yes,4l8s,A,mhc
IPA,non-polymer,ISOPROPYL,,no,2p5e,C,ligand
QCN,non-polymer,(2~{S})-2-azanyl-3-(3-~{tert}-butyl-4-oxidanyl-phenyl)propanal,,no,6z9x,C,ligand
CL,non-polymer,CHLORIDE,,no,4lhu,F,binder
3X9,L-peptide,n,,yes,7rno,C,binder
PFF,L-peptide,n,,yes,3d39,C,ligand
BAL,peptide-like,BETA-ALANINE,,no,3o3e,C,ligand
TIG,peptide-like,N-(2-aminoethyl)-L-tryptophan,,no,3o3e,C,ligand
3IB,non-polymer,3-INDOLEBUTYRIC,,no,2gj6,C,ligand
NLE,L-peptide,n,,yes,5e8p,C,ligand
ZN,non-polymer,ZINC,,no,5wmp,C,ligand
MG,non-polymer,MAGNESIUM,,no,3huj,D,binder
E7P,non-polymer,(2S)-2-amino-4-phosphonobutanoic,,no,7s79,C,ligand
OSE,L-peptide,n,,yes,7s7d,C,ligand
F2F,L-peptide,n,,yes,3d3v,C,ligand
BTB,non-polymer,"2-[BIS-(2-HYDROXY-ETHYL)-AMINO]-2-HYDROXYMETHYL-PROPANE-1,3-DIOL",,no,7sif,C,ligand
CD,non-polymer,CADMIUM,,no,3fqn,C,ligand
ESC,L-peptide,n,,yes,1kbg,E,ligand
QMB,L-peptide,n,,yes,6zky,C,ligand
LLP,L-peptide,n,,yes,9cgs,A,mhc
ACT,non-polymer,ACETATE,,no,6uzq,C,ligand
CGL,non-polymer,CYSTINE-GLUTATHIONE,,no,1kcg,A,mhc
GRN,non-polymer,2-phenyl-L-alanine,,no,4wj5,C,ligand
NVA,L-peptide,n,,yes,4wj5,C,ligand
LPH,L-peptide,.,,no,4wj5,C,ligand
PLM,non-polymer,PALMITIC,,no,5efi,C,ligand
OCA,non-polymer,OCTANOIC,,no,5efi,C,ligand
TAM,non-polymer,TRIS(HYDROXYETHYL)AMINOMETHANE,,no,6tmo,E,binder
PCA,L-peptide,n,,yes,6bj2,D,binder
IOD,non-polymer,IODIDE,,no,3rew,C,ligand
FMT,non-polymer,FORMIC,,no,2git,C,ligand
70E,non-polymer,"6-O-[(2R,3R)-3-hydroxy-2-tetradecyldocosanoyl]-alpha-L-idopyranose",,no,5l2k,D,binder
PEG,non-polymer,DI(HYDROXYETHYL)ETHER,,no,3kww,C,ligand
PRW,non-polymer,"(2R,3R)-4-AMINO-2,3-DIHYDROXYBUTANOIC",,no,2x4t,C,ligand
CDE,L-peptide,.,,no,1b0r,C,ligand
MSE,L-peptide,n,,yes,2o5n,A,mhc
