pdb_id,original_chain,new_chain
5JZI,D,D
1QSE,D,D
5JZI,E,E
3VXU,E,E
3VXU,D,D
1QSE,E,E
3GSN,A,B
7OW6,E,E
3GSN,B,C
7OW6,D,D
5XOV,J,E
5XOV,I,D
6ZKW,D,D
6ZKW,E,E
8YE4,H,E
8RLV,E,E
8YE4,G,D
8RLV,D,D
1BD2,E,E
7NME,E,E
7NME,D,D
3VXS,E,E
1BD2,D,D
3VXS,D,D
7BBG,L,E
7BBG,H,D
7NDT,DDD,D
7NDT,EEE,E
7N6E,J,E
7N6E,I,D
2ESV,D,C
2ESV,E,D
7NDT,JJJ,F
4QOK,E,E
5XOT,E,E
4QOK,D,D
7TR4,H,C
5XOT,D,D
7TR4,L,D
6MTM,E,E
1QSF,E,E
6MTM,D,D
2F54,E,E
2F54,D,D
8QFY,EEE,E
8QFY,DDD,D
8EN8,E,E
8EN8,D,D
3D3V,D,D
3PWP,E,E
1QSF,D,D
8RYO,E,E
8RYO,D,D
7RTR,E,E
7RTR,D,D
3D3V,E,E
3KXF,D,C
3PWP,D,D
6VM8,E-2,E
6ZKZ,E,E
6VM8,D-2,D
4QRR,D,C
6ZKZ,D,D
3KXF,E,D
4QRR,E,D
7RK7,E,E
7RK7,D,D
6ZKY,E,E
6ZKY,D,D
3UTT,E,E
7PBE,E,E
7PBE,D,D
3H9S,E,E
3UTT,D,D
3H9S,D,D
7NDQ,EEE,E
7NDQ,DDD,D
6ZKX,E,E
6ZKX,D,D
3QFJ,D,D
3QFJ,E,E
7N2R,F,E
8RYM,E,E
7N2R,D,D
8RYM,D,D
8ENH,E,E
8ENH,D,D
7N1E,E,E
2NX5,E,E
4JFF,E,E
4JFF,D,D
2NX5,D,D
7N1E,D,D
5W1V,E,E
5W1V,D,D
5JHD,E,E
2F53,E,E
5JHD,D,D
8RYQ,E,E
8RYQ,D,D
5ISZ,E,E
5ISZ,D,D
2F53,D,D
8RYP,D,D
1QRN,E,E
8RYP,E,E
8RLT,E,E
8RLT,D,D
6AVF,A,B
6AVF,B,C
6VM9,E-2,E
6VM9,D-2,D
6AM5,E,E
6AM5,D,D
8RYN,E,E
8RYN,D,D
8EB2,M,E
8EB2,K,D
1QRN,D,D
7NMF,E,E
7NMF,D,D
8GON,E,E
8GON,D,D
6PAG,D,D
7PB2,E,E
7PB2,D,D
5WKF,E,E
4N8V,G,D
4JFE,E,E
4JFE,D,D
5HYJ,E,E
5HYJ,D,D
3GJF,L,E
3GJF,H,D
8RLU,E,E
8RLU,D,D
5W1W,E,E
5WKF,D,D
5W1W,D,D
6P64,E-3,E
5HHM,D,D
5HHM,E,E
6P64,D-3,D
3O4L,E,E
3O4L,D,D
5C07,E,E
5C07,D,D
7OW5,E,E
5BRZ,D,D
7OW5,D,D
9BL6,G,D
5C0C,J,E
5BRZ,E,E
4G8G,E,E
4G8G,D,D
6RP9,E,E
7PBC,AAA,B
5C0C,I,D
7PBC,BBB,C
6RP9,D,D
8F5A,C,C
8F5A,D,D
4WUU,E,E
4WUU,D,D
1W72,L,E
1W72,H,D
8SHI,G,D
8SHI,H,E
2P5E,E,E
4MNQ,E,E
2VLK,E,E
2VLK,D,D
5HHO,E,E
5HHO,D,D
6RSY,E,E
2P5E,D,D
6RSY,D,D
6R2L,D,D
6R2L,E,E
5E9D,E,E
5E9D,D,D
6TRO,E,E
2GJ6,E,E
2GJ6,D,D
6TRO,D,D
5WKH,E,E
3SJV,E,E
5C08,E,E
5C08,D,D
6VMA,E-2,E
8EO8,E,E
8EO8,D,D
6VMA,D-2,D
7RM4,E,E
7RM4,D,D
3SJV,D,D
7RRG,E-2,E
3D39,E,E
3D39,D,D
5IRO,D,D
7RRG,D-2,D
7DZN,E,E
7DZN,D,D
8ES9,A,B
8ES9,B,C
5WKH,D,D
3UTS,E,E
3UTS,D,D
5MEN,E,E
5MEN,D,D
8ES8,A,B
8ES8,B,C
9BL5,G,D
1OGA,D,D
1OGA,E,E
4JRX,D,D
6BJ2,D,D
5C0B,D,D
5C0B,E,E
4E5X,G,D
1AO7,E,E
4FTV,E,E
4FTV,D,D
3HAE,L,E
3HAE,H,D
5NMF,E,E
5NMF,D,D
7Q9A,E,E
5C09,E,E
5C09,D,D
7Q9A,D,D
7N1F,D,D
7N1F,E,E
6V3J,G,D
6VM7,E-2,E
1AO7,D,D
6VM7,D-2,D
7NDU,EEE,E
7NDU,DDD,D
7NMG,E,E
6UJ9,L,E
7NMG,D,D
6UJ9,H,D
8EK5,E,D
7QPJ,A,B
5EUO,E,C
7QPJ,B,C
5EUO,F,D
7Q9B,DDD,D
8UDR,E,E
8UDR,D,D
7N2O,D,D
7N2O,F,E
7Q9B,EEE,E
3VXM,D,D
4MJI,E,E
3MV9,E,E
3MV9,D,D
3HG1,E,E
3HG1,D,D
2BNR,E,E
2BNR,D,D
4JRY,D,D
4JRY,E,E
6VMX,E,E
6VMX,D,D
7Q99,E,E
7Q99,D,D
5TEZ,J,E
5TEZ,I,D
7N2S,F,E
7N2S,D,D
6AMU,E,E
6AMU,D,D
4QRP,E,E
4QRP,D,D
9DL1,A,B
9DL1,D,D
2BNQ,D,D
2BNQ,E,E
7N2P,F,E
7N2P,D,D
6EQA,E,E
6EQA,D,D
9BL2,G,D
3VXR,E,E
1MI5,E,E
1MI5,D,D
3VXR,D,D
4JFD,E,E
4JFD,D,D
6RPB,E,E
6RPB,D,D
5EU6,E,E
3QDM,E,E
5EU6,D,D
4L3E,E,E
4L3E,D,D
5T6Z,G,D
6VMC,E-2,E
6VMC,D-2,D
6BJ3,D,D
3QDM,D,D
8V51,E,E
8V51,D,D
5YXN,A,B
5YXN,B,C
6AVG,C,B
6AVG,D,C
4PRI,E,E
6ULN,E-2,E
6D7G,E,C
6ULN,D-2,D
4PRI,D,D
6D7G,D,B
8FJA,E,E
8FJA,D,D
2YPL,E,E
2YPL,D,D
5C0A,E,E
5C0A,D,D
1IM3,D,D
4PRP,E,E
4PRP,D,D
5NQK,B,C
5NQK,A,B
7N2N,F,E
7N2N,D,D
9BLA,G,D
5BS0,E,E
3W0W,E,E
3W0W,D,D
5BS0,D,D
7DZM,E,E
7DZM,D,D
6ULR,E-2,E
6ULR,D-2,D
6VRM,E,D
6VRM,D,C
5YXU,F-2,B
5YXU,G-2,C
5NHT,A,B
4PRH,D,D
4PRH,E,E
5NHT,B,C
2VLJ,E,E
2VLJ,D,D
7L1D,E,E
8CX4,F,E
7L1D,D,D
8CX4,D,D
6RPA,E,E
6RPA,D,D
8GOM,E,E
3CDG,J,C
3CDG,K,D
8GOM,D,D
5NME,E,E
5NME,D,D
7PDW,AAA,B
7PDW,BBB,C
6VQO,D,C
6VQO,E,D
3FFC,E,E
7TUE,D,C
3MV7,E,E
3FFC,D,D
5T70,G,D
6TMO,E,E
3MV7,D,D
7K81,G,D
6TMO,D,D
7R80,A,B
6BJ8,D,D
7R80,B,C
8DNT,A,B
8DNT,B,C
7PHR,A,B
7PHR,B,C
6DKP,E,E
6DKP,D,D
7STF,L,E
7STF,H,D
7K80,G,D
2PYE,E,E
8GVB,A,B
8GVB,B,C
9BL3,G,D
2AK4,E,E
3VH8,G,D
2AK4,D,D
6PA1,D,D
5B38,G,D
6ENY,C,D
2PYE,D,D
3KPS,E,E
8V4Z,E,E
3KPS,D,D
8V4Z,D,D
6VRN,D,C
6VRN,E,D
8TNJ,C,B
8TNJ,D,C
5NMG,E,E
5NMG,D,D
3QDG,E,E
8RJ5,E,E
8RJ5,D,D
8FJB,E,E
8FJB,D,D
9BL9,G,D
5D2L,J,D
5D2L,I,C
6EQB,D,D
6EQB,E,E
3KPR,E,E
3KPR,D,D
3QDG,D,D
3DXA,E,E
3DXA,D,D
3QEQ,E,E
9BL4,G,D
2P5W,E,E
3MV8,E,E
3MV8,D,D
8GVG,A,B
8GVG,B,C
4EUP,H,E
4EUP,G,D
3QDJ,E,E
7RE7,J-2,E
7RE7,I-2,D
3QEQ,D,D
2P5W,D,D
8VRA,E,E
5B39,G,D
3WUW,G,D
8VRA,D,D
4G9F,E,E
4G9F,D,D
5D2N,C,B
3QDJ,D,D
5D2N,F,C
8T7R,g,H
8T7R,h,I
8VR9,D,D
8VR9,E,E
2VLR,E,E
2VLR,D,D
8T6M,D,E
8T6M,A,B
8T6M,B,C
8T6M,C,D
8RRO,A,B
6UON,H,E
8RRO,B,C
6UON,G,D
8YIV,E,E
8YIV,D,D
7N2Q,D,D
7N2Q,F,E
8V50,E,E
8V50,D,D
8GVI,A,B
8GVI,B,C
8VRB,E,E
8VRB,D,D
8YJ2,E,E
8YJ2,D,D
5E6I,H,C
3CII,H,E
3CII,G,D
7QPD,T,F
7DUU,D,D
6PUI,B,B
1EFX,D,D
6PUI,G,C
5U1R,D,B
8TMU,C-2,C
5U1R,E,C
5U72,B,B
1IM9,D,D
9C3E,A,B
9C3E,B,C
5U72,G,C
6PUL,B,B
6PUL,G,C
5U16,G,C
5U16,H,D
6PUD,G,C
6PUD,H,D
6XQP,E,C
6XQP,F,D
7ZT8,D,C
7ZT8,E,D
9BTX,G,C
9BTX,H,D
5U6Q,D,B
5U6Q,E,C
6PUM,G,C
6PUM,H,D
6PUC,G,C
6PUC,H,D
6PUJ,B,B
6PUJ,G,C
9CGS,G,C
9CGS,H,D
6W9U,G,C
6W9U,H,D
6PUH,B,B
6PUH,G,C
9CGR,G,C
9CGR,H,D
4L4V,G,C
4L4V,H,D
4PJF,G,C
4PJF,H,D
5D7I,G,C
5D7I,H,D
6PVD,G,C
6PVD,H,D
6PVC,G,C
8Y6X,D,C
6PVC,H,D
6PUF,G,C
6PUF,H,D
4PJI,G,C
8Y6X,E,D
4PJI,H,D
5U2V,G,C
5U2V,H,D
4PJ5,G,C
4PJ5,H,D
9BTY,G,C
9BTY,H,D
6PUG,G,C
4NQE,G,C
6PUG,H,D
4NQE,H,D
6PUE,G,C
6PUE,H,D
5U17,B,B
5U17,G,C
7ZT3,E,D
7ZT3,D,C
4PJE,E,C
4PJE,F,D
4PJ8,C,C
4PJ8,D,D
6PUK,B,B
6PUK,G,C
6W9V,G,C
6W9V,H,D
7ZT2,D,C
7ZT2,E,D
4PJ9,C,C
4PJ9,D,D
9BTZ,H,D
9BTZ,G,C
4PJG,G,C
4PJG,H,D
4PJC,E,C
4PJC,F,D
7UFJ,G,C
7UFJ,H,D
5D7J,A,B
5D7J,B,C
4PJ7,G,C
4PJ7,H,D
9BU0,G,C
9BU0,H,D
4PJH,E,C
4PJH,F,D
7ZT5,D,C
7ZT5,E,D
4PJD,E,C
4PJD,F,D
7ZT7,D,C
7ZT7,E,D
4PJX,E,C
4PJX,F,D
7ZT4,D,C
7ZT4,E,D
4PJA,E,C
4PJA,F,D
4L4T,G,C
7ZT9,E,D
7ZT9,D,C
4PJB,E,C
4PJB,F,D
7LLJ,K,C
7LLJ,L,D
7LLI,K,C
4LCW,G,C
7LLI,L,D
4LCW,H,D
4L4T,H,D
1DE4,C,C
1DE4,F,D
7RNO,C,C
6FGB,L,D
7Q15,E,C
6WNA,H,C
6ILM,C-41,E
2WY3,B,B
6WOL,H,C
6QIO,A,B
4N0F,D,C
4N0U,D,C
4N0U,E,D
6ILM,A-41,B
6ILM,A-45,C
6ILM,B-45,D
6LA6,A-4,B
6LA6,C-5,F
6QIP,A,B
4WO4,C,C
4WO4,D,D
3SDX,F,D
8TM0,A,B
5WHK,L,D
5WHK,H,C
8TM2,A,B
4K71,A,B
3SDX,E,C
6LA7,A-3,B
6LA7,B-3,D
7C9V,A-14,B
7C9V,B-14,C
7C9V,C-14,D
1KCG,A,B
1KCG,B,C
4S0U,A,B
4S0U,B,C
8SGM,C,C
8SGM,D,D
3HUJ,G,C
3HUJ,H,D
6SNY,A,B
3VWK,C,C
4WW2,B,C
4LHU,G,F
3VWK,D,D
3TZV,H,E
3TZV,G,D
4LHU,D,D
4WW2,A,B
8SGB,D,D
8SGB,C,C
7FI9,A,B
7FI9,B,C
4MNG,E,C
7FI6,A,B
7FI6,B,C
1HYR,A,B
7RYO,C,C
1HYR,B,C
7FI5,A,B
7FI5,B,C
4V3E,A,B
4X6D,G,C
4X6D,H,D
4V3D,C,B
2PO6,D,D
6C09,D,D
6CUG,D,C
6CUG,E,D
6C09,C,C
5L2K,D,C
5L2K,E,D
2PO6,C,C
3VWJ,C,C
3VWJ,D,D
7FI7,B,C
7FI7,A,B
5WKI,E,E
7RYM,C,C
8ZOX,D,C
8ZOX,E,D
7FI8,A,B
7FI8,B,C
4WWK,A,B
4WWK,B,C
7B5F,A,B
4X6C,G,C
7B5F,B,C
8C44,A,B
4X6C,H,D
6V80,C,C
7XXA,C-30,F
7XXA,A-29,B
5WKI,D,D
7XXA,A-30,C
7XXA,B-29,D
4PDC,A,B
4PDC,B,C
3IT8,A,B
3IT8,B,C
