pdb_id,new_chain,original_chain,uniprot_id,gene_name,uniprot_name,organism,classification
5JZI,D,D,GO_FALLBACK,Missing entry,HCV1406 TCR alpha chain,Homo sapiens,HCV1406 TCR alpha chain
1QSE,D,D,GO_FALLBACK,Missing entry,PROTEIN (human T-Cell receptor A),Homo sapiens,PROTEIN (human T-Cell receptor A)
5JZI,E,E,GO_FALLBACK,Missing entry,HCV1406 TCR beta chain,Homo sapiens,HCV1406 TCR beta chain
3VXU,E,E,GO_FALLBACK,Missing entry,T36-5 TCR beta chain,Homo sapiens,T36-5 TCR beta chain
3VXU,D,D,GO_FALLBACK,Missing entry,T36-5 TCR alpha chain,Homo sapiens,T36-5 TCR alpha chain
1QSE,E,E,GO_FALLBACK,Missing entry,PROTEIN (human T-Cell receptor B),Homo sapiens,PROTEIN (human T-Cell receptor B)
3GSN,B,A,P01848,TRAC,T cell receptor alpha chain constant,Homo sapiens,TRAC
7OW6,E,E,GO_FALLBACK,Missing entry,TCR beta,Homo sapiens,TCR beta
3GSN,C,B,GO_FALLBACK,Missing entry,"RA14 TCR beta chain (TRBV6-5, TRBD1, TRBJ1-2)",Homo sapiens,"RA14 TCR beta chain (TRBV6-5, TRBD1, TRBJ1-2)"
7OW6,D,D,GO_FALLBACK,Missing entry,TCR alpha,Homo sapiens,TCR alpha
5XOV,E,J,GO_FALLBACK,Missing entry,V-beta chain of T cell receptor,Homo sapiens,V-beta chain of T cell receptor
5XOV,D,I,GO_FALLBACK,Missing entry,V-delta chain of T cell receptor,Homo sapiens,V-delta chain of T cell receptor
6ZKW,D,D,GO_FALLBACK,Missing entry,T-cell receptor alpha chain,Homo sapiens,T-cell receptor alpha chain
6ZKW,E,E,GO_FALLBACK,Missing entry,T-cell receptor beta chain,Homo sapiens,T-cell receptor beta chain
8YE4,E,H,GO_FALLBACK,Missing entry,TCR NYN-I beta chain,Homo sapiens,TCR NYN-I beta chain
8RLV,E,E,GO_FALLBACK,Missing entry,"T cell receptor beta variable 6-5,T cell receptor beta chain MC.7.G5",Homo sapiens,"T cell receptor beta variable 6-5,T cell receptor beta chain MC.7.G5"
8YE4,D,G,GO_FALLBACK,Missing entry,TCR NYN-I alpha chain,Homo sapiens,TCR NYN-I alpha chain
8RLV,D,D,GO_FALLBACK,Missing entry,"T cell receptor alpha variable 12-2,T cell receptor alpha chain MC.7.G5",Homo sapiens,"T cell receptor alpha variable 12-2,T cell receptor alpha chain MC.7.G5"
1BD2,E,E,GO_FALLBACK,Missing entry,T CELL RECEPTOR BETA,Homo sapiens,T CELL RECEPTOR BETA
7NME,E,E,GO_FALLBACK,Missing entry,"4C6 Human T-cell Receptor, beta Chain",Homo sapiens,"4C6 Human T-cell Receptor, beta Chain"
7NME,D,D,GO_FALLBACK,Missing entry,"4C6 Human T-cell Receptor, alpha Chain",Homo sapiens,"4C6 Human T-cell Receptor, alpha Chain"
3VXS,E,E,GO_FALLBACK,Missing entry,H27-14 TCR beta chain,Homo sapiens,H27-14 TCR beta chain
1BD2,D,D,GO_FALLBACK,Missing entry,T CELL RECEPTOR ALPHA,Homo sapiens,T CELL RECEPTOR ALPHA
3VXS,D,D,GO_FALLBACK,Missing entry,H27-14 TCR alpha chain,Homo sapiens,H27-14 TCR alpha chain
7BBG,E,L,GO_FALLBACK,Missing entry,Light chain of Fab fragment 11D06,Homo sapiens,Light chain of Fab fragment 11D06
7BBG,D,H,GO_FALLBACK,Missing entry,Heavy chain of Fab fragment 11D06,Homo sapiens,Heavy chain of Fab fragment 11D06
7NDT,D,DDD,GO_FALLBACK,Missing entry,"T cell receptor alpha variable 26-1,T cell receptor alpha joining 37,T cell receptor alpha chain constant",Homo sapiens,"T cell receptor alpha variable 26-1,T cell receptor alpha joining 37,T cell receptor alpha chain constant"
7NDT,E,EEE,GO_FALLBACK,Missing entry,"T cell receptor beta variable 14,T cell receptor beta joining 2-3,T cell receptor beta constant 2",Homo sapiens,"T cell receptor beta variable 14,T cell receptor beta joining 2-3,T cell receptor beta constant 2"
7N6E,E,J,GO_FALLBACK,Missing entry,TRBV19 TCR beta,Homo sapiens,TRBV19 TCR beta
7N6E,D,I,GO_FALLBACK,Missing entry,TRAV12-1 TCR-alpha,Homo sapiens,TRAV12-1 TCR-alpha
2ESV,C,D,P01848,TRAC,T cell receptor alpha chain constant,Homo sapiens,TRAC
2ESV,D,E,P01850,TRBC1,T cell receptor beta constant 1,Homo sapiens,TRBC1
7NDT,F,JJJ,GO_FALLBACK,Missing entry,"T cell receptor beta variable 14,T cell receptor beta joining 2-3,T cell receptor beta constant 2",Homo sapiens,"T cell receptor beta variable 14,T cell receptor beta joining 2-3,T cell receptor beta constant 2"
4QOK,E,E,GO_FALLBACK,Missing entry,Mel5 TCR chain beta,Homo sapiens,Mel5 TCR chain beta
5XOT,E,E,GO_FALLBACK,Missing entry,The beta chain of TU55 TCR,Homo sapiens,The beta chain of TU55 TCR
4QOK,D,D,GO_FALLBACK,Missing entry,Mel5 TCR chain alpha,Homo sapiens,Mel5 TCR chain alpha
7TR4,C,H,GO_FALLBACK,Missing entry,Light chain,Homo sapiens,Light chain
5XOT,D,D,GO_FALLBACK,Missing entry,The Delta chain of TU55 TCR,Homo sapiens,The Delta chain of TU55 TCR
7TR4,D,L,GO_FALLBACK,Missing entry,Heavy chain,Homo sapiens,Heavy chain
6MTM,E,E,GO_FALLBACK,Missing entry,EM2 TCR beta chain,Homo sapiens,EM2 TCR beta chain
1QSF,E,E,GO_FALLBACK,Missing entry,HUMAN T-CELL RECEPTOR,Homo sapiens,HUMAN T-CELL RECEPTOR
6MTM,D,D,GO_FALLBACK,Missing entry,EM2 TCR alpha chain,Homo sapiens,EM2 TCR alpha chain
2F54,E,E,P01850,TRBC1,T cell receptor beta constant 1,Homo sapiens,TRBC1
2F54,D,D,P01848,TRAC,T cell receptor alpha chain constant,Homo sapiens,TRAC
8QFY,E,EEE,GO_FALLBACK,Missing entry,T-cell receptor beta chain,Homo sapiens,T-cell receptor beta chain
8QFY,D,DDD,GO_FALLBACK,Missing entry,T-cell receptor alpha chain,Homo sapiens,T-cell receptor alpha chain
8EN8,E,E,GO_FALLBACK,Missing entry,3180 TCR beta chain,Homo sapiens,3180 TCR beta chain
8EN8,D,D,GO_FALLBACK,Missing entry,3180 TCR alpha chain,Homo sapiens,3180 TCR alpha chain
3D3V,D,D,GO_FALLBACK,Missing entry,A6 TCR alpha chain,Homo sapiens,A6 TCR alpha chain
3PWP,E,E,GO_FALLBACK,Missing entry,A6 TCR beta chain,Homo sapiens,A6 TCR beta chain
1QSF,D,D,P01848,TRAC,T cell receptor alpha chain constant,Homo sapiens,TRAC
8RYO,E,E,GO_FALLBACK,Missing entry,TCR beta,Homo sapiens,TCR beta
8RYO,D,D,GO_FALLBACK,Missing entry,TCR alpha,Homo sapiens,TCR alpha
7RTR,E,E,GO_FALLBACK,Missing entry,YLQ-SG3 TCR beta chain (TRBV7-9),Homo sapiens,YLQ-SG3 TCR beta chain (TRBV7-9)
7RTR,D,D,GO_FALLBACK,Missing entry,YLQ-SG3 TCR alpha chain (TRAV12-2),Homo sapiens,YLQ-SG3 TCR alpha chain (TRAV12-2)
3D3V,E,E,P01850,TRBC1,T cell receptor beta constant 1,Homo sapiens,TRBC1
3KXF,C,D,P01848,TRAC,T cell receptor alpha chain constant,Homo sapiens,TRAC
3PWP,D,D,P01848,TRAC,T cell receptor alpha chain constant,Homo sapiens,TRAC
6VM8,E,E-2,GO_FALLBACK,Missing entry,SILv44 T cell receptor beta chain,Homo sapiens,SILv44 T cell receptor beta chain
6ZKZ,E,E,GO_FALLBACK,Missing entry,T-cell receptor beta chain,Homo sapiens,T-cell receptor beta chain
6VM8,D,D-2,GO_FALLBACK,Missing entry,SILv44 T cell receptor alpha chain,Homo sapiens,SILv44 T cell receptor alpha chain
4QRR,C,D,GO_FALLBACK,Missing entry,clone12 TCR alpha chain,Homo sapiens,clone12 TCR alpha chain
6ZKZ,D,D,GO_FALLBACK,Missing entry,T-cell receptor alpha chain,Homo sapiens,T-cell receptor alpha chain
3KXF,D,E,A0A5B9,TRBC2,T cell receptor beta constant 2,Homo sapiens,TRBC2
4QRR,D,E,GO_FALLBACK,Missing entry,clone12 TCR beta chain,Homo sapiens,clone12 TCR beta chain
7RK7,E,E,GO_FALLBACK,Missing entry,TIL1383i (h3T) T cell receptor beta chain,Homo sapiens,TIL1383i (h3T) T cell receptor beta chain
7RK7,D,D,GO_FALLBACK,Missing entry,TIL1383i (h3T) T cell receptor alpha chain,Homo sapiens,TIL1383i (h3T) T cell receptor alpha chain
6ZKY,E,E,GO_FALLBACK,Missing entry,T-cell receptor beta chain,Homo sapiens,T-cell receptor beta chain
6ZKY,D,D,GO_FALLBACK,Missing entry,T-cell receptor alpha chain,Homo sapiens,T-cell receptor alpha chain
3UTT,E,E,GO_FALLBACK,Missing entry,1E6 TCR Beta Chain,Homo sapiens,1E6 TCR Beta Chain
7PBE,E,E,GO_FALLBACK,Missing entry,"Human T-cell Receptor YLQ36, beta chain",Homo sapiens,"Human T-cell Receptor YLQ36, beta chain"
7PBE,D,D,GO_FALLBACK,Missing entry,"Human T-cell Receptor YLQ36, alpha chain",Homo sapiens,"Human T-cell Receptor YLQ36, alpha chain"
3H9S,E,E,GO_FALLBACK,Missing entry,TRBV6-5 protein,Homo sapiens,TRBV6-5 protein
3UTT,D,D,GO_FALLBACK,Missing entry,1E6 TCR Alpha Chain,Homo sapiens,1E6 TCR Alpha Chain
3H9S,D,D,GO_FALLBACK,Missing entry,A6 TCR alpha chain,Homo sapiens,A6 TCR alpha chain
7NUI,B,B,P61769,B2M,Beta-2-microglobulin,Homo sapiens,B2M
7NDQ,E,EEE,GO_FALLBACK,Missing entry,"T cell receptor beta variable 7-9,M1-specific T cell receptor beta chain,T cell receptor beta variable 7-9,M1-specific T cell receptor beta chain,T cell receptor beta variable 7-9,M1-specific T cell receptor beta chain",Homo sapiens,"T cell receptor beta variable 7-9,M1-specific T cell receptor beta chain,T cell receptor beta variable 7-9,M1-specific T cell receptor beta chain,T cell receptor beta variable 7-9,M1-specific T cell receptor beta chain"
7NDQ,D,DDD,GO_FALLBACK,Missing entry,"TCR Gag:02-alpha,TCR Gag:02-alpha,TCR Gag:02-alpha",Homo sapiens,"TCR Gag:02-alpha,TCR Gag:02-alpha,TCR Gag:02-alpha"
6ZKX,E,E,GO_FALLBACK,Missing entry,T-cell receptor beta chain,Homo sapiens,T-cell receptor beta chain
6ZKX,D,D,GO_FALLBACK,Missing entry,T-cell receptor alpha chain,Homo sapiens,T-cell receptor alpha chain
3QFJ,D,D,GO_FALLBACK,Missing entry,A6 alpha chain,Homo sapiens,A6 alpha chain
3QFJ,E,E,GO_FALLBACK,Missing entry,A6 beta chain,Homo sapiens,A6 beta chain
7N2R,E,F,GO_FALLBACK,Missing entry,AS4.3 T cell receptor beta chain,Homo sapiens,AS4.3 T cell receptor beta chain
8RYM,E,E,GO_FALLBACK,Missing entry,TCR beta,Homo sapiens,TCR beta
7N2R,D,D,GO_FALLBACK,Missing entry,AS4.3 T cell receptor alpha chain,Homo sapiens,AS4.3 T cell receptor alpha chain
8RYM,D,D,GO_FALLBACK,Missing entry,TCR alpha,Homo sapiens,TCR alpha
8ENH,E,E,GO_FALLBACK,Missing entry,3180 TCR beta chain,Homo sapiens,3180 TCR beta chain
8ENH,D,D,GO_FALLBACK,Missing entry,3180 TCR alpha chain,Homo sapiens,3180 TCR alpha chain
7N1E,E,E,GO_FALLBACK,Missing entry,pRLQ3 T cell receptor beta chain,Homo sapiens,pRLQ3 T cell receptor beta chain
2NX5,E,E,P01850,TRBC1,T cell receptor beta constant 1,Homo sapiens,TRBC1
4JFF,E,E,P01850,TRBC1,T cell receptor beta constant 1,Homo sapiens,TRBC1
4JFF,D,D,P01848,TRAC,T cell receptor alpha chain constant,Homo sapiens,TRAC
2NX5,D,D,P01848,TRAC,T cell receptor alpha chain constant,Homo sapiens,TRAC
7N1E,D,D,GO_FALLBACK,Missing entry,pRLQ3 T cell receptor alpha chain,Homo sapiens,pRLQ3 T cell receptor alpha chain
5W1V,E,E,GO_FALLBACK,Missing entry,GF4 T cell receptor beta chain,Homo sapiens,GF4 T cell receptor beta chain
5W1V,D,D,GO_FALLBACK,Missing entry,GF4 T cell receptor alpha chain,Homo sapiens,GF4 T cell receptor alpha chain
5JHD,E,E,GO_FALLBACK,Missing entry,TCRbeta chain,Homo sapiens,TCRbeta chain
2F53,E,E,GO_FALLBACK,Missing entry,"T-cell receptor, beta chain",Homo sapiens,"T-cell receptor, beta chain"
5JHD,D,D,GO_FALLBACK,Missing entry,TCRalpha chain,Homo sapiens,TCRalpha chain
8RYQ,E,E,GO_FALLBACK,Missing entry,TCR beta,Homo sapiens,TCR beta
8RYQ,D,D,GO_FALLBACK,Missing entry,TCR alpha,Homo sapiens,TCR alpha
5ISZ,E,E,GO_FALLBACK,Missing entry,TCRbeta chain,Homo sapiens,TCRbeta chain
5ISZ,D,D,GO_FALLBACK,Missing entry,TCRalpha chain,Homo sapiens,TCRalpha chain
2F53,D,D,P01848,TRAC,T cell receptor alpha chain constant,Homo sapiens,TRAC
8RYP,D,D,GO_FALLBACK,Missing entry,TCR alpha,Homo sapiens,TCR alpha
1QRN,E,E,GO_FALLBACK,Missing entry,"T-CELL RECEPTOR, BETA CHAIN",Homo sapiens,"T-CELL RECEPTOR, BETA CHAIN"
8RYP,E,E,GO_FALLBACK,Missing entry,TCR beta,Homo sapiens,TCR beta
8RLT,E,E,GO_FALLBACK,Missing entry,"T cell receptor beta variable 6-5,T cell receptor beta chain MC.7.G5",Homo sapiens,"T cell receptor beta variable 6-5,T cell receptor beta chain MC.7.G5"
8RLT,D,D,GO_FALLBACK,Missing entry,"T cell receptor alpha variable 12-2,T cell receptor alpha chain MC.7.G5",Homo sapiens,"T cell receptor alpha variable 12-2,T cell receptor alpha chain MC.7.G5"
6AVF,B,A,A0A0B4J268,TRAV4,T cell receptor alpha variable 4,Homo sapiens,TRAV4
6AVF,C,B,A0A5B6,TRBV28,T cell receptor beta variable 28,Homo sapiens,TRBV28
6VM9,E,E-2,GO_FALLBACK,Missing entry,T4H2 T cell receptor beta chain,Homo sapiens,T4H2 T cell receptor beta chain
6VM9,D,D-2,GO_FALLBACK,Missing entry,T4H2 T cell receptor alpha chain,Homo sapiens,T4H2 T cell receptor alpha chain
6AM5,E,E,GO_FALLBACK,Missing entry,DMF5 TCR beta chain,Homo sapiens,DMF5 TCR beta chain
6AM5,D,D,GO_FALLBACK,Missing entry,DMF5 TCR alpha chain,Homo sapiens,DMF5 TCR alpha chain
8RYN,E,E,GO_FALLBACK,Missing entry,TCR beta,Homo sapiens,TCR beta
8RYN,D,D,GO_FALLBACK,Missing entry,TCR alpha,Homo sapiens,TCR alpha
8EB2,E,M,GO_FALLBACK,Missing entry,PA2.1 Fab Light Chain,Homo sapiens,PA2.1 Fab Light Chain
8EB2,D,K,GO_FALLBACK,Missing entry,PA2.1 Fab Heavy Chain,Homo sapiens,PA2.1 Fab Heavy Chain
1QRN,D,D,P01848,TRAC,T cell receptor alpha chain constant,Homo sapiens,TRAC
7NMF,E,E,GO_FALLBACK,Missing entry,"Human T-cell Receptor 4C6, beta Chain",Homo sapiens,"Human T-cell Receptor 4C6, beta Chain"
7NMF,D,D,GO_FALLBACK,Missing entry,"Human T-cell Receptor 4C6, alpha Chain",Homo sapiens,"Human T-cell Receptor 4C6, alpha Chain"
8GON,E,E,GO_FALLBACK,Missing entry,SARS-CoV-2 specific private TCR RLQ7 beta,Homo sapiens,SARS-CoV-2 specific private TCR RLQ7 beta
8GON,D,D,GO_FALLBACK,Missing entry,SARS-CoV-2 specific private TCR RLQ7 alpha,Homo sapiens,SARS-CoV-2 specific private TCR RLQ7 alpha
6PAG,D,D,P43628,KIR2DL3,Killer cell immunoglobulin-like receptor 2DL3,Homo sapiens,KIR2DL3
7PB2,E,E,GO_FALLBACK,Missing entry,TCR beta,Homo sapiens,TCR beta
7PB2,D,D,GO_FALLBACK,Missing entry,TCR alpha,Homo sapiens,TCR alpha
5WKF,E,E,GO_FALLBACK,Missing entry,D30 TCR beta chain,Homo sapiens,D30 TCR beta chain
4N8V,D,G,P43631,KIR2DS2,Killer cell immunoglobulin-like receptor 2DS2,Homo sapiens,KIR2DS2
4JFE,E,E,P01850,TRBC1,T cell receptor beta constant 1,Homo sapiens,TRBC1
4JFE,D,D,P01848,TRAC,T cell receptor alpha chain constant,Homo sapiens,TRAC
5HYJ,E,E,GO_FALLBACK,Missing entry,"Human T-cell Receptor, Class I, Heavy beta Chain",Homo sapiens,"Human T-cell Receptor, Class I, Heavy beta Chain"
5HYJ,D,D,GO_FALLBACK,Missing entry,"Human T-cell Receptor, Class I, Light alpha Chain",Homo sapiens,"Human T-cell Receptor, Class I, Light alpha Chain"
3GJF,E,L,GO_FALLBACK,Missing entry,Antibody light chain,Homo sapiens,Antibody light chain
3GJF,D,H,GO_FALLBACK,Missing entry,Antibody heavy chain,Homo sapiens,Antibody heavy chain
8RLU,E,E,GO_FALLBACK,Missing entry,"T cell receptor beta variable 6-5,T cell receptor beta chain MC.7.G5",Homo sapiens,"T cell receptor beta variable 6-5,T cell receptor beta chain MC.7.G5"
8RLU,D,D,GO_FALLBACK,Missing entry,"T cell receptor alpha variable 12-2,T cell receptor alpha chain MC.7.G5",Homo sapiens,"T cell receptor alpha variable 12-2,T cell receptor alpha chain MC.7.G5"
5W1W,E,E,GO_FALLBACK,Missing entry,GF4 T cell receptor beta chain,Homo sapiens,GF4 T cell receptor beta chain
5WKF,D,D,GO_FALLBACK,Missing entry,"T-cell receptor alpha variable 30,T-cell receptor, sp3.4 alpha chain Chimera",Homo sapiens,"T-cell receptor alpha variable 30,T-cell receptor, sp3.4 alpha chain Chimera"
5W1W,D,D,GO_FALLBACK,Missing entry,GF4 T cell receptor alpha chain,Homo sapiens,GF4 T cell receptor alpha chain
6P64,E,E-3,GO_FALLBACK,Missing entry,302TIL TCR beta chain,Homo sapiens,302TIL TCR beta chain
5HHM,D,D,GO_FALLBACK,Missing entry,JM22 TCR alpha chain,Homo sapiens,JM22 TCR alpha chain
5HHM,E,E,GO_FALLBACK,Missing entry,JM22 TCR beta chain,Homo sapiens,JM22 TCR beta chain
6P64,D,D-3,GO_FALLBACK,Missing entry,302TIL TCR alpha chain,Homo sapiens,302TIL TCR alpha chain
3O4L,E,E,P01850,TRBC1,T cell receptor beta constant 1,Homo sapiens,TRBC1
3O4L,D,D,P01848,TRAC,T cell receptor alpha chain constant,Homo sapiens,TRAC
5C07,E,E,GO_FALLBACK,Missing entry,1E6 TCR Beta Chain,Homo sapiens,1E6 TCR Beta Chain
5C07,D,D,GO_FALLBACK,Missing entry,1E6 TCR Alpha Chain,Homo sapiens,1E6 TCR Alpha Chain
7OW5,E,E,GO_FALLBACK,Missing entry,TCR beta,Homo sapiens,TCR beta
5BRZ,D,D,GO_FALLBACK,Missing entry,"Protein TRAV21,T-cell receptor alpha chain C region",Homo sapiens,"Protein TRAV21,T-cell receptor alpha chain C region"
7OW5,D,D,GO_FALLBACK,Missing entry,TCR alpha,Homo sapiens,TCR alpha
9BL6,D,G,P43629,KIR3DL1,Killer cell immunoglobulin-like receptor 3DL1,Homo sapiens,KIR3DL1
5C0C,E,J,GO_FALLBACK,Missing entry,1E6 TCR Beta Chain,Homo sapiens,1E6 TCR Beta Chain
5BRZ,E,E,GO_FALLBACK,Missing entry,"Protein TRBV5-1,Human nkt tcr beta chain",Homo sapiens,"Protein TRBV5-1,Human nkt tcr beta chain"
4G8G,E,E,GO_FALLBACK,Missing entry,beta chain C12C TCR,Homo sapiens,beta chain C12C TCR
4G8G,D,D,GO_FALLBACK,Missing entry,alpha chain C12C TCR,Homo sapiens,alpha chain C12C TCR
6RP9,E,E,GO_FALLBACK,Missing entry,T-cell receptor beta chain,Homo sapiens,T-cell receptor beta chain
7PBC,B,AAA,GO_FALLBACK,Missing entry,T-cell receptor (TRAV/TRAC),Homo sapiens,T-cell receptor (TRAV/TRAC)
5C0C,D,I,GO_FALLBACK,Missing entry,1E6 TCR Alpha Chain,Homo sapiens,1E6 TCR Alpha Chain
7PBC,C,BBB,GO_FALLBACK,Missing entry,T-cell receptor (TRBV/TRBC),Homo sapiens,T-cell receptor (TRBV/TRBC)
6RP9,D,D,GO_FALLBACK,Missing entry,T-cell receptor alpha chain,Homo sapiens,T-cell receptor alpha chain
8F5A,C,C,GO_FALLBACK,Missing entry,KS1 TCR alpha chain,Homo sapiens,KS1 TCR alpha chain
8F5A,D,D,GO_FALLBACK,Missing entry,KS1 TCR beta chain,Homo sapiens,KS1 TCR beta chain
4WUU,E,E,GO_FALLBACK,Missing entry,IMMUNOGLOBULIN HEAVY CHAIN,Homo sapiens,IMMUNOGLOBULIN HEAVY CHAIN
4WUU,D,D,GO_FALLBACK,Missing entry,ESK1,Homo sapiens,ESK1
1W72,E,L,GO_FALLBACK,Missing entry,HYB3 LIGHT CHAIN,Homo sapiens,HYB3 LIGHT CHAIN
1W72,D,H,GO_FALLBACK,Missing entry,HYB3 HEAVY CHAIN,Homo sapiens,HYB3 HEAVY CHAIN
8SHI,D,G,GO_FALLBACK,Missing entry,T cell receptor alpha,Homo sapiens,T cell receptor alpha
8SHI,E,H,GO_FALLBACK,Missing entry,T cell receptor beta,Homo sapiens,T cell receptor beta
2P5E,E,E,GO_FALLBACK,Missing entry,Hypothetical protein,Homo sapiens,Hypothetical protein
4MNQ,E,E,P01850,TRBC1,T cell receptor beta constant 1,Homo sapiens,TRBC1
2VLK,E,E,P01850,TRBC1,T cell receptor beta constant 1,Homo sapiens,TRBC1
2VLK,D,D,P01848,TRAC,T cell receptor alpha chain constant,Homo sapiens,TRAC
5HHO,E,E,GO_FALLBACK,Missing entry,JM22 TCR beta chain,Homo sapiens,JM22 TCR beta chain
5HHO,D,D,GO_FALLBACK,Missing entry,JM22 TCR alpha chain,Homo sapiens,JM22 TCR alpha chain
6RSY,E,E,GO_FALLBACK,Missing entry,DMF4 Beta CHAIN,Homo sapiens,DMF4 Beta CHAIN
2P5E,D,D,P01848,TRAC,T cell receptor alpha chain constant,Homo sapiens,TRAC
6RSY,D,D,GO_FALLBACK,Missing entry,a7b2 ALPHA CHAIN,Homo sapiens,a7b2 ALPHA CHAIN
6R2L,D,D,GO_FALLBACK,Missing entry,"T cell receptor alpha variable 22,Human nkt tcr alpha chain",Homo sapiens,"T cell receptor alpha variable 22,Human nkt tcr alpha chain"
6R2L,E,E,GO_FALLBACK,Missing entry,"T cell receptor beta variable 11-2,Human nkt tcr beta chain",Homo sapiens,"T cell receptor beta variable 11-2,Human nkt tcr beta chain"
5E9D,E,E,A0A0K0K1A5,TRBV6-5,T cell receptor beta variable 6-5,Homo sapiens,TRBV6-5
5E9D,D,D,A0A075B6T6,TRAV12-2,T cell receptor alpha variable 12-2,Homo sapiens,TRAV12-2
6TRO,E,E,GO_FALLBACK,Missing entry,T-cell receptor beta chain,Homo sapiens,T-cell receptor beta chain
2GJ6,E,E,P01850,TRBC1,T cell receptor beta constant 1,Homo sapiens,TRBC1
2GJ6,D,D,P01848,TRAC,T cell receptor alpha chain constant,Homo sapiens,TRAC
6TRO,D,D,GO_FALLBACK,Missing entry,T-cell receptor alpha chain,Homo sapiens,T-cell receptor alpha chain
5WKH,E,E,GO_FALLBACK,Missing entry,D30 TCR beta chain,Homo sapiens,D30 TCR beta chain
3SJV,E,E,GO_FALLBACK,Missing entry,"RL42 T cell receptor, beta chain",Homo sapiens,"RL42 T cell receptor, beta chain"
5C08,E,E,GO_FALLBACK,Missing entry,1E6 TCR Beta Chain,Homo sapiens,1E6 TCR Beta Chain
5C08,D,D,GO_FALLBACK,Missing entry,1E6 TCR Alpha Chain,Homo sapiens,1E6 TCR Alpha Chain
6VMA,E,E-2,GO_FALLBACK,Missing entry,T4H2 T cell receptor beta chain,Homo sapiens,T4H2 T cell receptor beta chain
8EO8,E,E,GO_FALLBACK,Missing entry,3180 beta chain,Homo sapiens,3180 beta chain
8EO8,D,D,GO_FALLBACK,Missing entry,3180 alpha chain,Homo sapiens,3180 alpha chain
6VMA,D,D-2,GO_FALLBACK,Missing entry,T4H2 T cell receptor alpha chain,Homo sapiens,T4H2 T cell receptor alpha chain
7RM4,E,E,GO_FALLBACK,Missing entry,6-11 T cell receptor alpha chain,Homo sapiens,6-11 T cell receptor alpha chain
7RM4,D,D,GO_FALLBACK,Missing entry,6-11 T cell receptor beta chain,Homo sapiens,6-11 T cell receptor beta chain
3SJV,D,D,P01848,TRAC,T cell receptor alpha chain constant,Homo sapiens,TRAC
7RRG,E,E-2,GO_FALLBACK,Missing entry,"T cell receptor, beta chain",Homo sapiens,"T cell receptor, beta chain"
3D39,E,E,P01850,TRBC1,T cell receptor beta constant 1,Homo sapiens,TRBC1
3D39,D,D,P01848,TRAC,T cell receptor alpha chain constant,Homo sapiens,TRAC
5IRO,D,D,Q8BEL5,E3,Early E3 18.5 kDa glycoprotein,Human adenovirus E serotype 4,E3
7RRG,D,D-2,GO_FALLBACK,Missing entry,"T cell receptor, alpha chain",Homo sapiens,"T cell receptor, alpha chain"
7DZN,E,E,GO_FALLBACK,Missing entry,alpha chain T18A TCR,Homo sapiens,alpha chain T18A TCR
7DZN,D,D,GO_FALLBACK,Missing entry,beta chain T18A TCR,Homo sapiens,beta chain T18A TCR
8ES9,B,A,GO_FALLBACK,Missing entry,PN45428 TCR alpha chain,Homo sapiens,PN45428 TCR alpha chain
8ES9,C,B,GO_FALLBACK,Missing entry,PN45428 TCR beta chain,Homo sapiens,PN45428 TCR beta chain
5WKH,D,D,GO_FALLBACK,Missing entry,"T-cell receptor alpha variable 30,T-cell receptor, sp3.4 alpha chain",Homo sapiens,"T-cell receptor alpha variable 30,T-cell receptor, sp3.4 alpha chain"
3UTS,E,E,GO_FALLBACK,Missing entry,1E6 TCR Beta Chain,Homo sapiens,1E6 TCR Beta Chain
3UTS,D,D,GO_FALLBACK,Missing entry,1E6 TCR Alpha Chain,Homo sapiens,1E6 TCR Alpha Chain
5MEN,E,E,GO_FALLBACK,Missing entry,"Protein TRBV6-5,Human nkt tcr beta chain",Homo sapiens,"Protein TRBV6-5,Human nkt tcr beta chain"
5MEN,D,D,GO_FALLBACK,Missing entry,"Protein TRAV22,Human nkt tcr alpha chain",Homo sapiens,"Protein TRAV22,Human nkt tcr alpha chain"
8ES8,B,A,GO_FALLBACK,Missing entry,PN45545 TCR alpha chain,Homo sapiens,PN45545 TCR alpha chain
8ES8,C,B,GO_FALLBACK,Missing entry,PN45545 TCR beta chain,Homo sapiens,PN45545 TCR beta chain
9BL5,D,G,P43629,KIR3DL1,Killer cell immunoglobulin-like receptor 3DL1,Homo sapiens,KIR3DL1
1OGA,D,D,P01848,TRAC,T cell receptor alpha chain constant,Homo sapiens,TRAC
1OGA,E,E,P01850,TRBC1,T cell receptor beta constant 1,Homo sapiens,TRBC1
4JRX,D,D,P01848,TRAC,T cell receptor alpha chain constant,Homo sapiens,TRAC
6BJ2,E,E,K7N5M4,B2M,Missing entry,Homo sapiens,B2M
6BJ2,D,D,Q6IRV4,TRA@,Missing entry,Homo sapiens,TRA@
5C0B,D,D,GO_FALLBACK,Missing entry,1E6 TCR Alpha Chain,Homo sapiens,1E6 TCR Alpha Chain
5C0B,E,E,GO_FALLBACK,Missing entry,1E6 TCR Beta Chain,Homo sapiens,1E6 TCR Beta Chain
4E5X,D,G,P68979,Missing entry,Early E3 18.5 kDa glycoprotein,Human adenovirus C serotype 6,Early E3 18.5 kDa glycoprotein
1AO7,E,E,P01850,TRBC1,T cell receptor beta constant 1,Homo sapiens,TRBC1
4FTV,E,E,GO_FALLBACK,Missing entry,A6 beta chain,Homo sapiens,A6 beta chain
4FTV,D,D,GO_FALLBACK,Missing entry,A6 alpha chain,Homo sapiens,A6 alpha chain
3HAE,E,L,GO_FALLBACK,Missing entry,Antibody light chain,Homo sapiens,Antibody light chain
3HAE,D,H,GO_FALLBACK,Missing entry,Antibody heavy chain,Homo sapiens,Antibody heavy chain
5NMF,E,E,GO_FALLBACK,Missing entry,Human T-cell receptor Beta chain,Homo sapiens,Human T-cell receptor Beta chain
5NMF,D,D,GO_FALLBACK,Missing entry,HUman T-cell receptor Alpha chain,Homo sapiens,HUman T-cell receptor Alpha chain
7Q9A,E,E,GO_FALLBACK,Missing entry,"Human Mel5 T Cell Receptor, Beta Chain",Homo sapiens,"Human Mel5 T Cell Receptor, Beta Chain"
5C09,E,E,GO_FALLBACK,Missing entry,1E6 TCR Beta Chain,Homo sapiens,1E6 TCR Beta Chain
5C09,D,D,GO_FALLBACK,Missing entry,1E6 TCR Alpha Chain,Homo sapiens,1E6 TCR Alpha Chain
7Q9A,D,D,GO_FALLBACK,Missing entry,"Human Mel5 T Cell Receptor, Alpha Chain",Homo sapiens,"Human Mel5 T Cell Receptor, Alpha Chain"
7N1F,D,D,GO_FALLBACK,Missing entry,pYLQ7 T cell receptor alpha chain,Homo sapiens,pYLQ7 T cell receptor alpha chain
7N1F,E,E,GO_FALLBACK,Missing entry,pYLQ7 T cell receptor beta chain,Homo sapiens,pYLQ7 T cell receptor beta chain
6V3J,D,G,P43629,KIR3DL1,Killer cell immunoglobulin-like receptor 3DL1,Homo sapiens,KIR3DL1
6VM7,E,E-2,GO_FALLBACK,Missing entry,SILv44 T cell receptor beta chain,Homo sapiens,SILv44 T cell receptor beta chain
1AO7,D,D,GO_FALLBACK,Missing entry,T CELL RECEPTOR ALPHA,Homo sapiens,T CELL RECEPTOR ALPHA
6VM7,D,D-2,GO_FALLBACK,Missing entry,SILv44 T cell receptor alpha chain,Homo sapiens,SILv44 T cell receptor alpha chain
7NDU,E,EEE,GO_FALLBACK,Missing entry,"T cell receptor beta variable 7-9,T cell receptor beta joining 1-2,Human nkt tcr beta chain",Homo sapiens,"T cell receptor beta variable 7-9,T cell receptor beta joining 1-2,Human nkt tcr beta chain"
7NDU,D,DDD,GO_FALLBACK,Missing entry,"T cell receptor alpha variable 4,T cell receptor alpha joining 23,M1-specific T cell receptor alpha chain",Homo sapiens,"T cell receptor alpha variable 4,T cell receptor alpha joining 23,M1-specific T cell receptor alpha chain"
7NMG,E,E,GO_FALLBACK,Missing entry,"Human 4C6 T-cell Receptor, beta Chain",Homo sapiens,"Human 4C6 T-cell Receptor, beta Chain"
6UJ9,E,L,GO_FALLBACK,Missing entry,Fab light chain,Homo sapiens,Fab light chain
7NMG,D,D,GO_FALLBACK,Missing entry,"Human 4C6 T-cell Receptor, alpha Chain",Homo sapiens,"Human 4C6 T-cell Receptor, alpha Chain"
6UJ9,D,H,GO_FALLBACK,Missing entry,Fab heavy chain,Homo sapiens,Fab heavy chain
8EK5,D,E,GO_FALLBACK,Missing entry,10LH single chain fragment variable (scFv),Homo sapiens,10LH single chain fragment variable (scFv)
7QPJ,B,A,GO_FALLBACK,Missing entry,T-cell receptor alpha chain,Homo sapiens,T-cell receptor alpha chain
5EUO,C,E,GO_FALLBACK,Missing entry,PF6 TCR alpha chain,Homo sapiens,PF6 TCR alpha chain
7QPJ,C,B,GO_FALLBACK,Missing entry,T-cell receptor beta chain,Homo sapiens,T-cell receptor beta chain
5EUO,D,F,GO_FALLBACK,Missing entry,PF6 TCR beta chain,Homo sapiens,PF6 TCR beta chain
7Q9B,D,DDD,GO_FALLBACK,Missing entry,"Human T Cell Receptor Mel8, Alpha Chain",Homo sapiens,"Human T Cell Receptor Mel8, Alpha Chain"
8UDR,E,E,GO_FALLBACK,Missing entry,P1B7 Light Chain,Homo sapiens,P1B7 Light Chain
8UDR,D,D,GO_FALLBACK,Missing entry,P1B7 Heavy Chain,Homo sapiens,P1B7 Heavy Chain
7N2O,D,D,GO_FALLBACK,Missing entry,T-cell receptor alpha chain,Homo sapiens,T-cell receptor alpha chain
7N2O,E,F,GO_FALLBACK,Missing entry,T-cell receptor beta chain,Homo sapiens,T-cell receptor beta chain
7Q9B,E,EEE,GO_FALLBACK,Missing entry,"Human T Cell Receptor Mel8, Beta Chain",Homo sapiens,"Human T Cell Receptor Mel8, Beta Chain"
3VXM,D,D,GO_FALLBACK,Missing entry,C1-28 TCR alpha chain,Homo sapiens,C1-28 TCR alpha chain
4MJI,E,E,P01850,TRBC1,T cell receptor beta constant 1,Homo sapiens,TRBC1
4MJI,D,D,K7N5M3,B2M,Missing entry,Homo sapiens,B2M
3MV9,E,E,GO_FALLBACK,Missing entry,beta chain of the TK3 TCR,Homo sapiens,beta chain of the TK3 TCR
3MV9,D,D,GO_FALLBACK,Missing entry,alpha chain of the TK3 TCR,Homo sapiens,alpha chain of the TK3 TCR
3HG1,E,E,P01850,TRBC1,T cell receptor beta constant 1,Homo sapiens,TRBC1
3HG1,D,D,P01848,TRAC,T cell receptor alpha chain constant,Homo sapiens,TRAC
2BNR,E,E,GO_FALLBACK,Missing entry,T-CELL RECEPTOR BETA CHAIN C REGION,Homo sapiens,T-CELL RECEPTOR BETA CHAIN C REGION
2BNR,D,D,GO_FALLBACK,Missing entry,T-CELL RECEPTOR ALPHA CHAIN V REGION,Homo sapiens,T-CELL RECEPTOR ALPHA CHAIN V REGION
4JRY,D,D,P01848,TRAC,T cell receptor alpha chain constant,Homo sapiens,TRAC
4JRY,E,E,P01850,TRBC1,T cell receptor beta constant 1,Homo sapiens,TRBC1
6VMX,E,E,GO_FALLBACK,Missing entry,HD14 beta chain,Homo sapiens,HD14 beta chain
6VMX,D,D,GO_FALLBACK,Missing entry,HD14 alpha chain,Homo sapiens,HD14 alpha chain
7Q99,E,E,GO_FALLBACK,Missing entry,"Mel5 Human TCR, beta chain",Homo sapiens,"Mel5 Human TCR, beta chain"
7Q99,D,D,GO_FALLBACK,Missing entry,"Mel5 Human TCR, alpha chain",Homo sapiens,"Mel5 Human TCR, alpha chain"
5TEZ,E,J,GO_FALLBACK,Missing entry,TCR F50 beta chain,Homo sapiens,TCR F50 beta chain
5TEZ,D,I,GO_FALLBACK,Missing entry,TCR F50 alpha chain,Homo sapiens,TCR F50 alpha chain
7N2S,E,F,GO_FALLBACK,Missing entry,T cell receptor beta chain,Homo sapiens,T cell receptor beta chain
7N2S,D,D,GO_FALLBACK,Missing entry,T cell receptor alpha chain,Homo sapiens,T cell receptor alpha chain
6AMU,E,E,GO_FALLBACK,Missing entry,DMF5 TCR beta chain,Homo sapiens,DMF5 TCR beta chain
6AMU,D,D,GO_FALLBACK,Missing entry,DMF5 TCR alpha chain,Homo sapiens,DMF5 TCR alpha chain
4QRP,E,E,GO_FALLBACK,Missing entry,DD31 TCR beta chain,Homo sapiens,DD31 TCR beta chain
4QRP,D,D,GO_FALLBACK,Missing entry,DD31 TCR alpha chain,Homo sapiens,DD31 TCR alpha chain
9DL1,B,A,GO_FALLBACK,Missing entry,TRACeR-I,Homo sapiens,TRACeR-I
9DL1,D,D,GO_FALLBACK,Missing entry,TRACeR-I,Homo sapiens,TRACeR-I
2BNQ,D,D,GO_FALLBACK,Missing entry,T-CELL RECEPTOR ALPHA CHAIN V REGION,Homo sapiens,T-CELL RECEPTOR ALPHA CHAIN V REGION
2BNQ,E,E,GO_FALLBACK,Missing entry,T-CELL RECEPTOR BETA CHAIN C REGION,Homo sapiens,T-CELL RECEPTOR BETA CHAIN C REGION
7N2P,E,F,GO_FALLBACK,Missing entry,AS4.3 T cell receptor beta chain,Homo sapiens,AS4.3 T cell receptor beta chain
7N2P,D,D,GO_FALLBACK,Missing entry,AS4.3 T cell receptor alpha chain,Homo sapiens,AS4.3 T cell receptor alpha chain
6EQA,E,E,GO_FALLBACK,Missing entry,"Mel5 TCR, beta chain",Homo sapiens,"Mel5 TCR, beta chain"
6EQA,D,D,GO_FALLBACK,Missing entry,"Mel5 TCR, alpha chain",Homo sapiens,"Mel5 TCR, alpha chain"
9BL2,D,G,P43629,KIR3DL1,Killer cell immunoglobulin-like receptor 3DL1,Homo sapiens,KIR3DL1
3VXR,E,E,GO_FALLBACK,Missing entry,H27-14 TCR beta chain,Homo sapiens,H27-14 TCR beta chain
1MI5,E,E,P01850,TRBC1,T cell receptor beta constant 1,Homo sapiens,TRBC1
1MI5,D,D,P01848,TRAC,T cell receptor alpha chain constant,Homo sapiens,TRAC
3VXR,D,D,GO_FALLBACK,Missing entry,H27-14 TCR alpha chain,Homo sapiens,H27-14 TCR alpha chain
4JFD,E,E,P01850,TRBC1,T cell receptor beta constant 1,Homo sapiens,TRBC1
4JFD,D,D,P01848,TRAC,T cell receptor alpha chain constant,Homo sapiens,TRAC
6RPB,E,E,GO_FALLBACK,Missing entry,T-cell receptor beta chain,Homo sapiens,T-cell receptor beta chain
6RPB,D,D,GO_FALLBACK,Missing entry,T-cell receptor alpha chain,Homo sapiens,T-cell receptor alpha chain
5EU6,E,E,GO_FALLBACK,Missing entry,Human TCR Heavy Chain,Homo sapiens,Human TCR Heavy Chain
3QDM,E,E,GO_FALLBACK,Missing entry,DMF4 beta chain,Homo sapiens,DMF4 beta chain
5EU6,D,D,GO_FALLBACK,Missing entry,Human TCR Light Chain,Homo sapiens,Human TCR Light Chain
4L3E,E,E,GO_FALLBACK,Missing entry,DMF5 beta chain,Homo sapiens,DMF5 beta chain
4L3E,D,D,GO_FALLBACK,Missing entry,DMF5 alpha chain,Homo sapiens,DMF5 alpha chain
5T6Z,D,G,P43629,KIR3DL1,Killer cell immunoglobulin-like receptor 3DL1,Homo sapiens,KIR3DL1
6VMC,E,E-2,GO_FALLBACK,Missing entry,T4H2 T cell receptor beta chain,Homo sapiens,T4H2 T cell receptor beta chain
6VMC,D,D-2,GO_FALLBACK,Missing entry,T4H2 T cell receptor alpha chain,Homo sapiens,T4H2 T cell receptor alpha chain
6BJ3,E,H,K7N5M4,B2M,Missing entry,Homo sapiens,B2M
6BJ3,D,D,Q6IRV4,TRA@,Missing entry,Homo sapiens,TRA@
3QDM,D,D,P01848,TRAC,T cell receptor alpha chain constant,Homo sapiens,TRAC
8V51,E,E,GO_FALLBACK,Missing entry,D1 TCR beta chain,Homo sapiens,D1 TCR beta chain
8V51,D,D,GO_FALLBACK,Missing entry,D1 TCR alpha chain,Homo sapiens,D1 TCR alpha chain
5YXN,B,A,GO_FALLBACK,Missing entry,T cell receptor alpha chain,Homo sapiens,T cell receptor alpha chain
5YXN,C,B,GO_FALLBACK,Missing entry,T cell receptor beta chain,Homo sapiens,T cell receptor beta chain
6AVG,B,C,A0A0B4J268,TRAV4,T cell receptor alpha variable 4,Homo sapiens,TRAV4
6AVG,C,D,A0A0B4J1U6,TRBV9,T cell receptor beta variable 9,Homo sapiens,TRBV9
4PRI,E,E,P01850,TRBC1,T cell receptor beta constant 1,Homo sapiens,TRBC1
6ULN,E,E-2,GO_FALLBACK,Missing entry,TCR-V-beta-5-6*01,Homo sapiens,TCR-V-beta-5-6*01
6D7G,C,E,GO_FALLBACK,Missing entry,"T-CELL RECEPTOR GAMMA VARIABLE 8,T-CELL RECEPTOR GAMMA-2 CHAIN C REGION",Homo sapiens,"T-CELL RECEPTOR GAMMA VARIABLE 8,T-CELL RECEPTOR GAMMA-2 CHAIN C REGION"
6ULN,D,D-2,GO_FALLBACK,Missing entry,TCR-V-alpha-4*01,Homo sapiens,TCR-V-alpha-4*01
4PRI,D,D,P01848,TRAC,T cell receptor alpha chain constant,Homo sapiens,TRAC
6D7G,B,D,Q6PJ56,TRA@,Missing entry,Homo sapiens,TRA@
8FJA,E,E,GO_FALLBACK,Missing entry,REGN6972 Fab heavy chain,Homo sapiens,REGN6972 Fab heavy chain
8FJA,D,D,GO_FALLBACK,Missing entry,REGN6972 Fab light chain,Homo sapiens,REGN6972 Fab light chain
2YPL,E,E,GO_FALLBACK,Missing entry,AGA T-CELL RECEPTOR BETA CHAIN,Homo sapiens,AGA T-CELL RECEPTOR BETA CHAIN
2YPL,D,D,GO_FALLBACK,Missing entry,AGA T-CELL RECEPTOR ALPHA CHAIN,Homo sapiens,AGA T-CELL RECEPTOR ALPHA CHAIN
5C0A,E,E,GO_FALLBACK,Missing entry,1E6 TCR Beta Chain,Homo sapiens,1E6 TCR Beta Chain
5C0A,D,D,GO_FALLBACK,Missing entry,1E6 TCR Alpha Chain,Homo sapiens,1E6 TCR Alpha Chain
1IM3,D,D,P09713,US2,Unique short US2 glycoprotein,Human cytomegalovirus (strain AD169),US2
4PRP,E,E,P01850,TRBC1,T cell receptor beta constant 1,Homo sapiens,TRBC1
4PRP,D,D,P01848,TRAC,T cell receptor alpha chain constant,Homo sapiens,TRAC
5NQK,C,B,A0A075B6N1,TRBV19,T cell receptor beta variable 19,Homo sapiens,TRBV19
5NQK,B,A,P01848,TRAC,T cell receptor alpha chain constant,Homo sapiens,TRAC
7N2N,E,F,GO_FALLBACK,Missing entry,T cell receptor beta chain,Homo sapiens,T cell receptor beta chain
7N2N,D,D,GO_FALLBACK,Missing entry,T cell receptor alpha chain,Homo sapiens,T cell receptor alpha chain
9BLA,D,G,P43629,KIR3DL1,Killer cell immunoglobulin-like receptor 3DL1,Homo sapiens,KIR3DL1
5BS0,E,E,GO_FALLBACK,Missing entry,"Protein TRBV5-1,Human nkt tcr beta chain",Homo sapiens,"Protein TRBV5-1,Human nkt tcr beta chain"
3W0W,E,E,GO_FALLBACK,Missing entry,T36-5 TCR beta chain,Homo sapiens,T36-5 TCR beta chain
3W0W,D,D,GO_FALLBACK,Missing entry,T36-5 TCR alpha chain,Homo sapiens,T36-5 TCR alpha chain
5BS0,D,D,GO_FALLBACK,Missing entry,"Protein TRAV21,T-cell receptor alpha chain C region",Homo sapiens,"Protein TRAV21,T-cell receptor alpha chain C region"
7DZM,E,E,GO_FALLBACK,Missing entry,alpha chain T18A TCR,Homo sapiens,alpha chain T18A TCR
7DZM,D,D,GO_FALLBACK,Missing entry,beta chain T18A TCR,Homo sapiens,beta chain T18A TCR
6ULR,E,E-2,GO_FALLBACK,Missing entry,TCR-V-beta 5-6*01,Homo sapiens,TCR-V-beta 5-6*01
6ULR,D,D-2,GO_FALLBACK,Missing entry,TCR-V-alpha 4*01,Homo sapiens,TCR-V-alpha 4*01
6VRM,D,E,GO_FALLBACK,Missing entry,"TCR 12-6, beta chain",Homo sapiens,"TCR 12-6, beta chain"
6VRM,C,D,GO_FALLBACK,Missing entry,"T-cell receptor 12-6, alfa chain",Homo sapiens,"T-cell receptor 12-6, alfa chain"
5YXU,B,F-2,GO_FALLBACK,Missing entry,T cell receptor alpha chain,Homo sapiens,T cell receptor alpha chain
5YXU,C,G-2,GO_FALLBACK,Missing entry,T cell receptor beta chain,Homo sapiens,T cell receptor beta chain
5NHT,B,A,GO_FALLBACK,Missing entry,"T-cell receptor alpha variable 12-2,T-cell receptor, sp3.4 alpha chain",Homo sapiens,"T-cell receptor alpha variable 12-2,T-cell receptor, sp3.4 alpha chain"
7DZM,B,B,P61769,B2M,Beta-2-microglobulin,Homo sapiens,B2M
4PRH,D,D,P01848,TRAC,T cell receptor alpha chain constant,Homo sapiens,TRAC
4PRH,E,E,P01850,TRBC1,T cell receptor beta constant 1,Homo sapiens,TRBC1
5NHT,C,B,GO_FALLBACK,Missing entry,"T-cell receptor beta variable 19,TRB protein",Homo sapiens,"T-cell receptor beta variable 19,TRB protein"
2VLJ,E,E,P01850,TRBC1,T cell receptor beta constant 1,Homo sapiens,TRBC1
2VLJ,D,D,P01848,TRAC,T cell receptor alpha chain constant,Homo sapiens,TRAC
7L1D,E,E,GO_FALLBACK,Missing entry,"T cell receptor, beta chain",Homo sapiens,"T cell receptor, beta chain"
8CX4,E,F,GO_FALLBACK,Missing entry,AS8.4b,Homo sapiens,AS8.4b
7L1D,D,D,GO_FALLBACK,Missing entry,"T cell receptor, alpha chain",Homo sapiens,"T cell receptor, alpha chain"
8CX4,D,D,GO_FALLBACK,Missing entry,AS8.4a,Homo sapiens,AS8.4a
6RPA,E,E,GO_FALLBACK,Missing entry,T-cell receptor beta chain,Homo sapiens,T-cell receptor beta chain
6RPA,D,D,GO_FALLBACK,Missing entry,T-cell receptor alpha chain,Homo sapiens,T-cell receptor alpha chain
8GOM,E,E,GO_FALLBACK,Missing entry,SARS-CoV-2 specific private TCR RLQ7 beta,Homo sapiens,SARS-CoV-2 specific private TCR RLQ7 beta
3CDG,C,J,Q13241,KLRD1,Natural killer cells antigen CD94,Homo sapiens,KLRD1
3CDG,D,K,P26715,KLRC1,NKG2-A/NKG2-B type II integral membrane protein,Homo sapiens,KLRC1
8GOM,D,D,GO_FALLBACK,Missing entry,SARS-CoV-2 specific private TCR RLQ7 alpha,Homo sapiens,SARS-CoV-2 specific private TCR RLQ7 alpha
5NME,E,E,GO_FALLBACK,Missing entry,Human T-cell receptor beta chain,Homo sapiens,Human T-cell receptor beta chain
5NME,D,D,GO_FALLBACK,Missing entry,T-cell receptor Alpha chain,Homo sapiens,T-cell receptor Alpha chain
7PDW,B,AAA,GO_FALLBACK,Missing entry,T-cell receptor alpha chain (TRAV/TRAC),Homo sapiens,T-cell receptor alpha chain (TRAV/TRAC)
7PDW,C,BBB,GO_FALLBACK,Missing entry,T-cell receptor beta chain (TRBV/TRBC),Homo sapiens,T-cell receptor beta chain (TRBV/TRBC)
6VQO,C,D,GO_FALLBACK,Missing entry,"T-cell receptor 1a2, alfa chain",Homo sapiens,"T-cell receptor 1a2, alfa chain"
6VQO,D,E,GO_FALLBACK,Missing entry,"TCR receptor 1a2, beta chain",Homo sapiens,"TCR receptor 1a2, beta chain"
3FFC,E,E,P01850,TRBC1,T cell receptor beta constant 1,Homo sapiens,TRBC1
7TUE,C,D,O15533,TAPBP,Tapasin,Homo sapiens,TAPBP
3MV7,E,E,GO_FALLBACK,Missing entry,beta chain of the TK3 TCR,Homo sapiens,beta chain of the TK3 TCR
3FFC,D,D,P01848,TRAC,T cell receptor alpha chain constant,Homo sapiens,TRAC
3DTX,C,B,P61769,B2M,Beta-2-microglobulin,Homo sapiens,B2M
5T70,D,G,P43629,KIR3DL1,Killer cell immunoglobulin-like receptor 3DL1,Homo sapiens,KIR3DL1
6TMO,E,E,GO_FALLBACK,Missing entry,Beta chain of high affinity engineered T-cell receptor,Homo sapiens,Beta chain of high affinity engineered T-cell receptor
3MV7,D,D,GO_FALLBACK,Missing entry,alpha chain of the TK3 TCR,Homo sapiens,alpha chain of the TK3 TCR
7K81,D,G,P43629,KIR3DL1,Killer cell immunoglobulin-like receptor 3DL1,Homo sapiens,KIR3DL1
6TMO,D,D,GO_FALLBACK,Missing entry,Alpha chain of engineered high affinity T-cell receptor,Homo sapiens,Alpha chain of engineered high affinity T-cell receptor
7R80,B,A,GO_FALLBACK,Missing entry,Alpha chain of C3 TCR,Homo sapiens,Alpha chain of C3 TCR
6BJ8,D,D,Q6IRV4,TRA@,Missing entry,Homo sapiens,TRA@
6BJ8,E,H,K7N5M4,B2M,Missing entry,Homo sapiens,B2M
7R80,C,B,GO_FALLBACK,Missing entry,Beta Chain of C3 TCR,Homo sapiens,Beta Chain of C3 TCR
8DNT,B,A,GO_FALLBACK,Missing entry,T-cell receptor alpha chain,Homo sapiens,T-cell receptor alpha chain
8DNT,C,B,GO_FALLBACK,Missing entry,T-cell receptor beta chain,Homo sapiens,T-cell receptor beta chain
7PHR,B,A,GO_FALLBACK,Missing entry,T-cell receptor alpha chain,Homo sapiens,T-cell receptor alpha chain
7PHR,C,B,GO_FALLBACK,Missing entry,T-cell receptor beta chain,Homo sapiens,T-cell receptor beta chain
6DKP,E,E,GO_FALLBACK,Missing entry,DMF5 T-cell Receptor Beta Chain fusion,Homo sapiens,DMF5 T-cell Receptor Beta Chain fusion
6DKP,D,D,GO_FALLBACK,Missing entry,DMF5 T-cell Receptor Alpha Chain fusion,Homo sapiens,DMF5 T-cell Receptor Alpha Chain fusion
7STF,E,L,GO_FALLBACK,Missing entry,"IgG, Fab Light Chain V2",Homo sapiens,"IgG, Fab Light Chain V2"
7STF,D,H,GO_FALLBACK,Missing entry,"IgG, Fab Heavy Chain V2",Homo sapiens,"IgG, Fab Heavy Chain V2"
7K80,D,G,P43629,KIR3DL1,Killer cell immunoglobulin-like receptor 3DL1,Homo sapiens,KIR3DL1
2PYE,E,E,GO_FALLBACK,Missing entry,"T-Cell Receptor, Beta Chain",Homo sapiens,"T-Cell Receptor, Beta Chain"
8GVB,B,A,GO_FALLBACK,Missing entry,TD08 TCR alpha chain,Homo sapiens,TD08 TCR alpha chain
8GVB,C,B,GO_FALLBACK,Missing entry,TD08 TCR beta chain,Homo sapiens,TD08 TCR beta chain
9BL3,D,G,P43629,KIR3DL1,Killer cell immunoglobulin-like receptor 3DL1,Homo sapiens,KIR3DL1
2AK4,E,E,P01850,TRBC1,T cell receptor beta constant 1,Homo sapiens,TRBC1
3VH8,D,G,P43629,KIR3DL1,Killer cell immunoglobulin-like receptor 3DL1,Homo sapiens,KIR3DL1
2AK4,D,D,P01848,TRAC,T cell receptor alpha chain constant,Homo sapiens,TRAC
6PA1,D,D,P43627,KIR2DL2,Killer cell immunoglobulin-like receptor 2DL2,Homo sapiens,KIR2DL2
5B38,D,G,P43629,KIR3DL1,Killer cell immunoglobulin-like receptor 3DL1,Homo sapiens,KIR3DL1
6ENY,D,C,O15533,TAPBP,Tapasin,Homo sapiens,TAPBP
2PYE,D,D,P01848,TRAC,T cell receptor alpha chain constant,Homo sapiens,TRAC
3KPS,E,E,P01850,TRBC1,T cell receptor beta constant 1,Homo sapiens,TRBC1
8V4Z,E,E,GO_FALLBACK,Missing entry,D1 TCR beta chain,Homo sapiens,D1 TCR beta chain
3KPS,D,D,P01848,TRAC,T cell receptor alpha chain constant,Homo sapiens,TRAC
6D78,E,E,K7N5M4,B2M,Missing entry,Homo sapiens,B2M
8V4Z,D,D,GO_FALLBACK,Missing entry,D1 TCR alpha chain,Homo sapiens,D1 TCR alpha chain
6VRN,C,D,GO_FALLBACK,Missing entry,"T-cell receptor 38-10, alfa chain",Homo sapiens,"T-cell receptor 38-10, alfa chain"
6VRN,D,E,GO_FALLBACK,Missing entry,"TCR repeptor 38-10, beta chain",Homo sapiens,"TCR repeptor 38-10, beta chain"
6D78,D,D,K7N5M3,B2M,Missing entry,Homo sapiens,B2M
8TNJ,B,C,GO_FALLBACK,Missing entry,B.8 Fab light chain,Homo sapiens,B.8 Fab light chain
8TNJ,C,D,GO_FALLBACK,Missing entry,B.8 Fab heavy chain,Homo sapiens,B.8 Fab heavy chain
5NMG,E,E,GO_FALLBACK,Missing entry,Human T-cell Receptor beta chain,Homo sapiens,Human T-cell Receptor beta chain
5NMG,D,D,GO_FALLBACK,Missing entry,Human T-cell receptor alpha chain,Homo sapiens,Human T-cell receptor alpha chain
3QDG,E,E,GO_FALLBACK,Missing entry,DMF5 beta chain,Homo sapiens,DMF5 beta chain
8RJ5,E,E,GO_FALLBACK,Missing entry,P1-15 T-cell Receptor Beta Chain,Homo sapiens,P1-15 T-cell Receptor Beta Chain
8RJ5,D,D,GO_FALLBACK,Missing entry,P1-15 T-cell Receptor Alpha Chain,Homo sapiens,P1-15 T-cell Receptor Alpha Chain
8FJB,E,E,GO_FALLBACK,Missing entry,H2aM31345N Fab heavy chain,Homo sapiens,H2aM31345N Fab heavy chain
8FJB,D,D,GO_FALLBACK,Missing entry,H2aM31345N Fab light chain,Homo sapiens,H2aM31345N Fab light chain
9BL9,D,G,P43629,KIR3DL1,Killer cell immunoglobulin-like receptor 3DL1,Homo sapiens,KIR3DL1
5D2L,D,J,GO_FALLBACK,Missing entry,C7 TCR beta chain,Homo sapiens,C7 TCR beta chain
5D2L,C,I,GO_FALLBACK,Missing entry,C7 TCR alpha chain,Homo sapiens,C7 TCR alpha chain
6EQB,D,D,GO_FALLBACK,Missing entry,"High Affinity Mel5 TCR, alpha chain",Homo sapiens,"High Affinity Mel5 TCR, alpha chain"
6EQB,E,E,GO_FALLBACK,Missing entry,"High Affinity Mel5 TCR, beta chain",Homo sapiens,"High Affinity Mel5 TCR, beta chain"
3KPR,E,E,P01850,TRBC1,T cell receptor beta constant 1,Homo sapiens,TRBC1
3KPR,D,D,P01848,TRAC,T cell receptor alpha chain constant,Homo sapiens,TRAC
3QDG,D,D,P01848,TRAC,T cell receptor alpha chain constant,Homo sapiens,TRAC
3DXA,E,E,P01850,TRBC1,T cell receptor beta constant 1,Homo sapiens,TRBC1
3DXA,D,D,P01848,TRAC,T cell receptor alpha chain constant,Homo sapiens,TRAC
3QEQ,E,E,GO_FALLBACK,Missing entry,DMF4 beta chain,Homo sapiens,DMF4 beta chain
9BL4,D,G,P43629,KIR3DL1,Killer cell immunoglobulin-like receptor 3DL1,Homo sapiens,KIR3DL1
2P5W,E,E,GO_FALLBACK,Missing entry,Hypothetical protein,Homo sapiens,Hypothetical protein
3MV8,E,E,GO_FALLBACK,Missing entry,beta chain of the TK3 TCR,Homo sapiens,beta chain of the TK3 TCR
3MV8,D,D,GO_FALLBACK,Missing entry,alpha chain of the TK3 TCR,Homo sapiens,alpha chain of the TK3 TCR
8GVG,B,A,GO_FALLBACK,Missing entry,TD08 TCR alpha chain,Homo sapiens,TD08 TCR alpha chain
8GVG,C,B,GO_FALLBACK,Missing entry,TD08 TCR beta chain,Homo sapiens,TD08 TCR beta chain
4EUP,E,H,GO_FALLBACK,Missing entry,JKF6 beta chain,Homo sapiens,JKF6 beta chain
4EUP,D,G,GO_FALLBACK,Missing entry,JKF6 alpha chain,Homo sapiens,JKF6 alpha chain
3QDJ,E,E,GO_FALLBACK,Missing entry,DMF5 beta chain,Homo sapiens,DMF5 beta chain
7RE7,E,J-2,GO_FALLBACK,Missing entry,Fab light chain,Homo sapiens,Fab light chain
7RE7,D,I-2,GO_FALLBACK,Missing entry,Fab heavy chain,Homo sapiens,Fab heavy chain
3QEQ,D,D,P01848,TRAC,T cell receptor alpha chain constant,Homo sapiens,TRAC
2P5W,D,D,P01848,TRAC,T cell receptor alpha chain constant,Homo sapiens,TRAC
8VRA,E,E,GO_FALLBACK,Missing entry,R023 Fab heavy chain,Homo sapiens,R023 Fab heavy chain
5B39,D,G,P43629,KIR3DL1,Killer cell immunoglobulin-like receptor 3DL1,Homo sapiens,KIR3DL1
3WUW,D,G,P43629,KIR3DL1,Killer cell immunoglobulin-like receptor 3DL1,Homo sapiens,KIR3DL1
8VRA,D,D,GO_FALLBACK,Missing entry,R023 Fab light chain,Homo sapiens,R023 Fab light chain
4G9F,E,E,GO_FALLBACK,Missing entry,beta chain C12C TCR,Homo sapiens,beta chain C12C TCR
4G9F,D,D,GO_FALLBACK,Missing entry,alpha chain C12C TCR,Homo sapiens,alpha chain C12C TCR
5D2N,B,C,GO_FALLBACK,Missing entry,C25 alpha,Homo sapiens,C25 alpha
3QDJ,D,D,P01848,TRAC,T cell receptor alpha chain constant,Homo sapiens,TRAC
5D2N,C,F,GO_FALLBACK,Missing entry,C25 beta,Homo sapiens,C25 beta
8T7R,H,g,GO_FALLBACK,Missing entry,Light chain from antibody JTK191b E07,Homo sapiens,Light chain from antibody JTK191b E07
8T7R,I,h,GO_FALLBACK,Missing entry,Fab heavy chain from antibody JTK191b E07,Homo sapiens,Fab heavy chain from antibody JTK191b E07
8VR9,D,D,GO_FALLBACK,Missing entry,R023 Fab light chain,Homo sapiens,R023 Fab light chain
8VR9,E,E,GO_FALLBACK,Missing entry,R023 Fab heavy chain,Homo sapiens,R023 Fab heavy chain
2VLR,E,E,P01850,TRBC1,T cell receptor beta constant 1,Homo sapiens,TRBC1
2VLR,D,D,P01848,TRAC,T cell receptor alpha chain constant,Homo sapiens,TRAC
8T6M,E,D,GO_FALLBACK,Missing entry,JTK191b_L02_Fab,Homo sapiens,JTK191b_L02_Fab
8T6M,B,A,GO_FALLBACK,Missing entry,JTK191b_M07_Light,Homo sapiens,JTK191b_M07_Light
8T6M,C,B,GO_FALLBACK,Missing entry,JTK191b_M07_Fab,Homo sapiens,JTK191b_M07_Fab
8T6M,D,C,GO_FALLBACK,Missing entry,JTK191b_L02_Light,Homo sapiens,JTK191b_L02_Light
8RRO,B,A,P01848,TRAC,T cell receptor alpha chain constant,Homo sapiens,TRAC
6UON,E,H,GO_FALLBACK,Missing entry,TCR-V-beta-10-2*01,Homo sapiens,TCR-V-beta-10-2*01
8RRO,C,B,P01850,TRBC1,T cell receptor beta constant 1,Homo sapiens,TRBC1
6UON,D,G,GO_FALLBACK,Missing entry,TCR-V-alpha-12-02*01,Homo sapiens,TCR-V-alpha-12-02*01
8YIV,E,E,P0DTU4,TRB,T cell receptor beta chain MC.7.G5,Homo sapiens,TRB
8YIV,D,D,P01848,TRAC,T cell receptor alpha chain constant,Homo sapiens,TRAC
7N2Q,D,D,GO_FALLBACK,Missing entry,AS4.3 T cell receptor alpha chain,Homo sapiens,AS4.3 T cell receptor alpha chain
7N2Q,E,F,GO_FALLBACK,Missing entry,AS4.3 T cell receptor beta chain,Homo sapiens,AS4.3 T cell receptor beta chain
8V50,E,E,GO_FALLBACK,Missing entry,D1 TCR beta chain,Homo sapiens,D1 TCR beta chain
8V50,D,D,GO_FALLBACK,Missing entry,D1 TCR alpha chain,Homo sapiens,D1 TCR alpha chain
8GVI,B,A,GO_FALLBACK,Missing entry,H25-11 TCR alpha chain,Homo sapiens,H25-11 TCR alpha chain
8GVI,C,B,GO_FALLBACK,Missing entry,H25-11 TCR beta chain,Homo sapiens,H25-11 TCR beta chain
8VRB,E,E,GO_FALLBACK,Missing entry,R023 Fab heavy chain,Homo sapiens,R023 Fab heavy chain
8VRB,D,D,GO_FALLBACK,Missing entry,R023 Fab light chain,Homo sapiens,R023 Fab light chain
8YJ2,E,E,P0DTU4,TRB,T cell receptor beta chain MC.7.G5,Homo sapiens,TRB
8YJ2,D,D,P01848,TRAC,T cell receptor alpha chain constant,Homo sapiens,TRAC
5E6I,C,H,GO_FALLBACK,Missing entry,T-cell receptor beta-2 chain C region,Homo sapiens,T-cell receptor beta-2 chain C region
3CII,E,H,P26715,KLRC1,NKG2-A/NKG2-B type II integral membrane protein,Homo sapiens,KLRC1
3CII,D,G,Q13241,KLRD1,Natural killer cells antigen CD94,Homo sapiens,KLRD1
7QPD,F,T,O15533,TAPBP,Tapasin,Homo sapiens,TAPBP
7DUU,D,D,P43631,KIR2DS2,Killer cell immunoglobulin-like receptor 2DS2,Homo sapiens,KIR2DS2
6PUI,B,B,GO_FALLBACK,Missing entry,Human TCR alpha chain,Homo sapiens,Human TCR alpha chain
1EFX,D,D,P43627,KIR2DL2,Killer cell immunoglobulin-like receptor 2DL2,Homo sapiens,KIR2DL2
6PUI,C,G,GO_FALLBACK,Missing entry,Human TCR beta chain,Homo sapiens,Human TCR beta chain
5U1R,B,D,GO_FALLBACK,Missing entry,MAIT T-cell receptor alpha chain,Homo sapiens,MAIT T-cell receptor alpha chain
8TMU,C,C-2,P43627,KIR2DL2,Killer cell immunoglobulin-like receptor 2DL2,Homo sapiens,KIR2DL2
5U1R,C,E,GO_FALLBACK,Missing entry,MAIT T-cell receptor beta chain,Homo sapiens,MAIT T-cell receptor beta chain
5U72,B,B,GO_FALLBACK,Missing entry,MAIT T-cell receptor alpha chain,Homo sapiens,MAIT T-cell receptor alpha chain
5E6I,B,G,K7N5M3,B2M,Missing entry,Homo sapiens,B2M
1IM9,D,D,P43626,KIR2DL1,Killer cell immunoglobulin-like receptor 2DL1,Homo sapiens,KIR2DL1
9C3E,B,A,P01848,TRAC,T cell receptor alpha chain constant,Homo sapiens,TRAC
9C3E,C,B,P0DTU4,TRB,T cell receptor beta chain MC.7.G5,Homo sapiens,TRB
5U72,C,G,GO_FALLBACK,Missing entry,MAIT T-cell receptor beta chain,Homo sapiens,MAIT T-cell receptor beta chain
6PUL,B,B,GO_FALLBACK,Missing entry,TRA@ protein,Homo sapiens,TRA@ protein
6PUL,C,G,GO_FALLBACK,Missing entry,Human TCR beta chain,Homo sapiens,Human TCR beta chain
5U16,C,G,GO_FALLBACK,Missing entry,MAIT T-cell receptor alpha chain,Homo sapiens,MAIT T-cell receptor alpha chain
5U16,D,H,GO_FALLBACK,Missing entry,MAIT T-cell receptor beta chain,Homo sapiens,MAIT T-cell receptor beta chain
6PUD,C,G,GO_FALLBACK,Missing entry,Human TCR alpha chain,Homo sapiens,Human TCR alpha chain
6PUD,D,H,GO_FALLBACK,Missing entry,Human TCR beta chain,Homo sapiens,Human TCR beta chain
6XQP,C,E,GO_FALLBACK,Missing entry,TRAV12-2 alpha chain,Homo sapiens,TRAV12-2 alpha chain
6XQP,D,F,GO_FALLBACK,Missing entry,TRBV29-1,Homo sapiens,TRBV29-1
7ZT8,C,D,GO_FALLBACK,Missing entry,TCR alpha,Homo sapiens,TCR alpha
7ZT8,D,E,GO_FALLBACK,Missing entry,TCR beta,Homo sapiens,TCR beta
9BTX,C,G,GO_FALLBACK,Missing entry,Human TCR TRAV1-2_ALPHA,Homo sapiens,Human TCR TRAV1-2_ALPHA
9BTX,D,H,GO_FALLBACK,Missing entry,Human TCR TRBV6-1_BETA,Homo sapiens,Human TCR TRBV6-1_BETA
5U6Q,B,D,GO_FALLBACK,Missing entry,MAIT T-cell receptor alpha chain,Homo sapiens,MAIT T-cell receptor alpha chain
5U6Q,C,E,GO_FALLBACK,Missing entry,MAIT T-cell receptor beta chain,Homo sapiens,MAIT T-cell receptor beta chain
6PUM,C,G,GO_FALLBACK,Missing entry,TCR alpha chain,Homo sapiens,TCR alpha chain
6PUM,D,H,GO_FALLBACK,Missing entry,TCR beta chain,Homo sapiens,TCR beta chain
6PUC,C,G,GO_FALLBACK,Missing entry,Human TCR alpha chain,Homo sapiens,Human TCR alpha chain
6PUC,D,H,GO_FALLBACK,Missing entry,Human TCR beta chain,Homo sapiens,Human TCR beta chain
6PUJ,B,B,GO_FALLBACK,Missing entry,Human TCR alpha chain,Homo sapiens,Human TCR alpha chain
6PUJ,C,G,GO_FALLBACK,Missing entry,Human TCR beta chain,Homo sapiens,Human TCR beta chain
9CGS,C,G,GO_FALLBACK,Missing entry,TCR TRAV1-2,Homo sapiens,TCR TRAV1-2
9CGS,D,H,GO_FALLBACK,Missing entry,TCR TRBV6-1,Homo sapiens,TCR TRBV6-1
6W9U,C,G,GO_FALLBACK,Missing entry,TCR-alpha chain,Homo sapiens,TCR-alpha chain
6W9U,D,H,GO_FALLBACK,Missing entry,TCR-beta chain,Homo sapiens,TCR-beta chain
6PUH,B,B,GO_FALLBACK,Missing entry,Human TCR alpha chain,Homo sapiens,Human TCR alpha chain
6PUH,C,G,GO_FALLBACK,Missing entry,Human TCR beta chain,Homo sapiens,Human TCR beta chain
9CGR,C,G,GO_FALLBACK,Missing entry,TCR TRAV1-2,Homo sapiens,TCR TRAV1-2
9CGR,D,H,GO_FALLBACK,Missing entry,TCR TRBV 6-1,Homo sapiens,TCR TRBV 6-1
4L4V,C,G,Q6P4G7,TRA@,Missing entry,Homo sapiens,TRA@
4L4V,D,H,P01850,TRBC1,T cell receptor beta constant 1,Homo sapiens,TRBC1
4PJF,C,G,GO_FALLBACK,Missing entry,TCR-alpha,Homo sapiens,TCR-alpha
4PJF,D,H,GO_FALLBACK,Missing entry,TCR-beta,Homo sapiens,TCR-beta
5D7I,C,G,GO_FALLBACK,Missing entry,M33.64 TCR Alpha Chain,Homo sapiens,M33.64 TCR Alpha Chain
5D7I,D,H,GO_FALLBACK,Missing entry,M33.64 TCR Beta Chain,Homo sapiens,M33.64 TCR Beta Chain
6PVD,C,G,GO_FALLBACK,Missing entry,Human TCR alpha chain,Homo sapiens,Human TCR alpha chain
6PVD,D,H,GO_FALLBACK,Missing entry,Human TCR beta chain,Homo sapiens,Human TCR beta chain
6PVC,C,G,GO_FALLBACK,Missing entry,Human TCR alpha chain,Homo sapiens,Human TCR alpha chain
8Y6X,C,D,P01848,TRAC,T cell receptor alpha chain constant,Homo sapiens,TRAC
6PVC,D,H,GO_FALLBACK,Missing entry,Human TCR beta chain,Homo sapiens,Human TCR beta chain
6PUF,C,G,GO_FALLBACK,Missing entry,Human TCR alpha chain,Homo sapiens,Human TCR alpha chain
6PUF,D,H,GO_FALLBACK,Missing entry,Human TCR beta chain,Homo sapiens,Human TCR beta chain
4PJI,C,G,GO_FALLBACK,Missing entry,TCR-alpha,Homo sapiens,TCR-alpha
8Y6X,D,E,P0DTU4,TRB,T cell receptor beta chain MC.7.G5,Homo sapiens,TRB
4PJI,D,H,GO_FALLBACK,Missing entry,TCR-beta,Homo sapiens,TCR-beta
5U2V,C,G,GO_FALLBACK,Missing entry,MAIT T-cell receptor alpha chain,Homo sapiens,MAIT T-cell receptor alpha chain
5U2V,D,H,GO_FALLBACK,Missing entry,MAIT T-cell receptor beta chain,Homo sapiens,MAIT T-cell receptor beta chain
4PJ5,C,G,GO_FALLBACK,Missing entry,TCR-alpha,Homo sapiens,TCR-alpha
4PJ5,D,H,GO_FALLBACK,Missing entry,TCR-beta,Homo sapiens,TCR-beta
9BTY,C,G,GO_FALLBACK,Missing entry,Human TCR TRAV1-2_ALPHA,Homo sapiens,Human TCR TRAV1-2_ALPHA
9BTY,D,H,GO_FALLBACK,Missing entry,Human TCR TRBV6-1_BETA,Homo sapiens,Human TCR TRBV6-1_BETA
6PUG,C,G,GO_FALLBACK,Missing entry,Human TCR alpha chain,Homo sapiens,Human TCR alpha chain
4NQE,C,G,Q6P4G7,TRA@,Missing entry,Homo sapiens,TRA@
6PUG,D,H,GO_FALLBACK,Missing entry,Human TCR beta chain,Homo sapiens,Human TCR beta chain
4NQE,D,H,P01850,TRBC1,T cell receptor beta constant 1,Homo sapiens,TRBC1
6PUE,C,G,GO_FALLBACK,Missing entry,Human TCR alpha chain,Homo sapiens,Human TCR alpha chain
6PUE,D,H,GO_FALLBACK,Missing entry,Human TCR beta chain,Homo sapiens,Human TCR beta chain
5U17,B,B,GO_FALLBACK,Missing entry,MAIT T-cell receptor alpha chain,Homo sapiens,MAIT T-cell receptor alpha chain
5U17,C,G,GO_FALLBACK,Missing entry,MAIT T-cell receptor beta chain,Homo sapiens,MAIT T-cell receptor beta chain
7ZT3,D,E,GO_FALLBACK,Missing entry,TCR beta,Homo sapiens,TCR beta
7ZT3,C,D,GO_FALLBACK,Missing entry,TCR alpha,Homo sapiens,TCR alpha
4PJE,C,E,GO_FALLBACK,Missing entry,TCR-alpha,Homo sapiens,TCR-alpha
4PJE,D,F,GO_FALLBACK,Missing entry,TCR-beta,Homo sapiens,TCR-beta
4PJ8,C,C,GO_FALLBACK,Missing entry,TCR-alpha,Homo sapiens,TCR-alpha
4PJ8,D,D,GO_FALLBACK,Missing entry,TCR-beta,Homo sapiens,TCR-beta
6PUK,B,B,GO_FALLBACK,Missing entry,TRA@ protein,Homo sapiens,TRA@ protein
6PUK,C,G,GO_FALLBACK,Missing entry,Human TCR beta chain,Homo sapiens,Human TCR beta chain
6W9V,C,G,GO_FALLBACK,Missing entry,TCR-alpha chain,Homo sapiens,TCR-alpha chain
6W9V,D,H,GO_FALLBACK,Missing entry,TCR-beta chain,Homo sapiens,TCR-beta chain
7ZT2,C,D,GO_FALLBACK,Missing entry,E8 TCR Alpha,Homo sapiens,E8 TCR Alpha
7ZT2,D,E,GO_FALLBACK,Missing entry,E8 TCR beta,Homo sapiens,E8 TCR beta
4PJ9,C,C,GO_FALLBACK,Missing entry,TCR-alpha,Homo sapiens,TCR-alpha
4PJ9,D,D,GO_FALLBACK,Missing entry,TCR-beta,Homo sapiens,TCR-beta
9BTZ,D,H,GO_FALLBACK,Missing entry,Human TCR TRBV6-1_BETA,Homo sapiens,Human TCR TRBV6-1_BETA
9BTZ,C,G,GO_FALLBACK,Missing entry,Human TCR TRAV1-2_ALPHA,Homo sapiens,Human TCR TRAV1-2_ALPHA
4PJG,C,G,GO_FALLBACK,Missing entry,TCR-alpha,Homo sapiens,TCR-alpha
4PJG,D,H,GO_FALLBACK,Missing entry,TCR-beta,Homo sapiens,TCR-beta
4PJC,C,E,GO_FALLBACK,Missing entry,TCR-alpha,Homo sapiens,TCR-alpha
4PJC,D,F,GO_FALLBACK,Missing entry,TCR-beta,Homo sapiens,TCR-beta
7UFJ,C,G,GO_FALLBACK,Missing entry,MAIT T-cell receptor alpha chain,Homo sapiens,MAIT T-cell receptor alpha chain
7UFJ,D,H,GO_FALLBACK,Missing entry,MAIT T-cell receptor beta chain,Homo sapiens,MAIT T-cell receptor beta chain
5D7J,B,A,GO_FALLBACK,Missing entry,M33.64 TCR Alpha Chain,Homo sapiens,M33.64 TCR Alpha Chain
5D7J,C,B,GO_FALLBACK,Missing entry,M33.64 TCR Beta Chain,Homo sapiens,M33.64 TCR Beta Chain
4PJ7,C,G,GO_FALLBACK,Missing entry,TCR-alpha,Homo sapiens,TCR-alpha
4PJ7,D,H,GO_FALLBACK,Missing entry,TCR-beta,Homo sapiens,TCR-beta
9BU0,C,G,GO_FALLBACK,Missing entry,Human TCR TRAV1-2_ALPHA,Homo sapiens,Human TCR TRAV1-2_ALPHA
9BU0,D,H,GO_FALLBACK,Missing entry,Human TCR TRBV6-1_BETA,Homo sapiens,Human TCR TRBV6-1_BETA
4PJH,C,E,GO_FALLBACK,Missing entry,TCR-alpha,Homo sapiens,TCR-alpha
4PJH,D,F,GO_FALLBACK,Missing entry,TCR-beta,Homo sapiens,TCR-beta
7ZT5,C,D,GO_FALLBACK,Missing entry,TCR alpha,Homo sapiens,TCR alpha
7ZT5,D,E,GO_FALLBACK,Missing entry,TCR beta,Homo sapiens,TCR beta
4PJD,C,E,GO_FALLBACK,Missing entry,TCR-alpha,Homo sapiens,TCR-alpha
4PJD,D,F,GO_FALLBACK,Missing entry,TCR-beta,Homo sapiens,TCR-beta
7ZT7,C,D,GO_FALLBACK,Missing entry,TCR alpha,Homo sapiens,TCR alpha
7ZT7,D,E,GO_FALLBACK,Missing entry,TCR beta,Homo sapiens,TCR beta
4PJX,C,E,GO_FALLBACK,Missing entry,TCR-alpha,Homo sapiens,TCR-alpha
4PJX,D,F,GO_FALLBACK,Missing entry,TCR-beta,Homo sapiens,TCR-beta
7ZT4,C,D,GO_FALLBACK,Missing entry,TCR alpha,Homo sapiens,TCR alpha
7ZT4,D,E,GO_FALLBACK,Missing entry,TCR beta,Homo sapiens,TCR beta
4PJA,C,E,GO_FALLBACK,Missing entry,TCR-alpha,Homo sapiens,TCR-alpha
4PJA,D,F,GO_FALLBACK,Missing entry,TCR-beta,Homo sapiens,TCR-beta
4L4T,C,G,GO_FALLBACK,Missing entry,MAIT T-cell receptor alpha chain,Homo sapiens,MAIT T-cell receptor alpha chain
7ZT9,D,E,GO_FALLBACK,Missing entry,TCR beta,Homo sapiens,TCR beta
7ZT9,C,D,GO_FALLBACK,Missing entry,TCR alpha,Homo sapiens,TCR alpha
4PJB,C,E,GO_FALLBACK,Missing entry,TCR-alpha,Homo sapiens,TCR-alpha
4PJB,D,F,GO_FALLBACK,Missing entry,TCR-beta,Homo sapiens,TCR-beta
7LLJ,C,K,GO_FALLBACK,Missing entry,T cell receptor gamma variable 8,Homo sapiens,T cell receptor gamma variable 8
7LLJ,D,L,GO_FALLBACK,Missing entry,T cell receptor delta variable 3,Homo sapiens,T cell receptor delta variable 3
7LLI,C,K,A0A0C4DH27,TRGV8,T cell receptor gamma variable 8,Homo sapiens,TRGV8
4LCW,C,G,Q6P4G7,TRA@,Missing entry,Homo sapiens,TRA@
7LLI,D,L,A0JD37,TRDV3,T cell receptor delta variable 3,Homo sapiens,TRDV3
4LCW,D,H,P01850,TRBC1,T cell receptor beta constant 1,Homo sapiens,TRBC1
4L4T,D,H,P01850,TRBC1,T cell receptor beta constant 1,Homo sapiens,TRBC1
1DE4,C,C,P02786,TFRC,Transferrin receptor protein 1,Homo sapiens,TFRC
1DE4,D,F,P02786,TFRC,Transferrin receptor protein 1,Homo sapiens,TFRC
7RNO,C,C,Q9BX59,TAPBPL,Tapasin-related protein,Homo sapiens,TAPBPL
6FGB,D,L,GO_FALLBACK,Missing entry,1519.g57- Light chain,Homo sapiens,1519.g57- Light chain
7Q15,C,E,P01857,IGHG1,Immunoglobulin heavy constant gamma 1,Homo sapiens,IGHG1
6WNA,C,H,P01861,IGHG4,Immunoglobulin heavy constant gamma 4,Homo sapiens,IGHG4
6ILM,E,C-41,GO_FALLBACK,Missing entry,Capsid protein VP3,Echovirus E6,Capsid protein VP3
2WY3,B,B,P16757,UL16,Protein UL16,Human cytomegalovirus (strain AD169),UL16
6WOL,C,H,P01861,IGHG4,Immunoglobulin heavy constant gamma 4,Homo sapiens,IGHG4
6QIO,B,A,P02768,ALB,Albumin,Homo sapiens,ALB
4N0F,C,D,P02768,ALB,Albumin,Homo sapiens,ALB
4N0U,C,D,P02768,ALB,Albumin,Homo sapiens,ALB
4N0U,D,E,P01857,IGHG1,Immunoglobulin heavy constant gamma 1,Homo sapiens,IGHG1
6ILM,B,A-41,GO_FALLBACK,Missing entry,Capsid protein VP1,Echovirus E6,Capsid protein VP1
6ILM,C,A-45,GO_FALLBACK,Missing entry,Capsid protein VP1,Echovirus E6,Capsid protein VP1
6ILM,D,B-45,GO_FALLBACK,Missing entry,Capsid protein VP2,Echovirus E6,Capsid protein VP2
6LA6,B,A-4,GO_FALLBACK,Missing entry,Capsid protein VP1,Echovirus E11,Capsid protein VP1
6LA6,F,C-5,GO_FALLBACK,Missing entry,Capsid protein VP3,Echovirus E11,Capsid protein VP3
6QIP,B,A,P02768,ALB,Albumin,Homo sapiens,ALB
4WO4,C,C,GO_FALLBACK,Missing entry,TCR variable DELTA 1 CHAIN and TCR constant Alpha,Homo sapiens,TCR variable DELTA 1 CHAIN and TCR constant Alpha
4WO4,D,D,GO_FALLBACK,Missing entry,TCR variable BETA 2 (TRVB20) chain and TCR constant BETA,Homo sapiens,TCR variable BETA 2 (TRVB20) chain and TCR constant BETA
3SDX,D,F,GO_FALLBACK,Missing entry,NKT TCR autoreactive-Vbeta11 chain,Homo sapiens,NKT TCR autoreactive-Vbeta11 chain
8TM0,B,A,P26718,KLRK1,NKG2-D type II integral membrane protein,Homo sapiens,KLRK1
5WHK,D,L,Q6NS95,IGL@,Missing entry,Homo sapiens,IGL@
5WHK,C,H,GO_FALLBACK,Missing entry,DX-2507 Fab heavy chain,Homo sapiens,DX-2507 Fab heavy chain
8TM2,B,A,P26718,KLRK1,NKG2-D type II integral membrane protein,Homo sapiens,KLRK1
4K71,B,A,P02768,ALB,Albumin,Homo sapiens,ALB
3SDX,C,E,P01848,TRAC,T cell receptor alpha chain constant,Homo sapiens,TRAC
6LA7,B,A-3,GO_FALLBACK,Missing entry,Capsid protein VP1,Echovirus E11,Capsid protein VP1
6LA7,D,B-3,GO_FALLBACK,Missing entry,Capsid protein VP2,Echovirus E11,Capsid protein VP2
7C9V,B,A-14,GO_FALLBACK,Missing entry,VP1,Echovirus E30,VP1
7C9V,C,B-14,GO_FALLBACK,Missing entry,VP2,Echovirus E30,VP2
7C9V,D,C-14,GO_FALLBACK,Missing entry,VP3,Echovirus E30,VP3
1KCG,B,A,P26718,KLRK1,NKG2-D type II integral membrane protein,Homo sapiens,KLRK1
1KCG,C,B,P26718,KLRK1,NKG2-D type II integral membrane protein,Homo sapiens,KLRK1
4S0U,B,A,P26718,KLRK1,NKG2-D type II integral membrane protein,Homo sapiens,KLRK1
4S0U,C,B,P26718,KLRK1,NKG2-D type II integral membrane protein,Homo sapiens,KLRK1
8SGM,C,C,GO_FALLBACK,Missing entry,Natural killer T cell receptor TRAV26-2,Homo sapiens,Natural killer T cell receptor TRAV26-2
8SGM,D,D,GO_FALLBACK,Missing entry,Natural killer T cell receptor TRBV19 beta chain,Homo sapiens,Natural killer T cell receptor TRBV19 beta chain
3HUJ,C,G,GO_FALLBACK,Missing entry,NKT15 T cell receptor alpha-chain,Homo sapiens,NKT15 T cell receptor alpha-chain
3HUJ,D,H,GO_FALLBACK,Missing entry,NKT15 T cell receptor beta-chain,Homo sapiens,NKT15 T cell receptor beta-chain
6SNY,B,A,GO_FALLBACK,Missing entry,Synthetic EPCR binding protein,synthetic construct,Synthetic EPCR binding protein
3VWK,C,C,GO_FALLBACK,Missing entry,NKT15 T cell receptor alpha-chain,Homo sapiens,NKT15 T cell receptor alpha-chain
4WW2,C,B,A0A5B9,TRBC2,T cell receptor beta constant 2,Homo sapiens,TRBC2
4LHU,F,G,P0CF51,TRGC1,T cell receptor gamma constant 1,Homo sapiens,TRGC1
3VWK,D,D,GO_FALLBACK,Missing entry,NKT15 T cell receptor beta-chain,Homo sapiens,NKT15 T cell receptor beta-chain
3TZV,E,H,GO_FALLBACK,Missing entry,Invariant Natural Killer T Cell Receptor chain B,Homo sapiens,Invariant Natural Killer T Cell Receptor chain B
3TZV,D,G,GO_FALLBACK,Missing entry,Invariant Natural Killer T Cell Receptor chain A,Homo sapiens,Invariant Natural Killer T Cell Receptor chain A
4LHU,D,D,Q6PJ56,TRA@,Missing entry,Homo sapiens,TRA@
4WW2,B,A,GO_FALLBACK,Missing entry,TCR Alpha Chain-TRAV21-TRAJ8,Homo sapiens,TCR Alpha Chain-TRAV21-TRAJ8
8DV3,B,B,P61769,B2M,Beta-2-microglobulin,Homo sapiens,B2M
8SGB,D,D,GO_FALLBACK,Missing entry,Natural Killer T cell receptor TRBV19 beta chain,Homo sapiens,Natural Killer T cell receptor TRBV19 beta chain
8SGB,C,C,GO_FALLBACK,Missing entry,Natural Killer T cell receptor TRAV26A-2 alpha chain,Homo sapiens,Natural Killer T cell receptor TRAV26A-2 alpha chain
7FI9,B,A,P26718,KLRK1,NKG2-D type II integral membrane protein,Homo sapiens,KLRK1
7FI9,C,B,P26718,KLRK1,NKG2-D type II integral membrane protein,Homo sapiens,KLRK1
4MNG,C,E,Q6PJ56,TRA@,Missing entry,Homo sapiens,TRA@
7FI6,B,A,P26718,KLRK1,NKG2-D type II integral membrane protein,Homo sapiens,KLRK1
4EN3,B,A,K7N5M3,B2M,Missing entry,Homo sapiens,B2M
7FI6,C,B,P26718,KLRK1,NKG2-D type II integral membrane protein,Homo sapiens,KLRK1
4EN3,C,B,K7N5M4,B2M,Missing entry,Homo sapiens,B2M
1HYR,B,A,P26718,KLRK1,NKG2-D type II integral membrane protein,Homo sapiens,KLRK1
7RYO,C,C,GO_FALLBACK,Missing entry,"T cell receptor gamma variable 4,T cell receptor beta constant 1",Homo sapiens,"T cell receptor gamma variable 4,T cell receptor beta constant 1"
1HYR,C,B,P26718,KLRK1,NKG2-D type II integral membrane protein,Homo sapiens,KLRK1
7FI5,B,A,P26718,KLRK1,NKG2-D type II integral membrane protein,Homo sapiens,KLRK1
7FI5,C,B,P26718,KLRK1,NKG2-D type II integral membrane protein,Homo sapiens,KLRK1
4V3E,B,A,GO_FALLBACK,Missing entry,IT4VAR07 CIDRA,Plasmodium falciparum,IT4VAR07 CIDRA
4X6D,C,G,P01848,TRAC,T cell receptor alpha chain constant,Homo sapiens,TRAC
4X6D,D,H,P01850,TRBC1,T cell receptor beta constant 1,Homo sapiens,TRBC1
4V3D,B,C,GO_FALLBACK,Missing entry,HB3VAR03 CIDRA DOMAIN,Plasmodium falciparum HB3,HB3VAR03 CIDRA DOMAIN
2PO6,D,D,GO_FALLBACK,Missing entry,NKT15 beta-chain,Homo sapiens,NKT15 beta-chain
6C09,D,D,GO_FALLBACK,Missing entry,3C8 T cell receptor beta-chain,Homo sapiens,3C8 T cell receptor beta-chain
6CUG,C,D,GO_FALLBACK,Missing entry,T-cell receptor alpha variable TRAV9-2 - BC8B TCR,Homo sapiens,T-cell receptor alpha variable TRAV9-2 - BC8B TCR
6CUG,D,E,GO_FALLBACK,Missing entry,T-cell receptor beta variable TRBV6-2 - BC8B TCR,Homo sapiens,T-cell receptor beta variable TRBV6-2 - BC8B TCR
6C09,C,C,GO_FALLBACK,Missing entry,3C8 T cell receptor alpha-chain,Homo sapiens,3C8 T cell receptor alpha-chain
5L2K,C,D,GO_FALLBACK,Missing entry,GEM42 TCR alpha chain,Homo sapiens,GEM42 TCR alpha chain
5L2K,D,E,GO_FALLBACK,Missing entry,GEM42 TCR beta chain,Homo sapiens,GEM42 TCR beta chain
2PO6,C,C,P01848,TRAC,T cell receptor alpha chain constant,Homo sapiens,TRAC
3VWJ,C,C,GO_FALLBACK,Missing entry,NKT15 T cell receptor alpha-chain,Homo sapiens,NKT15 T cell receptor alpha-chain
3VWJ,D,D,GO_FALLBACK,Missing entry,NKT15 T cell receptor beta-chain,Homo sapiens,NKT15 T cell receptor beta-chain
7FI7,C,B,P26718,KLRK1,NKG2-D type II integral membrane protein,Homo sapiens,KLRK1
7FI7,B,A,P26718,KLRK1,NKG2-D type II integral membrane protein,Homo sapiens,KLRK1
5WKI,E,E,GO_FALLBACK,Missing entry,PG90 TCR beta chain,Homo sapiens,PG90 TCR beta chain
7RYM,C,C,GO_FALLBACK,Missing entry,"T cell receptor gamma variable 4,T cell receptor beta constant 1",Homo sapiens,"T cell receptor gamma variable 4,T cell receptor beta constant 1"
8ZOX,C,D,GO_FALLBACK,Missing entry,Y-50 TCR alpha,Homo sapiens,Y-50 TCR alpha
8ZOX,D,E,GO_FALLBACK,Missing entry,Y-50 TCR beta,Homo sapiens,Y-50 TCR beta
6V80,D,D,K7N5M4,B2M,Missing entry,Homo sapiens,B2M
7FI8,B,A,P26718,KLRK1,NKG2-D type II integral membrane protein,Homo sapiens,KLRK1
7FI8,C,B,P26718,KLRK1,NKG2-D type II integral membrane protein,Homo sapiens,KLRK1
4WWK,B,A,GO_FALLBACK,Missing entry,TCR Alpha Chain-TRAV12-3,Homo sapiens,TCR Alpha Chain-TRAV12-3
4WWK,C,B,GO_FALLBACK,Missing entry,TCR Beta Chain-TRBV6-5,Homo sapiens,TCR Beta Chain-TRBV6-5
7B5F,B,A,GO_FALLBACK,Missing entry,Echovirus 18 viral protein 1,Echovirus E18,Echovirus 18 viral protein 1
4X6C,C,G,P01848,TRAC,T cell receptor alpha chain constant,Homo sapiens,TRAC
7B5F,C,B,GO_FALLBACK,Missing entry,Echovirus 18 viral protein 2,Echovirus E18,Echovirus 18 viral protein 2
8C44,B,A,GO_FALLBACK,Missing entry,PfEMP1,Plasmodium falciparum HB3,PfEMP1
4X6C,D,H,P01850,TRBC1,T cell receptor beta constant 1,Homo sapiens,TRBC1
6V80,C,C,GO_FALLBACK,Missing entry,"T cell receptor alpha variable 10, nkt tcr alpha chain fusion",Homo sapiens,"T cell receptor alpha variable 10, nkt tcr alpha chain fusion"
7XXA,F,C-30,GO_FALLBACK,Missing entry,VP3,Echovirus E18,VP3
7XXA,B,A-29,GO_FALLBACK,Missing entry,VP1,Echovirus E18,VP1
5WKI,D,D,GO_FALLBACK,Missing entry,"T-cell receptor alpha variable 26-1,TRA@ protein",Homo sapiens,"T-cell receptor alpha variable 26-1,TRA@ protein"
7XXA,C,A-30,GO_FALLBACK,Missing entry,VP1,Echovirus E18,VP1
7XXA,D,B-29,GO_FALLBACK,Missing entry,VP2,Echovirus E18,VP2
4PDC,B,A,P26718,KLRK1,NKG2-D type II integral membrane protein,Homo sapiens,KLRK1
4PDC,C,B,P26718,KLRK1,NKG2-D type II integral membrane protein,Homo sapiens,KLRK1
3IT8,B,A,P01375,TNF,Tumor necrosis factor,Homo sapiens,TNF
3IT8,C,B,P01375,TNF,Tumor necrosis factor,Homo sapiens,TNF
