pdb_id,Chain,type
8rlv,A,mhc
8rlv,E,binder
8rlv,D,binder
8rlv,C,ligand
3x11,A,mhc
3x11,C,ligand
1qse,A,mhc
1qse,E,binder
1qse,D,binder
1qse,C,ligand
3bzf,A,mhc
3bzf,C,ligand
7p49,A,mhc
7p49,C,ligand
1bd2,A,mhc
1bd2,E,binder
1bd2,D,binder
1bd2,C,ligand
7lfz,A,mhc
7lfz,C,ligand
5jzi,A,mhc
5jzi,E,binder
5jzi,D,binder
5jzi,C,ligand
7ndt,A,mhc
7ndt,F,binder
7ndt,E,binder
7ndt,D,binder
7ndt,C,ligand
7bh8,A,mhc
7bh8,F,binder
7bh8,E,binder
7bh8,G,ligand
3x12,A,mhc
3x12,C,ligand
6j1w,A,mhc
6j1w,C,ligand
7ejl,A,mhc
7ejl,C,ligand
3vxu,A,mhc
3vxu,E,binder
3vxu,D,binder
3vxu,C,ligand
7tud,A,mhc
7tud,C,ligand
7tud,D,ligand
1p7q,A,mhc
1p7q,C,ligand
5eo1,A,mhc
5eo1,C,ligand
6p27,A,mhc
6p27,C,ligand
3gsn,A,mhc
3gsn,B,binder
3gsn,C,binder
3gsn,E,ligand
1t22,A,mhc
1t22,C,ligand
2d31,A,mhc
2d31,C,ligand
1t1y,A,mhc
1t1y,C,ligand
3fqu,A,mhc
3fqu,C,ligand
7ow6,A,mhc
7ow6,E,binder
7ow6,D,binder
7ow6,C,ligand
7um2,A,mhc
7um2,C,ligand
8zv9,A,mhc
8zv9,C,ligand
5vvp,A,mhc
5vvp,C,ligand
6zkw,A,mhc
6zkw,E,binder
6zkw,D,binder
6zkw,C,ligand
7lg0,A,mhc
7lg0,C,ligand
1hhk,A,mhc
1hhk,C,ligand
5xov,A,mhc
5xov,E,binder
5xov,D,binder
5xov,C,ligand
1t1z,A,mhc
1t1z,C,ligand
7zuc,A,mhc
7zuc,C,ligand
7sis,A,mhc
7sis,C,ligand
5txs,A,mhc
5txs,C,ligand
5vwd,A,mhc
5vwd,C,ligand
6z9w,A,mhc
6z9w,C,ligand
5wwu,A,mhc
5wwu,C,ligand
8ye4,A,mhc
8ye4,E,binder
8ye4,D,binder
8ye4,C,ligand
7nme,A,mhc
7nme,E,binder
7nme,D,binder
7nme,C,ligand
3vxs,A,mhc
3vxs,E,binder
3vxs,D,binder
3vxs,C,ligand
5vwf,A,mhc
5vwf,C,ligand
6p23,A,mhc
6p23,C,ligand
4f7p,A,mhc
4f7p,C,ligand
5hhq,A,mhc
5hhq,C,ligand
7bbg,A,mhc
7bbg,E,binder
7bbg,D,binder
7bbg,C,ligand
7rtd,A,mhc
7rtd,C,ligand
2esv,A,mhc
2esv,C,binder
2esv,D,binder
2esv,E,ligand
4no0,A,mhc
4no0,C,ligand
5hgb,A,mhc
5hgb,C,ligand
7nmd,A,mhc
7nmd,C,ligand
1a9e,A,mhc
1a9e,C,ligand
7n6e,A,mhc
7n6e,E,binder
7n6e,D,binder
7n6e,C,ligand
7u1r,A,mhc
7u1r,C,ligand
7p4b,A,mhc
7p4b,C,ligand
7jyx,A,mhc
7jyx,C,ligand
1q94,A,mhc
1q94,C,ligand
2f54,A,mhc
2f54,E,binder
2f54,D,binder
2f54,C,ligand
4qok,A,mhc
4qok,E,binder
4qok,D,binder
4qok,C,ligand
5xot,A,mhc
5xot,E,binder
5xot,D,binder
5xot,C,ligand
1t21,A,mhc
1t21,C,ligand
3rl2,A,mhc
3rl2,C,ligand
7tr4,A,mhc
7tr4,C,binder
7tr4,D,binder
7tr4,E,ligand
6mtm,A,mhc
6mtm,E,binder
6mtm,D,binder
6mtm,C,ligand
7mja,A,mhc
7mja,C,ligand
3gsw,A,mhc
3gsw,C,ligand
1akj,A,mhc
1akj,C,ligand
1qsf,A,mhc
1qsf,E,binder
1qsf,D,binder
1qsf,C,ligand
5w6a,A,mhc
5w6a,C,ligand
3fqt,A,mhc
3fqt,C,ligand
4f7m,A,mhc
4f7m,C,ligand
1hhh,A,mhc
1hhh,C,ligand
1t1x,A,mhc
1t1x,C,ligand
8qfy,A,mhc
8qfy,E,binder
8qfy,D,binder
8qfy,C,ligand
7ndq,A,mhc
7ndq,E,binder
7ndq,D,binder
7ndq,C,ligand
6w51,A,mhc
6w51,C,ligand
8en8,A,mhc
8en8,E,binder
8en8,D,binder
8en8,C,ligand
6j2a,A,mhc
6j2a,C,ligand
7s8s,A,mhc
7s8s,C,ligand
5wjl,A,mhc
5wjl,C,ligand
7s7e,A,mhc
7s7e,C,ligand
6uz1,A,mhc
6uz1,C,ligand
7wj2,A,mhc
7wj2,C,ligand
3d3v,A,mhc
3d3v,E,binder
3d3v,D,binder
3d3v,C,ligand
7f4w,A,mhc
7f4w,C,ligand
3i6l,A,mhc
3i6l,C,ligand
1xr9,A,mhc
1xr9,C,ligand
2xpg,A,mhc
2xpg,C,ligand
3pwp,A,mhc
3pwp,E,binder
3pwp,D,binder
3pwp,C,ligand
6j1v,A,mhc
6j1v,C,ligand
3kxf,A,mhc
3kxf,C,binder
3kxf,D,binder
3kxf,E,ligand
1i4f,A,mhc
1i4f,C,ligand
8ryo,A,mhc
8ryo,E,binder
8ryo,D,binder
8ryo,C,ligand
6mt3,A,mhc
6mt3,B,ligand
3v5k,A,mhc
3v5k,C,ligand
6uk2,A,mhc
6uk2,C,ligand
7kgo,A,mhc
7kgo,C,ligand
7rtr,A,mhc
7rtr,E,binder
7rtr,D,binder
7rtr,C,ligand
3wlb,A,mhc
3wlb,C,ligand
8rbv,A,mhc
8rbv,C,ligand
6uj7,A,mhc
6uj7,C,ligand
6ghn,A,mhc
6ghn,C,ligand
1t1w,A,mhc
1t1w,C,ligand
7jyu,A,mhc
7jyu,C,ligand
8xkc,A,mhc
8xkc,C,ligand
6vm8,A,mhc
6vm8,E,binder
6vm8,D,binder
6vm8,C,ligand
6zkz,A,mhc
6zkz,E,binder
6zkz,D,binder
6zkz,C,ligand
4qrr,A,mhc
4qrr,C,binder
4qrr,D,binder
4qrr,E,ligand
3vxp,A,mhc
3vxp,C,ligand
5wsh,A,mhc
5wsh,C,ligand
5wwj,A,mhc
5wwj,C,ligand
5vz5,A,mhc
5vz5,C,ligand
7nui,A,mhc
7nui,B,binder
7nui,C,ligand
5hhn,A,mhc
5hhn,C,ligand
1s8d,A,mhc
1s8d,C,ligand
7rk7,A,mhc
7rk7,E,binder
7rk7,D,binder
7rk7,C,ligand
4jfp,A,mhc
4jfp,C,ligand
6zky,A,mhc
6zky,E,binder
6zky,D,binder
6zky,C,ligand
8i5d,A,mhc
8i5d,B,binder
8i5d,C,binder
8i5d,E,ligand
1duy,A,mhc
1duy,C,ligand
3utt,A,mhc
3utt,E,binder
3utt,D,binder
3utt,C,ligand
7pbe,A,mhc
7pbe,E,binder
7pbe,D,binder
7pbe,C,ligand
3h9s,A,mhc
3h9s,E,binder
3h9s,D,binder
3h9s,C,ligand
4o2f,A,mhc
4o2f,C,ligand
1a9b,A,mhc
1a9b,C,ligand
6zkx,A,mhc
6zkx,E,binder
6zkx,D,binder
6zkx,C,ligand
1ydp,A,mhc
1ydp,C,ligand
7ejm,A,mhc
7ejm,C,ligand
3v5d,A,mhc
3v5d,C,ligand
3qfj,A,mhc
3qfj,E,binder
3qfj,D,binder
3qfj,C,ligand
2nx5,A,mhc
2nx5,E,binder
2nx5,D,binder
2nx5,C,ligand
6uli,A,mhc
6uli,C,ligand
7lg2,A,mhc
7lg2,C,ligand
1cg9,A,mhc
1cg9,C,ligand
6ggm,A,mhc
6ggm,C,ligand
5enw,A,mhc
5enw,C,ligand
7s8q,A,mhc
7s8q,C,ligand
3wl9,A,mhc
3wl9,C,ligand
1s9y,A,mhc
1s9y,C,ligand
2clr,A,mhc
2clr,C,ligand
5iue,A,mhc
5iue,C,ligand
3mgt,A,mhc
3mgt,C,ligand
5f9j,A,mhc
5f9j,C,ligand
3ox8,A,mhc
3ox8,C,ligand
1e27,A,mhc
1e27,C,ligand
3ft2,A,mhc
3ft2,C,ligand
3fqw,A,mhc
3fqw,C,ligand
1t20,A,mhc
1t20,C,ligand
3c9n,A,mhc
3c9n,C,ligand
4wu5,A,mhc
4wu5,C,ligand
2bvp,A,mhc
2bvp,C,ligand
4nqv,A,mhc
4nqv,C,ligand
7kgs,A,mhc
7kgs,C,ligand
6aee,A,mhc
6aee,C,ligand
6jp3,A,mhc
6jp3,C,ligand
6jp3,D,ligand
5hga,A,mhc
5hga,C,ligand
1hhg,A,mhc
1hhg,C,ligand
4jff,A,mhc
4jff,E,binder
4jff,D,binder
4jff,C,ligand
7n2r,A,mhc
7n2r,E,binder
7n2r,D,binder
7n2r,C,ligand
8elg,A,mhc
8elg,C,ligand
5nmk,A,mhc
5nmk,C,ligand
1mhe,A,mhc
1mhe,E,ligand
1mhe,D,ligand
6gh4,A,mhc
6gh4,C,ligand
8rym,A,mhc
8rym,E,binder
8rym,D,binder
8rym,C,ligand
5d9s,A,mhc
5d9s,C,ligand
7lg3,A,mhc
7lg3,C,ligand
6mpp,A,mhc
6mpp,B,ligand
3vxn,A,mhc
3vxn,C,ligand
8rlt,A,mhc
8rlt,E,binder
8rlt,D,binder
8rlt,C,ligand
8enh,A,mhc
8enh,E,binder
8enh,D,binder
8enh,C,ligand
7n1b,A,mhc
7n1b,C,ligand
8rh6,A,mhc
8rh6,F,ligand
7sa2,A,mhc
7sa2,C,ligand
5im7,A,mhc
5im7,C,ligand
8rng,A,mhc
8rng,C,ligand
6d2b,A,mhc
6d2b,C,ligand
7s8f,A,mhc
7s8f,C,ligand
7kgp,A,mhc
7kgp,C,ligand
1eey,A,mhc
1eey,C,ligand
2x4n,A,mhc
2x4n,C,ligand
7n1e,A,mhc
7n1e,E,binder
7n1e,D,binder
7n1e,C,ligand
5w1v,A,mhc
5w1v,E,binder
5w1v,D,binder
5w1v,C,ligand
8rop,A,mhc
8rop,C,ligand
8rhq,A,mhc
8rhq,F,ligand
7s79,A,mhc
7s79,C,ligand
6p2s,A,mhc
6p2s,C,ligand
4f7t,A,mhc
4f7t,C,ligand
5jhd,A,mhc
5jhd,E,binder
5jhd,D,binder
5jhd,C,ligand
7wt4,A,mhc
7wt4,C,ligand
1qvo,A,mhc
1qvo,C,ligand
1qew,A,mhc
1qew,C,ligand
4o2c,A,mhc
4o2c,C,ligand
2f53,A,mhc
2f53,E,binder
2f53,D,binder
2f53,C,ligand
7s7f,A,mhc
7s7f,C,ligand
7kgq,A,mhc
7kgq,C,ligand
3o3b,A,mhc
3o3b,C,ligand
1s9x,A,mhc
1s9x,C,ligand
2uwe,A,mhc
2uwe,E,binder
2uwe,D,binder
2uwe,C,ligand
5hgd,A,mhc
5hgd,C,ligand
6vb1,A,mhc
6vb1,C,ligand
1lp9,A,mhc
1lp9,E,binder
1lp9,D,binder
1lp9,C,ligand
8ryq,A,mhc
8ryq,E,binder
8ryq,D,binder
8ryq,C,ligand
6tdq,A,mhc
7rzd,A,mhc
7rzd,C,ligand
3rew,A,mhc
3rew,C,ligand
5isz,A,mhc
5isz,E,binder
5isz,D,binder
5isz,C,ligand
7wkj,A,mhc
7wkj,C,ligand
6avf,A,mhc
6avf,B,binder
6avf,C,binder
6avf,E,ligand
5wjn,A,mhc
5wjn,C,ligand
8ryp,A,mhc
8ryp,E,binder
8ryp,D,binder
8ryp,C,ligand
8xfz,A,mhc
8xfz,C,ligand
6gl1,A,mhc
6gl1,C,ligand
6uzq,A,mhc
6uzq,C,ligand
1qrn,A,mhc
1qrn,E,binder
1qrn,D,binder
1qrn,C,ligand
6mt4,A,mhc
6mt4,C,ligand
5eu3,A,mhc
5eu3,C,ligand
5fdw,A,mhc
5fdw,C,ligand
8e13,A,mhc
8e13,C,ligand
6tdr,A,mhc
6uzs,A,mhc
6uzs,C,ligand
3fqx,A,mhc
3fqx,C,ligand
6vm9,A,mhc
6vm9,E,binder
6vm9,D,binder
6vm9,C,ligand
3ft4,A,mhc
3ft4,C,ligand
6am5,A,mhc
6am5,E,binder
6am5,D,binder
6am5,C,ligand
8ryn,A,mhc
8ryn,E,binder
8ryn,D,binder
8ryn,C,ligand
8roo,A,mhc
8roo,B,ligand
6pag,A,mhc
6pag,D,binder
6pag,C,ligand
4no5,A,mhc
4no5,C,ligand
5hyj,A,mhc
5hyj,E,binder
5hyj,D,binder
5hyj,C,ligand
5w69,A,mhc
5w69,C,ligand
6id4,A,mhc
6id4,E,ligand
7mkb,A,mhc
7mkb,C,ligand
8eb2,A,mhc
8eb2,E,binder
8eb2,D,binder
8eb2,C,ligand
7nmf,A,mhc
7nmf,E,binder
7nmf,D,binder
7nmf,C,ligand
8dvg,A,mhc
8dvg,C,ligand
8gon,A,mhc
8gon,E,binder
8gon,D,binder
8gon,C,ligand
7ow4,A,mhc
7ow4,C,ligand
7p3d,A,mhc
7p3d,C,ligand
7p3e,A,mhc
7p3e,C,ligand
6joz,A,mhc
6joz,C,ligand
1hsb,A,mhc
1hsb,C,ligand
3mgo,A,mhc
3mgo,C,ligand
8rlu,A,mhc
8rlu,E,binder
8rlu,D,binder
8rlu,C,ligand
6gh1,A,mhc
6gh1,C,ligand
5v5l,A,mhc
5v5l,C,ligand
4n8v,A,mhc
4n8v,D,binder
4n8v,C,ligand
3h9h,A,mhc
3h9h,C,ligand
6amt,A,mhc
6amt,C,ligand
1i7t,A,mhc
1i7t,C,ligand
1hhi,A,mhc
1hhi,C,ligand
7s8e,A,mhc
7s8e,C,ligand
4jfe,A,mhc
4jfe,E,binder
4jfe,D,binder
4jfe,C,ligand
7pb2,A,mhc
7pb2,E,binder
7pb2,D,binder
7pb2,C,ligand
3nfn,A,mhc
3nfn,C,ligand
5hgh,A,mhc
5hgh,C,ligand
5t6y,A,mhc
5t6y,C,ligand
5vue,A,mhc
5vue,C,ligand
7mj7,A,mhc
7mj7,C,ligand
8i5c,A,mhc
8i5c,E,binder
8i5c,D,binder
8i5c,C,ligand
7s7d,A,mhc
7s7d,C,ligand
5wkf,A,mhc
5wkf,E,binder
5wkf,D,binder
5wkf,C,ligand
4nqx,A,mhc
4nqx,C,ligand
6j29,A,mhc
6j29,C,ligand
4prn,A,mhc
4prn,C,ligand
5hhm,A,mhc
5hhm,E,binder
5hhm,D,binder
5hhm,C,ligand
3oxr,A,mhc
3oxr,C,ligand
7mj9,A,mhc
7mj9,C,ligand
6jtp,A,mhc
6jtp,C,ligand
5vuf,A,mhc
5vuf,C,ligand
5t6x,A,mhc
5t6x,C,ligand
5c07,A,mhc
5c07,E,binder
5c07,D,binder
5c07,C,ligand
3gjf,A,mhc
3gjf,E,binder
3gjf,D,binder
3gjf,C,ligand
7lgd,A,mhc
7lgd,C,ligand
5brz,A,mhc
5brz,E,binder
5brz,D,binder
5brz,C,ligand
5c0c,A,mhc
5c0c,E,binder
5c0c,D,binder
5c0c,C,ligand
8isn,A,mhc
8isn,C,ligand
3vfn,A,mhc
3vfn,C,ligand
7kgt,A,mhc
7kgt,C,ligand
3o4l,A,mhc
3o4l,E,binder
3o4l,D,binder
3o4l,C,ligand
5w1w,A,mhc
5w1w,E,binder
5w1w,D,binder
5w1w,C,ligand
2x70,A,mhc
2x70,C,ligand
6z9x,A,mhc
6z9x,C,ligand
2bvo,A,mhc
2bvo,C,ligand
3gso,A,mhc
3gso,C,ligand
6p64,A,mhc
6p64,E,binder
6p64,D,binder
6p64,C,ligand
6p2c,A,mhc
6p2c,C,ligand
4xxc,A,mhc
4xxc,B,ligand
7s8a,A,mhc
7s8a,C,ligand
9bl6,A,mhc
9bl6,D,binder
9bl6,C,ligand
6ssa,A,mhc
6ssa,C,ligand
8tbw,A,mhc
8tbw,C,ligand
3vfp,A,mhc
3vfp,C,ligand
7ow5,A,mhc
7ow5,E,binder
7ow5,D,binder
7ow5,C,ligand
2vll,A,mhc
2vll,C,ligand
7jyv,A,mhc
7jyv,C,ligand
3mrb,A,mhc
3mrb,C,ligand
5swq,A,mhc
5swq,C,ligand
8rbu,A,mhc
8rbu,C,ligand
3pwl,A,mhc
3pwl,C,ligand
3x13,A,mhc
3x13,C,ligand
2x4s,A,mhc
2x4s,C,ligand
4g8g,A,mhc
4g8g,E,binder
4g8g,D,binder
4g8g,C,ligand
3ixa,A,mhc
3ixa,C,ligand
7pbc,A,mhc
7pbc,B,binder
7pbc,C,binder
7pbc,E,ligand
6rp9,A,mhc
6rp9,E,binder
6rp9,D,binder
6rp9,C,ligand
7wj3,A,mhc
7wj3,C,ligand
7t5m,A,mhc
7t5m,C,ligand
3vfu,A,mhc
3vfu,C,ligand
6q3s,A,mhc
6q3s,C,ligand
1a1n,A,mhc
1a1n,C,ligand
5hho,A,mhc
5hho,E,binder
5hho,D,binder
5hho,C,ligand
4jqv,A,mhc
4jqv,B,ligand
6uj8,A,mhc
6uj8,C,ligand
8f5a,A,mhc
8f5a,C,binder
8f5a,D,binder
8f5a,E,ligand
3ln4,A,mhc
3ln4,C,ligand
4mnq,A,mhc
4mnq,E,binder
4mnq,D,binder
4mnq,C,ligand
7r7x,A,mhc
7r7x,C,ligand
6vb2,A,mhc
6vb2,C,ligand
8xg2,A,mhc
8xg2,C,ligand
6r2l,A,mhc
6r2l,E,binder
6r2l,D,binder
6r2l,C,ligand
8sbk,A,mhc
8sbk,C,ligand
4wuu,A,mhc
4wuu,E,binder
4wuu,D,binder
4wuu,C,ligand
5e00,A,mhc
5e00,C,ligand
5fa4,A,mhc
5fa4,C,ligand
8e8i,A,mhc
8e8i,C,ligand
6mt6,A,mhc
6mt6,B,ligand
3mrq,A,mhc
3mrq,C,ligand
8tuh,A,mhc
8tuh,C,ligand
1w72,A,mhc
1w72,E,binder
1w72,D,binder
1w72,C,ligand
6g3j,A,mhc
6g3j,C,ligand
8shi,A,mhc
8shi,E,binder
8shi,D,binder
8shi,C,ligand
6o4z,A,mhc
6o4z,C,ligand
2vlk,A,mhc
2vlk,E,binder
2vlk,D,binder
2vlk,C,ligand
2p5e,A,mhc
2p5e,E,binder
2p5e,D,binder
2p5e,C,ligand
4o2e,A,mhc
4o2e,C,ligand
7lgt,A,mhc
7lgt,C,ligand
6o4y,A,mhc
6o4y,C,ligand
3pwn,A,mhc
3pwn,C,ligand
4lcy,A,mhc
6pte,A,mhc
6pte,C,ligand
5c08,A,mhc
5c08,E,binder
5c08,D,binder
5c08,C,ligand
5e9d,A,mhc
5e9d,E,binder
5e9d,D,binder
5e9d,C,ligand
5hhp,A,mhc
5hhp,C,ligand
2gj6,A,mhc
2gj6,E,binder
2gj6,D,binder
2gj6,C,ligand
3mrm,A,mhc
3mrm,C,ligand
6rsy,A,mhc
6rsy,E,binder
6rsy,D,binder
6rsy,C,ligand
6tro,A,mhc
6tro,E,binder
6tro,D,binder
6tro,C,ligand
8xes,A,mhc
8xes,C,ligand
4pra,A,mhc
4pra,C,ligand
8fu4,A,mhc
8fu4,C,ligand
6bxp,A,mhc
6bxp,C,ligand
3hpj,A,mhc
3hpj,C,ligand
2dyp,A,mhc
2dyp,C,ligand
3o3e,A,mhc
3o3e,C,ligand
3v5h,A,mhc
3v5h,C,ligand
5wkh,A,mhc
5wkh,E,binder
5wkh,D,binder
5wkh,C,ligand
3sjv,A,mhc
3sjv,E,binder
3sjv,D,binder
3sjv,C,ligand
3bxn,A,mhc
3bxn,C,ligand
6o9c,A,mhc
6o9c,C,ligand
3bh8,A,mhc
3bh8,C,ligand
8i5e,A,mhc
8i5e,C,ligand
3vrj,A,mhc
3vrj,C,ligand
5wmp,A,mhc
5wmp,C,ligand
1i1f,A,mhc
1i1f,C,ligand
6trn,A,mhc
6trn,C,ligand
3vfv,A,mhc
3vfv,C,ligand
8tbv,A,mhc
8tbv,C,ligand
6ss9,A,mhc
6ss9,C,ligand
8u9g,A,mhc
8u9g,C,ligand
5men,A,mhc
5men,E,binder
5men,D,binder
5men,C,ligand
5wmn,A,mhc
5wmn,C,ligand
7wt5,A,mhc
7wt5,C,ligand
3d39,A,mhc
3d39,E,binder
3d39,D,binder
3d39,C,ligand
7l1c,A,mhc
7l1c,C,ligand
5iro,A,mhc
5iro,D,binder
5iro,B,ligand
6v2p,A,mhc
6v2p,C,ligand
1s9w,A,mhc
1s9w,C,ligand
5n6b,A,mhc
5n6b,C,ligand
6vma,A,mhc
6vma,E,binder
6vma,D,binder
6vma,C,ligand
7wzz,A,mhc
7wzz,C,ligand
3ln5,A,mhc
3ln5,C,ligand
3gsx,A,mhc
3gsx,C,ligand
8eo8,A,mhc
8eo8,E,binder
8eo8,D,binder
8eo8,C,ligand
5v5m,A,mhc
5v5m,C,ligand
8emg,A,mhc
8emg,C,ligand
7rm4,A,mhc
7rm4,E,binder
7rm4,D,binder
7rm4,C,ligand
7rrg,A,mhc
7rrg,E,binder
7rrg,D,binder
7rrg,C,ligand
2av1,A,mhc
2av1,C,ligand
7dzn,A,mhc
7dzn,E,binder
7dzn,D,binder
7dzn,C,ligand
4u6y,A,mhc
4u6y,C,ligand
7srk,A,mhc
5c0b,A,mhc
5c0b,E,binder
5c0b,D,binder
5c0b,C,ligand
8erx,A,mhc
8erx,C,ligand
8es9,A,mhc
8es9,B,binder
8es9,C,binder
8es9,E,ligand
6vb0,A,mhc
6vb0,C,ligand
8e2z,A,mhc
8e2z,C,ligand
4u1i,A,mhc
4u1i,C,ligand
2guo,A,mhc
2guo,C,ligand
3l3k,A,mhc
3l3k,C,ligand
3uts,A,mhc
3uts,E,binder
3uts,D,binder
3uts,C,ligand
9bl5,A,mhc
9bl5,D,binder
9bl5,C,ligand
4uq3,A,mhc
4uq3,C,ligand
5wxc,A,mhc
5wxc,C,ligand
5t6w,A,mhc
5t6w,C,ligand
6jtn,A,mhc
6jtn,C,ligand
1oga,A,mhc
1oga,E,binder
1oga,D,binder
1oga,C,ligand
6d2t,A,mhc
6d2t,C,ligand
6pbh,A,mhc
6pbh,C,ligand
5ieh,A,mhc
5ieh,C,ligand
1b0g,A,mhc
1b0g,C,ligand
7rzj,A,mhc
7rzj,C,ligand
6mtl,A,mhc
6mtl,C,ligand
3mr9,A,mhc
3mr9,C,ligand
1b0r,A,mhc
1b0r,C,ligand
3gsq,A,mhc
3gsq,C,ligand
2gtw,A,mhc
2gtw,C,ligand
3mrc,A,mhc
3mrc,C,ligand
3hcv,A,mhc
3hcv,C,ligand
6ewc,A,mhc
6ewc,C,ligand
1agf,A,mhc
1agf,C,ligand
4jrx,A,mhc
4jrx,D,binder
4jrx,C,ligand
8es8,A,mhc
8es8,B,binder
8es8,C,binder
8es8,E,ligand
3i6g,A,mhc
3i6g,C,ligand
4l29,A,mhc
4l29,C,ligand
6bj2,A,mhc
6bj2,E,binder
6bj2,D,binder
6bj2,C,ligand
7wt3,A,mhc
7wt3,C,ligand
4i4w,A,mhc
4i4w,C,ligand
7ndu,A,mhc
7ndu,E,binder
7ndu,D,binder
7ndu,C,ligand
5eu4,A,mhc
5eu4,C,ligand
6vb7,A,mhc
6vb7,C,ligand
3kpo,A,mhc
3kpo,C,ligand
3pwj,A,mhc
3pwj,C,ligand
7n6d,A,mhc
7n6d,C,ligand
4e5x,A,mhc
4e5x,D,binder
4e5x,C,ligand
5c09,A,mhc
5c09,E,binder
5c09,D,binder
5c09,C,ligand
1agd,A,mhc
1agd,C,ligand
7kgr,A,mhc
7kgr,C,ligand
1ao7,A,mhc
1ao7,E,binder
1ao7,D,binder
1ao7,C,ligand
7sih,A,mhc
7sih,C,ligand
3gsr,A,mhc
3gsr,C,ligand
3h7b,A,mhc
3h7b,C,ligand
7q98,A,mhc
7q98,C,ligand
1tvh,A,mhc
1tvh,C,ligand
3gsu,A,mhc
3gsu,C,ligand
3bze,A,mhc
3bze,C,ligand
7ejn,A,mhc
7ejn,C,ligand
8rji,A,mhc
8rji,C,ligand
3mrj,A,mhc
3mrj,C,ligand
2j8u,A,mhc
2j8u,E,binder
2j8u,D,binder
2j8u,C,ligand
4ftv,A,mhc
4ftv,E,binder
4ftv,D,binder
4ftv,C,ligand
3hae,A,mhc
3hae,E,binder
3hae,D,binder
3hae,C,ligand
6uzn,A,mhc
6uzn,C,ligand
1qr1,A,mhc
1qr1,C,ligand
6v3j,A,mhc
6v3j,D,binder
6v3j,C,ligand
5nmf,A,mhc
5nmf,E,binder
5nmf,D,binder
5nmf,C,ligand
7q9a,A,mhc
7q9a,E,binder
7q9a,D,binder
7q9a,C,ligand
7jyw,A,mhc
7jyw,C,ligand
2av7,A,mhc
2av7,C,ligand
6pyv,A,mhc
6pyv,C,ligand
7n1f,A,mhc
7n1f,E,binder
7n1f,D,binder
7n1f,C,ligand
6vm7,A,mhc
6vm7,E,binder
6vm7,D,binder
6vm7,C,ligand
8emk,A,mhc
8emk,C,ligand
6d2r,A,mhc
6d2r,C,ligand
7u21,A,mhc
7u21,C,ligand
6tdp,A,mhc
5ddh,A,mhc
5ddh,C,ligand
7m8t,A,mhc
7m8t,C,ligand
3vfs,A,mhc
3vfs,C,ligand
3vri,A,mhc
3vri,C,ligand
6z9v,A,mhc
6z9v,C,ligand
4u1l,A,mhc
4u1l,C,ligand
7nmg,A,mhc
7nmg,E,binder
7nmg,D,binder
7nmg,C,ligand
2bck,A,mhc
2bck,C,ligand
2rfx,A,mhc
2rfx,C,ligand
6uj9,A,mhc
6uj9,E,binder
6uj9,D,binder
6uj9,C,ligand
8ek5,A,mhc
8ek5,D,binder
8ek5,C,ligand
2bnr,A,mhc
2bnr,E,binder
2bnr,D,binder
2bnr,C,ligand
1age,A,mhc
1age,C,ligand
7qpj,A,mhc
7qpj,B,binder
7qpj,C,binder
7qpj,E,ligand
5euo,A,mhc
5euo,C,binder
5euo,D,binder
5euo,E,ligand
3ft3,A,mhc
3ft3,C,ligand
3mrh,A,mhc
3mrh,C,ligand
7q9b,A,mhc
7q9b,E,binder
7q9b,D,binder
7q9b,C,ligand
5n1y,A,mhc
5n1y,C,ligand
6ujo,A,mhc
6ujo,C,ligand
4gks,A,mhc
4gks,C,ligand
6vb6,A,mhc
6vb6,C,ligand
3l3j,A,mhc
3l3j,C,ligand
7sr5,A,mhc
5eot,A,mhc
5eot,C,ligand
7sif,A,mhc
7sif,C,ligand
5mep,A,mhc
5mep,C,ligand
4qrs,A,mhc
4qrs,C,ligand
6iex,A,mhc
6iex,C,ligand
3kyn,A,mhc
3kyn,C,ligand
4hwz,A,mhc
4hwz,C,ligand
7mj8,A,mhc
7mj8,C,ligand
3bhb,A,mhc
3bhb,C,ligand
8rnh,A,mhc
8rnh,C,ligand
6ss7,A,mhc
6ss7,C,ligand
6p2f,A,mhc
6p2f,C,ligand
5fa3,A,mhc
5fa3,C,ligand
3kpp,A,mhc
3kpp,C,ligand
8udr,A,mhc
8udr,E,binder
8udr,D,binder
8udr,C,ligand
4mji,A,mhc
4mji,E,binder
4mji,D,binder
4mji,C,ligand
7n2o,A,mhc
7n2o,E,binder
7n2o,D,binder
7n2o,C,ligand
1i7u,A,mhc
1i7u,C,ligand
8sbl,A,mhc
8sbl,C,ligand
3lko,A,mhc
3lko,C,ligand
3rl1,A,mhc
3rl1,C,ligand
3hg1,A,mhc
3hg1,E,binder
3hg1,D,binder
3hg1,C,ligand
4nny,A,mhc
4nny,C,ligand
3vxm,A,mhc
3vxm,D,binder
3vxm,C,ligand
1i7r,A,mhc
1i7r,C,ligand
5c0e,A,mhc
5c0e,C,ligand
6uzp,A,mhc
6uzp,C,ligand
5w67,A,mhc
5w67,C,ligand
7su9,A,mhc
7su9,C,ligand
6vb5,A,mhc
6vb5,C,ligand
4jry,A,mhc
4jry,E,binder
4jry,D,binder
4jry,C,ligand
2hjl,A,mhc
2hjl,C,ligand
3lkn,A,mhc
3lkn,C,ligand
2jcc,A,mhc
2jcc,E,binder
2jcc,D,binder
2jcc,C,ligand
6ulk,A,mhc
6ulk,C,ligand
3mrg,A,mhc
3mrg,C,ligand
7mj6,A,mhc
7mj6,C,ligand
3mv9,A,mhc
3mv9,E,binder
3mv9,D,binder
3mv9,C,ligand
6xqa,A,mhc
6xqa,C,ligand
8tub,A,mhc
8tub,C,ligand
5c0f,A,mhc
5c0f,C,ligand
3mrp,A,mhc
3mrp,C,ligand
4u6x,A,mhc
4u6x,C,ligand
3mro,A,mhc
3mro,C,ligand
5wmo,A,mhc
5wmo,C,ligand
5c0d,A,mhc
5c0d,C,ligand
3gsv,A,mhc
3gsv,C,ligand
3utq,A,mhc
3utq,C,ligand
1jf1,A,mhc
1jf1,C,ligand
2bnq,A,mhc
2bnq,E,binder
2bnq,D,binder
2bnq,C,ligand
3qfd,A,mhc
3qfd,C,ligand
3bh9,A,mhc
3bh9,C,ligand
6vmx,A,mhc
6vmx,E,binder
6vmx,D,binder
6vmx,C,ligand
4mj6,A,mhc
4mj6,C,ligand
6uzo,A,mhc
6uzo,C,ligand
1n2r,A,mhc
1n2r,C,ligand
7q99,A,mhc
7q99,E,binder
7q99,D,binder
7q99,C,ligand
8emj,A,mhc
8emj,C,ligand
5tez,A,mhc
5tez,E,binder
5tez,D,binder
5tez,C,ligand
3fqn,A,mhc
3fqn,C,ligand
7sr0,A,mhc
3vfr,A,mhc
3vfr,C,ligand
7n2s,A,mhc
7n2s,E,binder
7n2s,D,binder
7n2s,C,ligand
2hn7,A,mhc
2hn7,C,ligand
3oxs,A,mhc
3oxs,C,ligand
3o3a,A,mhc
3o3a,C,ligand
6opd,A,mhc
6opd,C,ligand
6amu,A,mhc
6amu,E,binder
6amu,D,binder
6amu,C,ligand
6ewo,A,mhc
6ewo,C,ligand
4i48,A,mhc
4i48,C,ligand
5ind,A,mhc
5ind,C,ligand
3kla,A,mhc
3kla,C,ligand
3bwa,A,mhc
3bwa,C,ligand
6bxq,A,mhc
6bxq,B,ligand
6o9b,A,mhc
6o9b,C,ligand
4wj5,A,mhc
4wj5,C,ligand
7sr3,A,mhc
4qrp,A,mhc
4qrp,E,binder
4qrp,D,binder
4qrp,C,ligand
5eu6,A,mhc
5eu6,E,binder
5eu6,D,binder
5eu6,C,ligand
5inc,A,mhc
5inc,C,ligand
9bl2,A,mhc
9bl2,D,binder
9bl2,C,ligand
7x1c,A,mhc
7x1c,C,ligand
3mrk,A,mhc
3mrk,C,ligand
8esh,A,mhc
8esh,C,ligand
5vwj,A,mhc
5vwj,C,ligand
4pr5,A,mhc
4pr5,C,ligand
1x7q,A,mhc
1x7q,C,ligand
3lkp,A,mhc
3lkp,C,ligand
6ss8,A,mhc
6ss8,C,ligand
3vxo,A,mhc
3vxo,C,ligand
8rne,A,mhc
8rne,C,ligand
6vb4,A,mhc
6vb4,C,ligand
6viu,A,mhc
6viu,C,ligand
3mre,A,mhc
3mre,C,ligand
9dl1,A,mhc
9dl1,B,binder
9dl1,D,binder
9dl1,F,ligand
2axg,A,mhc
2axg,C,ligand
3qzw,A,mhc
3qzw,C,ligand
6at5,A,mhc
6at5,C,ligand
3to2,A,mhc
3to2,C,ligand
1mi5,A,mhc
1mi5,E,binder
1mi5,D,binder
1mi5,C,ligand
3fqr,A,mhc
3fqr,C,ligand
7yg3,A,mhc
7yg3,B,ligand
8xke,A,mhc
8xke,C,ligand
3kpq,A,mhc
3kpq,C,ligand
6vqz,A,mhc
6vqz,C,ligand
7sr4,A,mhc
6mt5,A,mhc
6mt5,C,ligand
3kyo,A,mhc
3kyo,C,ligand
1k5n,A,mhc
1k5n,C,ligand
4jfd,A,mhc
4jfd,E,binder
4jfd,D,binder
4jfd,C,ligand
7mle,A,mhc
7mle,C,ligand
7n2p,A,mhc
7n2p,E,binder
7n2p,D,binder
7n2p,C,ligand
6eqa,A,mhc
6eqa,E,binder
6eqa,D,binder
6eqa,C,ligand
3mrf,A,mhc
3mrf,C,ligand
8emf,A,mhc
8emf,C,ligand
3dx6,A,mhc
3dx6,C,ligand
3mrr,A,mhc
3mrr,C,ligand
3vxr,A,mhc
3vxr,E,binder
3vxr,D,binder
3vxr,C,ligand
3myj,A,mhc
3myj,C,ligand
3mrd,A,mhc
3mrd,C,ligand
5meo,A,mhc
5meo,C,ligand
7xf3,A,mhc
7xf3,C,ligand
5vud,A,mhc
5vud,C,ligand
5t6z,A,mhc
5t6z,D,binder
5t6z,C,ligand
1agb,A,mhc
1agb,C,ligand
7n1a,A,mhc
7n1a,C,ligand
6o51,A,mhc
6o51,C,ligand
3am8,A,mhc
3am8,C,ligand
5eu5,A,mhc
5eu5,C,ligand
6bj3,A,mhc
6bj3,E,binder
6bj3,D,binder
6bj3,C,ligand
5nmh,A,mhc
5nmh,C,ligand
2fz3,A,mhc
2fz3,C,ligand
6vqy,A,mhc
6vqy,C,ligand
6tdo,A,mhc
2v2x,A,mhc
2v2x,C,ligand
6rpb,A,mhc
6rpb,E,binder
6rpb,D,binder
6rpb,C,ligand
5eo0,A,mhc
5eo0,C,ligand
3qdm,A,mhc
3qdm,E,binder
3qdm,D,binder
3qdm,C,ligand
8rnf,A,mhc
8rnf,C,ligand
4l3e,A,mhc
4l3e,E,binder
4l3e,D,binder
4l3e,C,ligand
3mrn,A,mhc
3mrn,C,ligand
4hx1,A,mhc
4hx1,C,ligand
6jto,A,mhc
6jto,C,ligand
4nt6,A,mhc
4nt6,C,ligand
3giv,A,mhc
3giv,C,ligand
4wu7,A,mhc
4wu7,C,ligand
6vmc,A,mhc
6vmc,E,binder
6vmc,D,binder
6vmc,C,ligand
8elh,A,mhc
8elh,C,ligand
1agc,A,mhc
1agc,C,ligand
6avg,A,mhc
6avg,B,binder
6avg,C,binder
6avg,E,ligand
3d25,A,mhc
3d25,C,ligand
3spv,A,mhc
3spv,C,ligand
4u1m,A,mhc
4u1m,C,ligand
4pri,A,mhc
4pri,E,binder
4pri,D,binder
4pri,C,ligand
5c0j,A,mhc
5c0j,C,ligand
1duz,A,mhc
1duz,C,ligand
1a1o,A,mhc
1a1o,C,ligand
6v2q,A,mhc
6v2q,C,ligand
7ow3,A,mhc
7ow3,C,ligand
7tuc,A,mhc
7tuc,C,ligand
5c0a,A,mhc
5c0a,E,binder
5c0a,D,binder
5c0a,C,ligand
8v51,A,mhc
8v51,E,binder
8v51,D,binder
8v51,C,ligand
8rjh,A,mhc
8rjh,C,ligand
1tvb,A,mhc
1tvb,C,ligand
2git,A,mhc
2git,C,ligand
5f7d,A,mhc
5f7d,C,ligand
5yxn,A,mhc
5yxn,B,binder
5yxn,C,binder
5yxn,E,ligand
7tlt,A,mhc
7tlt,C,ligand
3vfw,A,mhc
3vfw,C,ligand
6d7g,A,mhc
6d7g,B,binder
6d7g,C,binder
8frt,A,mhc
3mri,A,mhc
3mri,C,ligand
2gt9,A,mhc
2gt9,C,ligand
6uln,A,mhc
6uln,E,binder
6uln,D,binder
6uln,C,ligand
5bs0,A,mhc
5bs0,E,binder
5bs0,D,binder
5bs0,C,ligand
6pyj,A,mhc
6pyj,C,ligand
1im3,A,mhc
1im3,D,binder
1im3,C,ligand
3i6k,A,mhc
3i6k,C,ligand
2h6p,A,mhc
2h6p,C,ligand
3vft,A,mhc
3vft,C,ligand
7r7v,A,mhc
7r7v,C,ligand
8fja,A,mhc
8fja,E,binder
8fja,D,binder
8fja,C,ligand
7m8u,A,mhc
7m8u,C,ligand
4prp,A,mhc
4prp,E,binder
4prp,D,binder
4prp,C,ligand
7m8s,A,mhc
7m8s,C,ligand
3sko,A,mhc
3sko,C,ligand
3dx7,A,mhc
3dx7,C,ligand
1xh3,A,mhc
1xh3,C,ligand
3x14,A,mhc
3x14,C,ligand
3bw9,A,mhc
3bw9,C,ligand
5knm,A,mhc
5knm,D,ligand
7sig,A,mhc
7sig,C,ligand
5c0g,A,mhc
5c0g,C,ligand
2ypl,A,mhc
2ypl,E,binder
2ypl,D,binder
2ypl,C,ligand
5u98,A,mhc
5u98,C,ligand
2v2w,A,mhc
2v2w,C,ligand
5nqk,A,mhc
5nqk,B,binder
5nqk,C,binder
5nqk,E,ligand
6ptb,A,mhc
6ptb,C,ligand
2gtz,A,mhc
2gtz,C,ligand
5wxd,A,mhc
5wxd,C,ligand
4nnx,A,mhc
4nnx,C,ligand
9bla,A,mhc
9bla,D,binder
9bla,C,ligand
8emi,A,mhc
8emi,C,ligand
5wwi,A,mhc
5wwi,C,ligand
7x00,A,mhc
7x00,C,ligand
5nht,A,mhc
5nht,B,binder
5nht,C,binder
5nht,E,ligand
7ur1,A,mhc
7ur1,C,ligand
3l3g,A,mhc
3l3g,C,ligand
3bgm,A,mhc
3bgm,C,ligand
4no2,A,mhc
4no2,C,ligand
6uk4,A,mhc
6uk4,C,ligand
7l1b,A,mhc
7l1b,C,ligand
4u1n,A,mhc
4u1n,C,ligand
1sys,A,mhc
1sys,C,ligand
1eez,A,mhc
1eez,C,ligand
5c0i,A,mhc
5c0i,C,ligand
7n2n,A,mhc
7n2n,E,binder
7n2n,D,binder
7n2n,C,ligand
3w39,A,mhc
3w39,C,ligand
2x4p,A,mhc
2x4p,C,ligand
7s8r,A,mhc
7s8r,C,ligand
4prb,A,mhc
4prb,C,ligand
7stg,A,mhc
1syv,A,mhc
1syv,C,ligand
3w0w,A,mhc
3w0w,E,binder
3w0w,D,binder
3w0w,C,ligand
7dzm,A,mhc
7dzm,B,binder
7dzm,E,binder
7dzm,D,binder
7dzm,C,ligand
4prh,A,mhc
4prh,E,binder
4prh,D,binder
4prh,C,ligand
3kpl,A,mhc
3kpl,C,ligand
6ulr,A,mhc
6ulr,E,binder
6ulr,D,binder
6ulr,C,ligand
6o53,A,mhc
6o53,C,ligand
6ujq,A,mhc
6ujq,C,ligand
3bvn,A,mhc
3bvn,C,ligand
6vrm,A,mhc
6vrm,C,binder
6vrm,D,binder
6vrm,E,ligand
2fyy,A,mhc
2fyy,C,ligand
6tds,A,mhc
1jht,A,mhc
1jht,C,ligand
5vwh,A,mhc
5vwh,C,ligand
2vlj,A,mhc
2vlj,E,binder
2vlj,D,binder
2vlj,C,ligand
1e28,A,mhc
1e28,C,ligand
7uc5,A,mhc
7uc5,C,ligand
5yxu,A,mhc
5yxu,B,binder
5yxu,C,binder
5yxu,E,ligand
2x4q,A,mhc
2x4q,C,ligand
4no3,A,mhc
4no3,C,ligand
3cdg,A,mhc
3cdg,C,binder
3cdg,D,binder
3cdg,E,ligand
8wul,A,mhc
8wul,B,binder
8wul,C,binder
8wul,E,ligand
3d18,A,mhc
3d18,C,ligand
4uq2,A,mhc
4uq2,C,ligand
1zhk,A,mhc
1zhk,C,ligand
8vcl,A,mhc
8vcl,C,ligand
6d29,A,mhc
6d29,C,ligand
4u1j,A,mhc
4u1j,C,ligand
7l1d,A,mhc
7l1d,E,binder
7l1d,D,binder
7l1d,C,ligand
8cx4,A,mhc
8cx4,E,binder
8cx4,D,binder
8cx4,C,ligand
4u1s,A,mhc
4u1s,C,ligand
3lkq,A,mhc
3lkq,C,ligand
6rpa,A,mhc
6rpa,E,binder
6rpa,D,binder
6rpa,C,ligand
8gom,A,mhc
8gom,E,binder
8gom,D,binder
8gom,C,ligand
6e1i,A,mhc
5nme,A,mhc
5nme,E,binder
5nme,D,binder
5nme,C,ligand
6vr5,A,mhc
6vr5,C,ligand
3kpm,A,mhc
3kpm,C,ligand
7tue,A,mhc
7tue,C,binder
3ffc,A,mhc
3ffc,E,binder
3ffc,D,binder
3ffc,C,ligand
7pdw,A,mhc
7pdw,B,binder
7pdw,C,binder
7pdw,E,ligand
4mj5,A,mhc
4mj5,C,ligand
6at9,A,mhc
6at9,C,ligand
1xr8,A,mhc
1xr8,C,ligand
4jfq,A,mhc
4jfq,C,ligand
7re8,A,mhc
7re8,C,ligand
3dtx,A,mhc
3dtx,C,binder
3dtx,E,ligand
5t70,A,mhc
5t70,D,binder
5t70,C,ligand
7r7w,A,mhc
7r7w,C,ligand
6vq2,A,mhc
6vq2,C,ligand
6dkp,A,mhc
6dkp,E,binder
6dkp,D,binder
6dkp,C,ligand
9asf,A,mhc
9asf,C,ligand
2x4t,A,mhc
2x4t,C,ligand
7k81,A,mhc
7k81,D,binder
7k81,C,ligand
5iek,A,mhc
5iek,C,ligand
3dx8,A,mhc
3dx8,C,ligand
5gsd,A,mhc
5gsd,C,ligand
6vqo,A,mhc
6vqo,C,binder
6vqo,D,binder
6vqo,E,ligand
6v2o,A,mhc
6v2o,C,ligand
6pz5,A,mhc
6pz5,C,ligand
5meq,A,mhc
5meq,C,ligand
4lnr,A,mhc
4lnr,C,ligand
4jfo,A,mhc
4jfo,C,ligand
6k60,A,mhc
6k60,C,ligand
4pre,A,mhc
4pre,C,ligand
8ref,A,mhc
8ref,C,ligand
6uzm,A,mhc
6uzm,C,ligand
3lks,A,mhc
3lks,C,ligand
6bj8,A,mhc
6bj8,E,binder
6bj8,D,binder
6bj8,C,ligand
3mrl,A,mhc
3mrl,C,ligand
1zsd,A,mhc
1zsd,C,ligand
4qrq,A,mhc
4qrq,C,ligand
3mv7,A,mhc
3mv7,E,binder
3mv7,D,binder
3mv7,C,ligand
1jgd,A,mhc
1jgd,C,ligand
6tmo,A,mhc
6tmo,E,binder
6tmo,D,binder
6tmo,C,ligand
7r80,A,mhc
7r80,B,binder
7r80,C,binder
7r80,E,ligand
7k80,A,mhc
7k80,D,binder
7k80,C,ligand
6q3k,A,mhc
6q3k,C,ligand
1zhl,A,mhc
1zhl,C,ligand
2ypk,A,mhc
2ypk,C,ligand
3vcl,A,mhc
3vcl,C,ligand
7r7y,A,mhc
7r7y,C,ligand
8f7m,A,mhc
8f7m,C,ligand
8dnt,A,mhc
8dnt,B,binder
8dnt,C,binder
8dnt,D,ligand
1w0w,A,mhc
1w0w,C,ligand
7phr,A,mhc
7phr,B,binder
7phr,C,binder
7phr,E,ligand
5vgd,A,mhc
5vgd,C,ligand
8wte,A,mhc
8wte,B,binder
8wte,C,binder
8wte,E,ligand
7stf,A,mhc
7stf,E,binder
7stf,D,binder
7stf,C,ligand
7eu2,A,mhc
7eu2,C,ligand
9asg,A,mhc
9asg,C,ligand
6vr1,A,mhc
6vr1,C,ligand
1m6o,A,mhc
1m6o,C,ligand
9bl3,A,mhc
9bl3,D,binder
9bl3,C,ligand
6ewa,A,mhc
6ewa,C,ligand
5xos,A,mhc
5xos,C,ligand
6pyl,A,mhc
6pyl,C,ligand
6y26,A,mhc
6y26,C,ligand
7st3,A,mhc
5def,A,mhc
5def,C,ligand
2ak4,A,mhc
2ak4,E,binder
2ak4,D,binder
2ak4,C,ligand
1i1y,A,mhc
1i1y,C,ligand
5wmq,A,mhc
5wmq,C,ligand
6nca,A,mhc
6nca,B,ligand
4u1h,A,mhc
4u1h,C,ligand
3vh8,A,mhc
3vh8,D,binder
3vh8,C,ligand
1w0v,A,mhc
1w0v,C,ligand
5grg,A,mhc
5grg,C,ligand
5grg,D,ligand
2hjk,A,mhc
2hjk,C,ligand
3vfo,A,mhc
3vfo,C,ligand
7ssh,A,mhc
3l3i,A,mhc
3l3i,C,ligand
6pa1,A,mhc
6pa1,D,binder
6pa1,C,ligand
3hla,A,mhc
2x4o,A,mhc
2x4o,C,ligand
9c6x,A,mhc
1hhj,A,mhc
1hhj,C,ligand
7alo,A,mhc
7alo,C,ligand
5b38,A,mhc
5b38,D,binder
5b38,C,ligand
7sqp,A,mhc
6eny,A,mhc
6eny,D,binder
2pye,A,mhc
2pye,E,binder
2pye,D,binder
2pye,C,ligand
3kps,A,mhc
3kps,E,binder
3kps,D,binder
3kps,C,ligand
3lkr,A,mhc
3lkr,C,ligand
6vqe,A,mhc
6vqe,C,ligand
3b3i,A,mhc
3b3i,C,ligand
5grd,A,mhc
5grd,C,ligand
6g3k,A,mhc
6g3k,C,ligand
2x4r,A,mhc
2x4r,C,ligand
8gvb,A,mhc
8gvb,B,binder
8gvb,C,binder
8gvb,E,ligand
8vjz,A,mhc
8vjz,C,ligand
4prd,A,mhc
4prd,C,ligand
4l3c,A,mhc
4l3c,C,ligand
6d78,A,mhc
6d78,E,binder
6d78,D,binder
6d78,C,ligand
8v4z,A,mhc
8v4z,E,binder
8v4z,D,binder
8v4z,C,ligand
6vrn,A,mhc
6vrn,C,binder
6vrn,D,binder
6vrn,E,ligand
8tnj,A,mhc
8tnj,B,binder
8tnj,C,binder
5nmg,A,mhc
5nmg,E,binder
5nmg,D,binder
5nmg,C,ligand
9bl9,A,mhc
9bl9,D,binder
9bl9,C,ligand
4qru,A,mhc
4qru,C,ligand
3kpr,A,mhc
3kpr,E,binder
3kpr,D,binder
3kpr,C,ligand
2cik,A,mhc
2cik,C,ligand
4k7f,A,mhc
4k7f,C,ligand
7t0l,A,mhc
7t0l,C,ligand
3kww,A,mhc
3kww,C,ligand
2bvq,A,mhc
2bvq,C,ligand
3vfm,A,mhc
3vfm,C,ligand
2bss,A,mhc
2bss,C,ligand
3l3d,A,mhc
3l3d,C,ligand
2nw3,A,mhc
2nw3,C,ligand
7x1b,A,mhc
7x1b,C,ligand
3qdg,A,mhc
3qdg,E,binder
3qdg,D,binder
3qdg,C,ligand
4jqx,A,mhc
4jqx,B,ligand
5mer,A,mhc
5mer,C,ligand
3dxa,A,mhc
3dxa,E,binder
3dxa,D,binder
3dxa,C,ligand
2bst,A,mhc
2bst,C,ligand
4qrt,A,mhc
4qrt,C,ligand
9bl4,A,mhc
9bl4,D,binder
9bl4,C,ligand
8rj5,A,mhc
8rj5,E,binder
8rj5,D,binder
8rj5,C,ligand
6vb3,A,mhc
6vb3,C,ligand
8fjb,A,mhc
8fjb,E,binder
8fjb,D,binder
8fjb,C,ligand
5d2l,A,mhc
5d2l,C,binder
5d2l,D,binder
5d2l,E,ligand
6eqb,A,mhc
6eqb,E,binder
6eqb,D,binder
6eqb,C,ligand
6pyw,A,mhc
6pyw,C,ligand
3qeq,A,mhc
3qeq,E,binder
3qeq,D,binder
3qeq,C,ligand
7cir,A,mhc
7cir,C,ligand
5ib5,A,mhc
5ib5,C,ligand
2p5w,A,mhc
2p5w,E,binder
2p5w,D,binder
2p5w,C,ligand
3mv8,A,mhc
3mv8,E,binder
3mv8,D,binder
3mv8,C,ligand
3wuw,A,mhc
3wuw,D,binder
3wuw,C,ligand
5b39,A,mhc
5b39,D,binder
5b39,C,ligand
3upr,A,mhc
3upr,C,ligand
3o3d,A,mhc
3o3d,C,ligand
8gvg,A,mhc
8gvg,B,binder
8gvg,C,binder
8gvg,E,ligand
2c7u,A,mhc
2c7u,C,ligand
4gkn,A,mhc
4gkn,C,ligand
1ktl,A,mhc
1ktl,C,ligand
6y2b,A,mhc
6y2b,C,ligand
2x4u,A,mhc
2x4u,C,ligand
3skm,A,mhc
3skm,C,ligand
8rcv,A,mhc
8rcv,C,ligand
6y29,A,mhc
6y29,C,ligand
4eup,A,mhc
4eup,E,binder
4eup,D,binder
4eup,C,ligand
3lv3,A,mhc
3lv3,C,ligand
2axf,A,mhc
2axf,C,ligand
3bp7,A,mhc
3bp7,C,ligand
3kpn,A,mhc
3kpn,C,ligand
1tmc,A,mhc
1tmc,C,ligand
3qdj,A,mhc
3qdj,E,binder
3qdj,D,binder
3qdj,C,ligand
5wmr,A,mhc
5wmr,C,ligand
7re7,A,mhc
7re7,E,binder
7re7,D,binder
7re7,C,ligand
5deg,A,mhc
5deg,C,ligand
5ib1,A,mhc
5ib1,C,ligand
4g9d,A,mhc
4g9d,C,ligand
8vra,A,mhc
8vra,E,binder
8vra,D,binder
8vra,C,ligand
2vlr,A,mhc
2vlr,E,binder
2vlr,D,binder
2vlr,C,ligand
3bp4,A,mhc
3bp4,C,ligand
6vqd,A,mhc
6vqd,C,ligand
8hn4,A,mhc
8hn4,C,ligand
1m05,A,mhc
1m05,C,ligand
7dyn,A,mhc
7dyn,C,ligand
6y28,A,mhc
6y28,C,ligand
7cis,A,mhc
7cis,C,ligand
1kpr,A,mhc
1kpr,C,ligand
4g9f,A,mhc
4g9f,E,binder
4g9f,D,binder
4g9f,C,ligand
5d2n,A,mhc
5d2n,B,binder
5d2n,C,binder
5d2n,D,ligand
1a1m,A,mhc
1a1m,C,ligand
3bo8,A,mhc
3bo8,C,ligand
9c6w,A,mhc
6ei2,A,mhc
6ei2,C,ligand
6y27,A,mhc
6y27,C,ligand
4g8i,A,mhc
4g8i,C,ligand
8esb,A,mhc
8esb,C,ligand
8rro,A,mhc
8rro,B,binder
8rro,C,binder
8rro,E,ligand
6vpz,A,mhc
6vpz,C,ligand
6apn,A,mhc
1uxw,A,mhc
1uxw,C,ligand
8yiv,A,mhc
8yiv,E,binder
8yiv,D,binder
8yiv,C,ligand
9c6v,A,mhc
3czf,A,mhc
3czf,C,ligand
1hsa,A,mhc
1hsa,C,ligand
5ib4,A,mhc
5ib4,C,ligand
2a83,A,mhc
2a83,C,ligand
2bsr,A,mhc
2bsr,C,ligand
8t7r,A,mhc
8t7r,H,binder
8t7r,I,binder
8t7r,D,ligand
1of2,A,mhc
1of2,C,ligand
8vr9,A,mhc
8vr9,E,binder
8vr9,D,binder
8vr9,C,ligand
8t6m,A,mhc
8t6m,E,binder
8t6m,B,binder
8t6m,C,binder
8t6m,D,binder
8t6m,G,ligand
7ciq,A,mhc
7ciq,C,ligand
5vge,A,mhc
5vge,C,ligand
6uon,A,mhc
6uon,E,binder
6uon,D,binder
6uon,C,ligand
8yj2,A,mhc
8yj2,E,binder
8yj2,D,binder
8yj2,C,ligand
5ib2,A,mhc
5ib2,C,ligand
3b6s,A,mhc
3b6s,C,ligand
1ogt,A,mhc
1ogt,C,ligand
7n2q,A,mhc
7n2q,E,binder
7n2q,D,binder
7n2q,C,ligand
6y2a,A,mhc
6y2a,C,ligand
8v50,A,mhc
8v50,E,binder
8v50,D,binder
8v50,C,ligand
8gvi,A,mhc
8gvi,B,binder
8gvi,C,binder
8gvi,E,ligand
3cii,A,mhc
3cii,E,binder
3cii,D,binder
3cii,C,ligand
7qpd,A,mhc
7qpd,F,binder
4u1k,A,mhc
4u1k,C,ligand
1jge,A,mhc
1jge,C,ligand
8esa,A,mhc
8esa,C,ligand
5ib3,A,mhc
5ib3,C,ligand
1uxs,A,mhc
1uxs,C,ligand
2hla,A,mhc
8ec5,A,mhc
8ec5,C,ligand
8vrb,A,mhc
8vrb,E,binder
8vrb,D,binder
8vrb,C,ligand
1qqd,A,mhc
1qqd,C,ligand
7duu,A,mhc
7duu,D,binder
7duu,C,ligand
1efx,A,mhc
1efx,D,binder
1efx,C,ligand
8tmu,A,mhc
8tmu,C,binder
8tmu,D,ligand
3rwc,A,mhc
3rwc,C,ligand
4zus,A,mhc
4zus,C,ligand
5xs3,A,mhc
5xs3,C,ligand
1im9,A,mhc
1im9,D,binder
1im9,C,ligand
3rwi,A,mhc
3rwi,C,ligand
3rwh,A,mhc
3rwh,C,ligand
3rwd,A,mhc
3rwd,C,ligand
1zvs,A,mhc
1zvs,C,ligand
3rwe,A,mhc
3rwe,C,ligand
4zuw,A,mhc
4zuw,C,ligand
3rwf,A,mhc
3rwf,C,ligand
5e6i,A,mhc
5e6i,B,binder
5e6i,C,binder
5e6i,E,ligand
4zuu,A,mhc
4zuu,C,ligand
3rwj,A,mhc
3rwj,C,ligand
6iwg,A,mhc
6iwg,C,ligand
5xmf,A,mhc
5xmf,C,ligand
4zuv,A,mhc
4zuv,C,ligand
3jts,A,mhc
3jts,C,ligand
8ht1,A,mhc
8ht1,C,ligand
7cjq,A,mhc
7cjq,C,ligand
6l9k,A,mhc
6l9k,B,ligand
6jq2,A,mhc
6jq2,C,ligand
5xmm,A,mhc
5xmm,C,ligand
6l9n,A,mhc
6l9n,C,ligand
4zut,A,mhc
4zut,C,ligand
6lt6,A,mhc
4zfz,A,mhc
4zfz,C,ligand
3jtt,A,mhc
3jtt,C,ligand
8hso,A,mhc
8hso,C,ligand
3rwg,A,mhc
3rwg,C,ligand
2e7l,A,mhc
2e7l,B,binder
2e7l,C,binder
2e7l,D,ligand
6lb2,A,mhc
5f1n,A,mhc
5f1n,C,ligand
1kpv,A,mhc
1kpv,D,ligand
6iwh,A,mhc
6iwh,C,ligand
4huv,A,mhc
4huv,C,ligand
7byd,A,mhc
7byd,E,binder
7byd,D,binder
7byd,C,ligand
5j6h,A,mhc
5j6h,C,ligand
1s7q,A,mhc
1s7q,C,ligand
1s7s,A,mhc
1s7s,C,ligand
4pgd,A,mhc
4pgd,C,ligand
5gr7,A,mhc
5gr7,C,ligand
7wcy,A,mhc
7wcy,C,ligand
1s7r,A,mhc
1s7r,C,ligand
1rjy,A,mhc
1rjy,C,ligand
7dc6,A,mhc
7dc6,C,ligand
7xqu,A,mhc
7xqu,C,ligand
6j2g,A,mhc
6j2g,C,ligand
2clv,A,mhc
2clv,C,ligand
5j6g,A,mhc
5j6g,C,ligand
5f1i,A,mhc
5f1i,C,ligand
3pwu,A,mhc
3pwu,C,ligand
6m24,A,mhc
6m24,C,ligand
1fzj,A,mhc
1fzj,D,ligand
2oi9,A,mhc
2oi9,B,binder
2oi9,C,binder
2oi9,D,ligand
7xqs,A,mhc
7xqs,C,ligand
1vgk,A,mhc
1vgk,C,ligand
6j2h,A,mhc
6j2h,C,ligand
2fwo,A,mhc
2fwo,C,ligand
1rk0,A,mhc
1rk0,C,ligand
1ed3,A,mhc
1ed3,C,ligand
6j2j,A,mhc
6j2j,C,ligand
4hkj,A,mhc
4hkj,C,ligand
5ivx,A,mhc
5ivx,C,binder
5ivx,D,binder
5ivx,E,ligand
2xfx,A,mhc
2xfx,C,ligand
6lah,A,mhc
3e3q,A,mhc
3e3q,B,binder
3e3q,C,binder
3e3q,D,ligand
1fzo,A,mhc
1fzo,D,ligand
6l9l,A,mhc
6l9l,C,binder
6l9l,D,binder
6l9l,B,ligand
3ery,A,mhc
3ery,B,ligand
1bii,A,mhc
1bii,C,ligand
8hsm,A,mhc
8hsm,C,ligand
1g7p,A,mhc
1g7p,D,ligand
5m00,A,mhc
5m00,B,binder
5m00,C,binder
5m00,D,binder
5m00,E,ligand
3tjh,A,mhc
3tjh,C,binder
3tjh,D,binder
3tjh,B,ligand
7jwi,A,mhc
7jwi,E,binder
7jwi,D,binder
7jwi,C,ligand
4l8d,A,mhc
4l8d,C,ligand
8d5e,A,mhc
8d5e,C,ligand
5gsx,A,mhc
5gsx,C,ligand
6lam,A,mhc
6ilg,A,mhc
6ilg,C,ligand
3pwv,A,mhc
3pwv,C,ligand
1kjm,A,mhc
1kjm,C,ligand
2clz,A,mhc
2clz,C,ligand
4pgb,A,mhc
4pgb,C,ligand
5jwd,A,mhc
5jwd,C,ligand
5m02,A,mhc
5m02,C,binder
5m02,D,binder
5m02,E,ligand
5gsr,A,mhc
5gsr,C,ligand
4nhu,A,mhc
4nhu,B,binder
4nhu,C,binder
1t0m,A,mhc
1t0m,C,ligand
1osz,A,mhc
1osz,C,ligand
6jq3,A,mhc
6jq3,C,ligand
1n59,A,mhc
1n59,C,ligand
2vaa,A,mhc
2vaa,C,ligand
1s7t,A,mhc
1s7t,C,ligand
6g9q,A,mhc
6g9q,C,binder
6g9q,D,binder
6g9q,E,ligand
8d5k,A,mhc
8d5k,C,ligand
1fzm,A,mhc
1fzm,D,ligand
1t0n,A,mhc
1t0n,C,ligand
1rk1,A,mhc
1rk1,D,ligand
5trz,A,mhc
5trz,D,ligand
4pg9,A,mhc
4pg9,C,ligand
3fom,A,mhc
3fom,C,ligand
6m2k,A,mhc
6m2k,C,ligand
4n5e,A,mhc
4n5e,C,binder
4n5e,D,binder
4n5e,B,ligand
1leg,A,mhc
1leg,D,ligand
5mzm,A,mhc
5mzm,C,ligand
5til,A,mhc
5til,E,binder
5til,D,binder
5til,C,ligand
4huw,A,mhc
4huw,D,binder
4huw,E,ligand
5m01,A,mhc
5m01,C,binder
5m01,D,binder
5m01,E,ligand
3tid,A,mhc
3tid,C,ligand
8ht9,A,mhc
8ht9,C,ligand
1juf,A,mhc
1juf,C,ligand
4z77,A,mhc
4z77,C,ligand
7ji2,A,mhc
7ji2,C,ligand
1g6r,A,mhc
1g6r,B,binder
1g6r,C,binder
1g6r,E,ligand
8d5j,A,mhc
8d5j,C,ligand
1kpu,A,mhc
1kpu,D,ligand
6m2j,A,mhc
6m2j,C,ligand
5gsb,A,mhc
5gsb,C,ligand
4pv8,A,mhc
4pv8,C,ligand
4pge,A,mhc
4pge,C,ligand
6nf7,A,mhc
6nf7,C,ligand
7xqt,A,mhc
7xqt,C,ligand
1wbx,A,mhc
1wbx,C,ligand
3tie,A,mhc
3tie,C,ligand
1wbz,A,mhc
1wbz,C,ligand
1lk2,A,mhc
1lk2,D,ligand
4pg2,A,mhc
4pg2,C,ligand
1rjz,A,mhc
1rjz,C,ligand
1inq,A,mhc
1inq,C,ligand
1vad,A,mhc
1vad,C,ligand
5vcl,A,mhc
5vcl,C,ligand
1qo3,A,mhc
1qo3,C,binder
1qo3,E,ligand
4nsk,A,mhc
4nsk,C,ligand
4mxq,A,mhc
4mxq,C,binder
4mxq,D,binder
4mxq,B,ligand
1g7q,A,mhc
1g7q,D,ligand
7p0t,A,mhc
7p0t,C,ligand
1fzk,A,mhc
1fzk,D,ligand
8jhw,A,mhc
8jhw,C,ligand
6ilc,A,mhc
6ilc,C,ligand
8hsw,A,mhc
8hsw,C,ligand
3tbt,A,mhc
3tbt,C,ligand
3ecb,A,mhc
3ecb,C,ligand
7emb,A,mhc
7emb,C,ligand
1nan,A,mhc
1nan,C,ligand
1k8d,A,mhc
1k8d,C,ligand
3tbv,A,mhc
3tbv,C,ligand
3c8k,A,mhc
3c8k,D,ligand
4z76,A,mhc
4z76,C,ligand
8tq9,A,mhc
8tq9,E,ligand
3roo,A,mhc
3roo,C,ligand
5npz,A,mhc
5npz,C,ligand
8d5q,A,mhc
8d5q,B,binder
8d5q,C,binder
8d5q,D,ligand
6wl2,A,mhc
6wl2,C,binder
6wl2,B,ligand
3p9m,A,mhc
3p9m,C,ligand
2ol3,A,mhc
2ol3,B,binder
2ol3,C,binder
2ol3,E,ligand
1kbg,A,mhc
1kbg,E,ligand
6l9m,A,mhc
6l9m,C,ligand
6j2f,A,mhc
6j2f,C,ligand
2zok,A,mhc
2zok,C,ligand
8jhv,A,mhc
8jhv,E,binder
8jhv,D,binder
8jhv,C,ligand
7p0a,A,mhc
7p0a,C,ligand
2vab,A,mhc
2vab,C,ligand
1vac,A,mhc
1vac,C,ligand
3cpl,A,mhc
3cpl,C,ligand
3tfk,A,mhc
3tfk,C,binder
3tfk,D,binder
3tfk,B,ligand
3tby,A,mhc
3tby,C,ligand
6lf9,A,mhc
6lf9,C,ligand
1lek,A,mhc
1lek,D,ligand
6a6h,A,mhc
6a6h,C,ligand
8d5n,A,mhc
8d5n,B,ligand
5weu,A,mhc
5weu,C,ligand
6x00,A,mhc
6x00,C,ligand
2fo4,A,mhc
2fo4,D,ligand
5e8n,A,mhc
5e8n,C,ligand
4wdi,A,mhc
4wdi,C,ligand
1n5a,A,mhc
1n5a,C,ligand
1zt7,A,mhc
1zt7,C,ligand
6g9r,A,mhc
6g9r,C,ligand
5ts1,A,mhc
5ts1,C,ligand
2ckb,A,mhc
2ckb,B,binder
2ckb,C,binder
2ckb,E,ligand
3e6f,A,mhc
3e6f,C,ligand
8tq8,A,mhc
8tq8,C,binder
8tq8,E,ligand
5jwe,A,mhc
5jwe,C,ligand
4hux,A,mhc
4hux,C,ligand
3cvh,A,mhc
3cvh,E,binder
3cvh,D,binder
3cvh,C,ligand
3tbw,A,mhc
3tbw,C,ligand
1qlf,A,mhc
1qlf,C,ligand
3tbs,A,mhc
3tbs,C,ligand
6npr,A,mhc
6npr,C,ligand
3quk,A,mhc
3quk,C,ligand
3rol,A,mhc
3rol,C,ligand
3qq3,A,mhc
3qq3,C,ligand
5nq2,A,mhc
5nq2,C,ligand
8umo,A,mhc
8umo,C,binder
8umo,D,binder
8umo,E,ligand
5swz,A,mhc
5swz,E,binder
5swz,D,binder
5swz,C,ligand
5gsv,A,mhc
5gsv,C,ligand
3buy,A,mhc
3buy,C,ligand
3dmm,A,mhc
3dmm,E,ligand
8p43,A,mhc
8p43,C,ligand
1s7x,A,mhc
1s7x,C,ligand
5nq3,A,mhc
5nq3,C,ligand
1nam,A,mhc
1nam,B,binder
1nam,C,binder
1nam,E,ligand
5kd7,A,mhc
5kd7,C,ligand
5ylx,A,mhc
5ylx,C,ligand
3tf7,A,mhc
3tf7,C,binder
3tf7,B,ligand
6ile,A,mhc
6ile,C,ligand
1mwa,A,mhc
1mwa,B,binder
1mwa,C,binder
1mwa,F,ligand
5sws,A,mhc
5sws,E,binder
5sws,D,binder
5sws,C,ligand
1s7w,A,mhc
1s7w,C,ligand
3fon,A,mhc
3fon,C,ligand
2cii,A,mhc
2cii,C,ligand
5t7g,A,mhc
5t7g,C,ligand
3cc5,A,mhc
3cc5,C,ligand
3ch1,A,mhc
3ch1,C,ligand
6j2d,A,mhc
6j2d,C,ligand
6h6d,A,mhc
6h6d,C,ligand
8d5f,A,mhc
8d5f,C,ligand
2zsw,A,mhc
2zsw,C,ligand
6j2e,A,mhc
6j2e,C,ligand
4huu,A,mhc
4huu,D,binder
4huu,E,ligand
1ffo,A,mhc
1ffo,C,ligand
4l8b,A,mhc
4l8b,C,ligand
4pv9,A,mhc
4pv9,C,ligand
1zt1,A,mhc
1zt1,C,ligand
7n9j,A,mhc
7n9j,C,ligand
4pgc,A,mhc
4pgc,C,ligand
1bz9,A,mhc
1bz9,C,ligand
4hs3,A,mhc
4hs3,C,ligand
4l8c,A,mhc
4l8c,C,ligand
3cch,A,mhc
3cch,C,ligand
1jpf,A,mhc
1jpf,C,ligand
6wzy,A,mhc
6wzy,C,ligand
7n5c,A,mhc
7n5c,E,binder
7n5c,D,binder
7n5c,C,ligand
5wli,A,mhc
5wli,C,ligand
1s7v,A,mhc
1s7v,C,ligand
3ws6,A,mhc
3ws6,C,ligand
3p4o,A,mhc
3p4o,C,ligand
6h6h,A,mhc
6h6h,C,ligand
1yn7,A,mhc
1yn7,C,ligand
6k7t,A,mhc
6k7t,C,ligand
6gb5,A,mhc
6gb5,C,ligand
6gb5,D,ligand
7emc,A,mhc
7emc,C,ligand
7em9,A,mhc
7em9,C,ligand
3qq4,A,mhc
3qq4,C,ligand
3qul,A,mhc
3qul,C,ligand
1fg2,A,mhc
1fg2,C,ligand
5nq0,A,mhc
5nq0,C,ligand
5wet,A,mhc
5wet,C,ligand
5wes,A,mhc
5wes,C,ligand
5wlg,A,mhc
5wlg,E,binder
5wlg,D,binder
5wlg,C,ligand
4iho,A,mhc
4iho,C,ligand
3e6h,A,mhc
3e6h,C,ligand
5oqi,A,mhc
5h94,A,mhc
5h94,C,ligand
7n5p,A,mhc
7n5p,E,binder
7n5p,D,binder
7n5p,C,ligand
6gb7,A,mhc
6gb7,C,ligand
6gb7,D,ligand
6ilf,A,mhc
6ilf,C,ligand
6wl4,A,mhc
6wl4,C,binder
6wl4,B,ligand
1kj3,A,mhc
1kj3,C,ligand
4hv8,A,mhc
4hv8,C,binder
4hv8,E,ligand
1bqh,A,mhc
1bqh,C,ligand
1s7u,A,mhc
1s7u,C,ligand
6j2i,A,mhc
6j2i,C,ligand
6gb6,A,mhc
3l3h,A,mhc
3l3h,C,ligand
7emd,A,mhc
7emd,C,ligand
3ftg,A,mhc
3ftg,C,ligand
7ema,A,mhc
7ema,C,ligand
3vj6,A,mhc
3vj6,C,ligand
1p4l,A,mhc
1p4l,E,ligand
2ve6,A,mhc
2ve6,C,ligand
1ffn,A,mhc
1ffn,C,ligand
1n3n,A,mhc
1n3n,C,ligand
7qng,A,mhc
7qng,B,binder
7qng,C,binder
1kj2,A,mhc
1kj2,B,binder
1kj2,C,binder
1kj2,E,ligand
6wl3,A,mhc
6wl3,C,binder
6wl3,B,ligand
7jwj,A,mhc
7jwj,E,binder
7jwj,D,binder
7jwj,C,ligand
5tje,A,mhc
5tje,C,binder
5tje,D,binder
5tje,E,ligand
8w6l,A,mhc
8w6l,C,ligand
6mp0,A,mhc
8tq7,A,mhc
8tq7,H,ligand
7na5,A,mhc
7na5,E,binder
7na5,D,binder
7na5,C,ligand
3tpu,A,mhc
3tpu,B,binder
3tpu,C,binder
3tpu,D,ligand
6kwl,A,mhc
6kwl,C,ligand
3p4n,A,mhc
3p4n,C,ligand
2zol,A,mhc
2zol,C,ligand
5opi,A,mhc
5opi,C,binder
1jpg,A,mhc
1jpg,C,ligand
1ldp,A,mhc
1ldp,E,ligand
1ldp,D,ligand
6kwk,A,mhc
6kwk,C,ligand
5e8o,A,mhc
5e8o,C,ligand
2qri,A,mhc
3p9l,A,mhc
3p9l,C,ligand
1wby,A,mhc
1wby,C,ligand
5e8p,A,mhc
5e8p,C,ligand
8fhu,A,mhc
8fhu,C,ligand
3p4m,A,mhc
3p4m,C,ligand
1yn6,A,mhc
1yn6,C,ligand
4z78,A,mhc
4z78,C,ligand
2zsv,A,mhc
2zsv,C,ligand
8fhl,A,mhc
8fhl,C,ligand
2f74,A,mhc
2f74,C,ligand
1zhb,A,mhc
1zhb,C,ligand
3fol,A,mhc
3fol,C,ligand
6lf8,A,mhc
6lf8,C,ligand
1ce6,A,mhc
1ce6,C,ligand
8jv0,A,mhc
8jv0,C,ligand
1fo0,A,mhc
1fo0,B,binder
1fo0,C,binder
1fo0,E,ligand
4mvb,A,mhc
4mvb,C,binder
4mvb,D,binder
4mvb,B,ligand
5oqh,A,mhc
3rgv,A,mhc
3rgv,B,binder
3rgv,C,binder
3rgv,E,ligand
6kwo,A,mhc
6kwo,C,ligand
7n4k,A,mhc
7n4k,E,binder
7n4k,D,binder
7n4k,C,ligand
8gqv,A,mhc
8gqv,C,ligand
1ffp,A,mhc
1ffp,C,ligand
5nq1,A,mhc
5nq1,C,ligand
3pqy,A,mhc
3pqy,E,binder
3pqy,D,binder
3pqy,C,ligand
3e2h,A,mhc
3e2h,B,binder
3e2h,C,binder
3e2h,D,ligand
1ddh,A,mhc
1ddh,C,ligand
5oqf,A,mhc
5oqg,A,mhc
6kwn,A,mhc
6kwn,C,ligand
2qrt,A,mhc
5kd4,A,mhc
5kd4,C,ligand
4n0c,A,mhc
4n0c,C,binder
4n0c,D,binder
4n0c,B,ligand
8gqw,A,mhc
8gqw,C,ligand
3pab,A,mhc
3pab,C,ligand
7n5q,A,mhc
7n5q,C,ligand
2qrs,A,mhc
8tqa,A,mhc
8tqa,E,ligand
1hoc,A,mhc
1hoc,C,ligand
3ws3,A,mhc
3ws3,C,ligand
5wer,A,mhc
5wer,C,binder
2mha,A,mhc
2mha,C,ligand
9c3e,A,mhc
9c3e,B,binder
9c3e,C,binder
6mp1,A,mhc
3nwm,A,mhc
1kjv,A,mhc
1kjv,C,ligand
1ld9,A,mhc
1ld9,C,ligand
7lfm,A,mhc
7lfm,C,ligand
7lfi,A,mhc
7lfi,C,ligand
7lfl,A,mhc
7lfl,C,ligand
7edo,A,mhc
7edo,C,ligand
7lfk,A,mhc
7lfk,C,ligand
4ms8,A,mhc
4ms8,C,binder
4ms8,D,binder
4ms8,B,ligand
7lfj,A,mhc
7lfj,C,ligand
1mhc,A,mhc
1mhc,C,ligand
1nez,A,mhc
4g43,A,mhc
4g43,C,ligand
5ymw,A,mhc
5ymw,C,ligand
5gjy,A,mhc
5gjy,C,ligand
8y74,A,mhc
8y74,C,ligand
5ymv,A,mhc
5ymv,C,ligand
8j4g,A,mhc
8j4g,C,ligand
4cvx,A,mhc
4cvx,C,ligand
8kb0,A,mhc
8kb0,C,ligand
6lhg,A,mhc
6lhg,C,ligand
1p1z,A,mhc
1p1z,E,ligand
5gjx,A,mhc
5gjx,C,ligand
4e0r,A,mhc
4e0r,C,ligand
7wbg,A,mhc
7wbg,C,ligand
3bew,A,mhc
3bew,C,ligand
8kcv,A,mhc
8kcv,C,ligand
6pui,A,mhc
6pui,B,binder
6pui,C,binder
5u1r,A,mhc
5u1r,B,binder
5u1r,C,binder
5u72,A,mhc
5u72,B,binder
5u72,C,binder
6pul,A,mhc
6pul,B,binder
6pul,C,binder
3bev,A,mhc
3bev,C,ligand
5u16,A,mhc
5u16,C,binder
5u16,D,binder
6pud,A,mhc
6pud,C,binder
6pud,D,binder
5h5z,A,mhc
5h5z,C,ligand
8kb1,A,mhc
8kb1,C,ligand
6xqp,A,mhc
6xqp,C,binder
6xqp,D,binder
6kyu,A,mhc
6kyu,C,ligand
7zt8,A,mhc
7zt8,C,binder
7zt8,D,binder
9btx,A,mhc
9btx,C,binder
9btx,D,binder
4g42,A,mhc
4g42,C,ligand
8wo9,A,mhc
8wo9,C,ligand
5y91,A,mhc
5y91,C,ligand
5u6q,A,mhc
5u6q,B,binder
5u6q,C,binder
4nqd,A,mhc
6pum,A,mhc
6pum,C,binder
6pum,D,binder
4l4v,A,mhc
4l4v,C,binder
4l4v,D,binder
6puc,A,mhc
6puc,C,binder
6puc,D,binder
6puj,A,mhc
6puj,B,binder
6puj,C,binder
9cgs,A,mhc
9cgs,C,binder
9cgs,D,binder
6w9u,A,mhc
6w9u,C,binder
6w9u,D,binder
6puh,A,mhc
6puh,B,binder
6puh,C,binder
6irl,A,mhc
6irl,C,ligand
9cgr,A,mhc
9cgr,C,binder
9cgr,D,binder
8y6x,A,mhc
8y6x,C,binder
8y6x,D,binder
4pjf,A,mhc
4pjf,C,binder
4pjf,D,binder
5d7i,A,mhc
5d7i,C,binder
5d7i,D,binder
6pvd,A,mhc
6pvd,C,binder
6pvd,D,binder
6kx9,A,mhc
6kx9,C,ligand
6pvc,A,mhc
6pvc,C,binder
6pvc,D,binder
8jqt,A,mhc
8jqt,C,ligand
7wbi,A,mhc
7wbi,C,ligand
6puf,A,mhc
6puf,C,binder
6puf,D,binder
4pji,A,mhc
4pji,C,binder
4pji,D,binder
4nqe,A,mhc
4nqe,C,binder
4nqe,D,binder
4nqc,A,mhc
5u2v,A,mhc
5u2v,C,binder
5u2v,D,binder
4pj5,A,mhc
4pj5,C,binder
4pj5,D,binder
4cw1,A,mhc
4cw1,C,ligand
9bty,A,mhc
9bty,C,binder
9bty,D,binder
6pug,A,mhc
6pug,C,binder
6pug,D,binder
8vz8,A,mhc
8vz8,C,binder
8vz8,D,binder
6lbe,A,mhc
6lbe,C,ligand
6lup,A,mhc
6lup,C,ligand
6pue,A,mhc
6pue,C,binder
6pue,D,binder
5u17,A,mhc
5u17,B,binder
5u17,C,binder
7zt3,A,mhc
7zt3,C,binder
7zt3,D,binder
4pje,A,mhc
4pje,C,binder
4pje,D,binder
4pj8,A,mhc
4pj8,C,binder
4pj8,D,binder
5d7l,A,mhc
6puk,A,mhc
6puk,B,binder
6puk,C,binder
6w9v,A,mhc
6w9v,C,binder
6w9v,D,binder
7zt2,A,mhc
7zt2,C,binder
7zt2,D,binder
4pj9,A,mhc
4pj9,C,binder
4pj9,D,binder
9btz,A,mhc
9btz,C,binder
9btz,D,binder
4pjg,A,mhc
4pjg,C,binder
4pjg,D,binder
6lhf,A,mhc
6lhf,C,ligand
4d0b,A,mhc
4d0b,C,ligand
4pjc,A,mhc
4pjc,C,binder
4pjc,D,binder
7ufj,A,mhc
7ufj,C,binder
7ufj,D,binder
5d7j,A,mhc
5d7j,B,binder
5d7j,C,binder
4pj7,A,mhc
4pj7,C,binder
4pj7,D,binder
9bu0,A,mhc
9bu0,C,binder
9bu0,D,binder
4pjh,A,mhc
4pjh,C,binder
4pjh,D,binder
4d0d,A,mhc
4d0d,C,ligand
8vz9,A,mhc
8vz9,C,binder
8vz9,D,binder
5d5m,A,mhc
6lhh,A,mhc
6lhh,C,ligand
8bp6,A,mhc
5acz,A,mhc
5acz,C,ligand
7zt5,A,mhc
7zt5,C,binder
7zt5,D,binder
4l8s,A,mhc
4l8s,B,binder
4l8s,C,binder
4pjd,A,mhc
4pjd,C,binder
4pjd,D,binder
4d0c,A,mhc
4d0c,C,ligand
7zt7,A,mhc
7zt7,C,binder
7zt7,D,binder
4pjx,A,mhc
4pjx,C,binder
4pjx,D,binder
7zt4,A,mhc
7zt4,C,binder
7zt4,D,binder
4pja,A,mhc
4pja,C,binder
4pja,D,binder
7lli,A,mhc
7lli,C,binder
7lli,D,binder
4lcw,A,mhc
4lcw,C,binder
4lcw,D,binder
5ad0,A,mhc
5ad0,C,ligand
7cpo,A,mhc
7cpo,C,ligand
4l4t,A,mhc
4l4t,C,binder
4l4t,D,binder
2yez,A,mhc
2yez,C,ligand
3p73,A,mhc
7umg,A,mhc
4cvz,A,mhc
4cvz,C,ligand
3p77,A,mhc
4iiq,A,mhc
4iiq,B,binder
4iiq,C,binder
4gup,A,mhc
4l9l,A,mhc
4l9l,B,binder
4l9l,C,binder
7zt9,A,mhc
7zt9,C,binder
7zt9,D,binder
4pjb,A,mhc
4pjb,C,binder
4pjb,D,binder
7llj,A,mhc
7llj,C,binder
7llj,D,binder
1t7x,A,mhc
6mwr,A,mhc
1t7y,A,mhc
6a2b,A,mhc
6a2b,C,ligand
3es6,A,mhc
1t7z,A,mhc
1t80,A,mhc
7zqi,A,mhc
7zqi,C,ligand
7zqj,A,mhc
7zqj,C,ligand
1de4,A,mhc
1de4,C,binder
1de4,D,binder
1t7v,A,mhc
1zs8,A,mhc
1t7w,A,mhc
6r2u,A,mhc
4lcc,A,mhc
4lcc,B,binder
4lcc,C,binder
1a6z,A,mhc
1zag,A,mhc
7rno,A,mhc
7rno,C,binder
1c16,A,mhc
1r3h,A,mhc
1ypz,A,mhc
1ypz,C,binder
1ypz,D,binder
6nha,A,mhc
1frt,A,mhc
1frt,C,binder
6c98,A,mhc
7q15,A,mhc
7q15,C,binder
6wna,A,mhc
6wna,C,binder
6c97,A,mhc
3fru,A,mhc
6wol,A,mhc
6wol,C,binder
1i1a,A,mhc
1i1a,C,binder
2wy3,A,mhc
2wy3,B,binder
6qio,A,mhc
6qio,B,binder
5bjt,A,mhc
6c99,A,mhc
4n0f,A,mhc
4n0f,C,binder
4n0u,A,mhc
4n0u,C,binder
4n0u,D,binder
6fgb,A,mhc
6fgb,D,binder
6la6,A,mhc
6la6,F,binder
6la6,B,binder
3quy,A,mhc
3quy,C,binder
3quy,D,binder
6qip,A,mhc
6qip,B,binder
6xng,A,mhc
6xng,C,binder
6xng,D,binder
6ilm,A,mhc
6ilm,E,binder
6ilm,B,binder
6ilm,C,binder
6ilm,D,binder
7m72,A,mhc
7m72,C,binder
7m72,D,binder
6bnl,A,mhc
6bnl,C,binder
6bnl,D,binder
6c6a,A,mhc
6miy,A,mhc
6miy,C,binder
6miy,D,binder
4wo4,A,mhc
4wo4,C,binder
4wo4,D,binder
3jvg,A,mhc
1je6,A,mhc
8tm0,A,mhc
8tm0,B,binder
5whk,A,mhc
5whk,C,binder
5whk,D,binder
6a97,A,mhc
6v7y,A,mhc
6v7y,E,binder
6mji,A,mhc
6mji,C,binder
6mji,D,binder
6cyw,A,mhc
6cw9,A,mhc
6cw9,C,binder
6cw9,D,binder
4y16,A,mhc
4y16,C,binder
4y16,D,binder
3m17,A,mhc
8tm2,A,mhc
8tm2,B,binder
6mja,A,mhc
6mja,C,binder
6mja,D,binder
5bxf,A,mhc
8sos,A,mhc
8sos,D,binder
3arb,A,mhc
3arb,C,binder
3arb,D,binder
4y2d,A,mhc
4y2d,C,binder
4y2d,D,binder
3ard,A,mhc
3ard,C,binder
3ard,D,binder
4k71,A,mhc
4k71,B,binder
3sdx,A,mhc
3sdx,C,binder
3sdx,D,binder
1onq,A,mhc
1exu,A,mhc
6la7,A,mhc
6la7,B,binder
6la7,D,binder
7mxf,A,mhc
4irs,A,mhc
4irs,C,binder
4irs,D,binder
8tlz,A,mhc
3m1b,A,mhc
3jtc,A,mhc
3jtc,B,ligand
3gmo,A,mhc
3gmn,A,mhc
7mx4,A,mhc
4mx7,A,mhc
6ojp,A,mhc
6omg,A,mhc
6omg,C,binder
6omg,D,binder
7c9v,A,mhc
7c9v,B,binder
7c9v,C,binder
7c9v,D,binder
5vcj,A,mhc
5vcj,C,binder
5vcj,D,binder
6cxa,A,mhc
6cxa,C,binder
6cxa,D,binder
1kcg,A,mhc
1kcg,B,binder
1kcg,C,binder
3gmq,A,mhc
4s0u,A,mhc
4s0u,B,binder
4s0u,C,binder
3sda,A,mhc
3sda,C,binder
3sda,D,binder
3rug,A,mhc
3rug,C,binder
3rug,D,binder
2q7y,A,mhc
5fkp,A,mhc
5fkp,C,ligand
3au1,A,mhc
3tvm,A,mhc
3tvm,C,binder
3tvm,D,binder
1b3j,A,mhc
4y4k,A,mhc
4y4k,C,binder
4y4k,D,binder
3qi9,A,mhc
3qi9,C,binder
3qi9,D,binder
3u0p,A,mhc
6c69,A,mhc
3gml,A,mhc
6cwb,A,mhc
6cwb,C,binder
6cwb,D,binder
6cxe,A,mhc
6cxe,C,binder
6cxe,D,binder
3rzc,A,mhc
3rzc,C,binder
3rzc,D,binder
6bmh,A,mhc
1xz0,A,mhc
4ww2,A,mhc
4ww2,B,binder
4ww2,C,binder
3ubx,A,mhc
3ubx,E,binder
3ubx,D,binder
6v7z,A,mhc
6v7z,C,binder
1lqv,A,mhc
1lqv,B,ligand
6cwe,A,mhc
6cwe,C,binder
6cwe,D,binder
8dv4,A,mhc
4ei5,A,mhc
4ei5,C,binder
4ei5,D,binder
4lhu,A,mhc
4lhu,F,binder
4lhu,D,binder
3sdd,A,mhc
3sdd,C,binder
3sdd,D,binder
8sgm,A,mhc
8sgm,C,binder
8sgm,D,binder
3huj,A,mhc
3huj,C,binder
3huj,D,binder
6sny,A,mhc
6sny,B,binder
6mss,A,mhc
6mss,C,binder
8dv3,A,mhc
8dv3,B,binder
6cx9,A,mhc
6cx9,C,binder
6cx9,D,binder
2gaz,A,mhc
3gmp,A,mhc
4y4h,A,mhc
4y4h,C,binder
4y4h,D,binder
3d2u,A,mhc
3d2u,C,ligand
3o8x,A,mhc
3o8x,C,binder
3o8x,D,binder
3vwk,A,mhc
3vwk,C,binder
3vwk,D,binder
5efi,A,mhc
5efi,C,ligand
6mj6,A,mhc
6mj6,C,binder
6mj6,D,binder
6mjq,A,mhc
6mjq,C,binder
6mjq,D,binder
4irj,A,mhc
4irj,C,binder
4irj,D,binder
7ryo,A,mhc
7ryo,C,binder
3gmr,A,mhc
6mjj,A,mhc
6mjj,C,binder
6mjj,D,binder
3tzv,A,mhc
3tzv,E,binder
3tzv,D,binder
1l8j,A,mhc
7fi9,A,mhc
7fi9,B,binder
7fi9,C,binder
6cx7,A,mhc
6cx7,C,binder
6cx7,D,binder
6cxf,A,mhc
6cxf,C,binder
6cxf,D,binder
7ryn,A,mhc
8gle,A,mhc
4mng,A,mhc
4mng,C,binder
3ma7,A,mhc
3scm,A,mhc
3scm,C,binder
3scm,D,binder
7mxh,A,mhc
3gmm,A,mhc
4f7c,A,mhc
6c6c,A,mhc
5tw5,A,mhc
6oor,A,mhc
6oor,C,binder
7fi6,A,mhc
7fi6,B,binder
7fi6,C,binder
8glf,A,mhc
6miv,A,mhc
6miv,C,binder
6miv,D,binder
4y4f,A,mhc
4y4f,C,binder
4y4f,D,binder
3ilq,A,mhc
3tn0,A,mhc
3tn0,C,binder
3tn0,D,binder
2akr,A,mhc
3o9w,A,mhc
3o9w,C,binder
3o9w,D,binder
5l2j,A,mhc
3g08,A,mhc
4en3,A,mhc
4en3,B,binder
4en3,C,binder
6c6h,A,mhc
3are,A,mhc
3are,C,binder
3are,D,binder
7kp1,A,mhc
6mj4,A,mhc
6mj4,C,binder
6mj4,D,binder
1z5l,A,mhc
3quz,A,mhc
3quz,C,binder
3quz,D,binder
4zak,A,mhc
4zak,C,binder
4zak,D,binder
7oks,A,mhc
3arf,A,mhc
3arf,C,binder
3arf,D,binder
8sgb,A,mhc
8sgb,C,binder
8sgb,D,binder
1cd1,A,mhc
6nux,A,mhc
1gzp,A,mhc
1hyr,A,mhc
1hyr,B,binder
1hyr,C,binder
8glh,A,mhc
2fik,A,mhc
7fi5,A,mhc
7fi5,B,binder
7fi5,C,binder
7kp0,A,mhc
5c9j,A,mhc
4x6d,A,mhc
4x6d,C,binder
4x6d,D,binder
4v3e,A,mhc
4v3e,B,binder
3qux,A,mhc
3qux,C,binder
3qux,D,binder
6c6f,A,mhc
6c6j,A,mhc
5wl1,A,mhc
3rtq,A,mhc
3rtq,C,binder
3rtq,D,binder
3ov6,A,mhc
3t1f,A,mhc
3ta3,A,mhc
3ta3,C,binder
3ta3,D,binder
7oku,A,mhc
5tw2,A,mhc
6cw6,A,mhc
6cw6,C,binder
6cw6,D,binder
7rym,A,mhc
7rym,C,binder
8gli,A,mhc
4elm,A,mhc
4elm,C,binder
4elm,D,binder
3t8x,A,mhc
6cx5,A,mhc
6cx5,C,binder
6cx5,D,binder
6c6e,A,mhc
4apq,A,mhc
4apq,C,binder
4apq,D,binder
6d64,A,mhc
7sh4,A,mhc
4v3d,A,mhc
4v3d,B,binder
6bmk,A,mhc
6c5m,A,mhc
6c09,A,mhc
6c09,C,binder
6c09,D,binder
8glg,A,mhc
2po6,A,mhc
2po6,C,binder
2po6,D,binder
4x6e,A,mhc
7okv,A,mhc
4ono,A,mhc
7fi7,A,mhc
7fi7,B,binder
7fi7,C,binder
6cug,A,mhc
6cug,C,binder
6cug,D,binder
1gzq,A,mhc
7q5d,A,mhc
2h26,A,mhc
1zhn,A,mhc
3to4,A,mhc
3to4,C,binder
3to4,D,binder
4wwk,A,mhc
4wwk,B,binder
4wwk,C,binder
5l2k,A,mhc
5l2k,C,binder
5l2k,D,binder
7okt,A,mhc
3sdc,A,mhc
3sdc,C,binder
3sdc,D,binder
8gm8,A,mhc
3vwj,A,mhc
3vwj,C,binder
3vwj,D,binder
5j1a,A,mhc
5wke,A,mhc
6bnk,A,mhc
6bnk,C,binder
6bnk,D,binder
5wkg,A,mhc
1zt4,A,mhc
6v80,A,mhc
6v80,E,binder
6v80,C,binder
6v80,D,binder
3arg,A,mhc
3arg,C,binder
3arg,D,binder
8t4z,A,mhc
8t4z,C,binder
8t4z,D,binder
4mq7,A,mhc
3ilp,A,mhc
3he6,A,mhc
3he6,C,binder
3he6,D,binder
3he7,A,mhc
3he7,C,binder
3he7,D,binder
7fi8,A,mhc
7fi8,B,binder
7fi8,C,binder
4f7e,A,mhc
5wki,A,mhc
5wki,E,binder
5wki,D,binder
8zox,A,mhc
8zox,C,binder
8zox,D,binder
7koz,A,mhc
8c44,A,mhc
8c44,B,binder
7b5f,A,mhc
7b5f,B,binder
7b5f,C,binder
1uqs,A,mhc
3l9r,A,mhc
4x6f,A,mhc
3dbx,A,mhc
4x6c,A,mhc
4x6c,C,binder
4x6c,D,binder
4ffe,A,mhc
6c15,A,mhc
7xxa,A,mhc
7xxa,F,binder
7xxa,B,binder
7xxa,C,binder
7xxa,D,binder
3s6c,A,mhc
4pdc,A,mhc
4pdc,B,binder
4pdc,C,binder
3it8,A,mhc
3it8,B,binder
3it8,C,binder
1jfm,A,mhc
1pqz,A,mhc
4g59,A,mhc
2o5n,A,mhc
1u58,A,mhc
4pp8,A,mhc
4pp8,B,binder
4pp8,C,binder
2nyk,A,mhc
4jo8,A,mhc
4jo8,B,ligand
4jo8,C,ligand
