pdb_id,class,total_gaps,gaps
6ZKX,HLA Class Ib,1,[1]
8RHQ,HLA Class Ia,3,[3]
8E2Z,HLA Class Ia,6,[6]
8ESH,HLA Class Ia,2,[2]
3SKO,HLA Class Ia,3,[3]
6K60,HLA Class Ib,5,[5]
4QRQ,HLA Class Ia,7,[7]
3SKM,HLA Class Ia,6,[6]
5WMR,HLA Class Ia,9,[9]
1M05,HLA Class Ia,8,[8]
8EC5,HLA Class Ia,18,[18]
5XS3,HLA Class Ia,2,[2]
9C3E,HLA Class Ia SC,19,[19]
5U72,MR1,2,[2]
4L4V,MR1,1,[1]
9CGS,MR1,1,[1]
4PJI,MR1,1,[1]
4PJE,MR1,2,[2]
4PJ8,MR1,2,[2]
4PJH,MR1,1,[1]
4PJX,MR1,2,[2]
7ZT9,MR1,2,[2]
6NHA,FcRn,2,[2]
6C98,FcRn,2,[2]
7Q15,FcRn,1,[1]
2WY3,MIC,3,[3]
8TM0,MIC,12,[12]
5WHK,FcRn,5,[5]
8TM2,MIC,13,[13]
1EXU,FcRn,8,[8]
8TLZ,MIC,11,[11]
1KCG,ULBP,9,"[8, 1]"
1B3J,MIC,10,[10]
8SGM,CD1,1,[1]
3VWK,CD1,5,[5]
7FI9,MIC,15,[15]
7RYN,CD1,3,[3]
7FI6,MIC,11,[11]
4EN3,CD1,2,[2]
7KP1,CD1,4,[4]
7OKS,EPCR,2,[2]
6NUX,CD1,7,"[1, 6]"
7FI5,MIC,13,[13]
7KP0,CD1,4,[4]
4X6D,CD1,5,[5]
4V3E,EPCR,3,[3]
3OV6,CD1 SC,3,[3]
7RYM,CD1,4,[4]
7SH4,CD1,5,[5]
4X6E,CD1,12,"[5, 7]"
7OKV,EPCR,2,[2]
4ONO,CD1 SC,5,[5]
7FI7,MIC,11,[11]
7OKT,EPCR,4,"[3, 1]"
3VWJ,CD1,5,[5]
5J1A,CD1,7,[7]
4MQ7,CD1 chimera,5,[5]
7FI8,MIC,13,[13]
5WKI,CD1,2,[2]
7KOZ,CD1,4,[4]
8C44,EPCR,3,[3]
7B5F,FcRn,32,"[2, 25, 5]"
4X6F,CD1,11,"[4, 7]"
4X6C,CD1,9,[9]
6C15,CD1,4,[4]
7XXA,FcRn,22,"[4, 12, 6]"
3S6C,CD1 SC,3,[3]
