pdb_id,class,left_total_gaps,left_gaps,right_total_gaps,right_gaps
7RK7,HLA Class Ia,0,[],13,"[1, 1, 10+]"
5HHM,HLA Class Ia,0,[],17,[10+]
7SR3,HLA Class Ia SC,0,[],12,[10+]
7SR4,HLA Class Ia SC,0,[],12,[10+]
8FRT,HLA Class Ia SC,28,[10+],0,[]
7STG,HLA Class Ia SC,19,[10+],0,[]
4PRH,HLA Class Ia,0,[],11,[10+]
7ST3,HLA Class Ia SC,20,[10+],0,[]
7SSH,HLA Class Ia SC,20,[10+],0,[]
9C6X,HLA Class Ia SC,899,[10+],0,[]
7SQP,HLA Class Ia SC,20,[10+],0,[]
8TNJ,HLA Class Ia SC,22,[10+],0,[]
9C6W,HLA Class Ia SC,901,[10+],0,[]
6APN,HLA Class Ia SC,21,[10+],0,[]
9C3E,HLA Class Ia SC,107,[10+],0,[]
8BP6,MR1 SC,17,[10+],0,[]
5WHK,FcRn,0,[],8,[8]
4ONO,CD1 SC,17,[10+],0,[]
