pdb,old_chain,new_chain
8RLV,A,A
8RLV,B,B
8RLV,C,C
8RLV,D,D
8RLV,E,E
3X11,A,A
3X11,B,B
3X11,C,C
1QSE,A,A
1QSE,B,B
1QSE,C,C
1QSE,D,D
1QSE,E,E
3BZF,A,A
3BZF,B,B
3BZF,P,C
7P49,A,A
7P49,B,B
7P49,P,C
1BD2,A,A
1BD2,B,B
1BD2,C,C
1BD2,D,D
1BD2,E,E
7LFZ,A,A
7LFZ,B,B
7LFZ,C,C
5JZI,A,A
5JZI,B,B
5JZI,C,C
5JZI,D,D
5JZI,E,E
7NDT,AAA,A
7NDT,BBB,B
7NDT,CCC,C
7NDT,DDD,D
7NDT,EEE,E
7NDT,JJJ,F
7BH8,A,A
7BH8,B,B
7BH8,C,C
7BH8,D,D
7BH8,G,E
7BH8,H,F
7BH8,P,G
3X12,A,A
3X12,B,B
3X12,C,C
6J1W,A,A
6J1W,B,B
6J1W,C,C
7EJL,A,A
7EJL,B,B
7EJL,C,C
3VXU,A,A
3VXU,B,B
3VXU,C,C
3VXU,D,D
3VXU,E,E
7TUD,A,A
7TUD,B,B
7TUD,P,C
7TUD,Q,D
1P7Q,A,A
1P7Q,B,B
1P7Q,C,C
1P7Q,D,D
5EO1,A,A
5EO1,B,B
5EO1,C,C
6P27,A,A
6P27,B,B
6P27,C,C
3GSN,H,A
3GSN,A,B
3GSN,B,C
3GSN,L,D
3GSN,P,E
1T22,A,A
1T22,B,B
1T22,C,C
2D31,A,A
2D31,B,B
2D31,C,C
1T1Y,A,A
1T1Y,B,B
1T1Y,C,C
3FQU,A,A
3FQU,B,B
3FQU,C,C
7OW6,A,A
7OW6,B,B
7OW6,C,C
7OW6,D,D
7OW6,E,E
7UM2,A,A
7UM2,B,B
7UM2,C,C
8ZV9,A,A
8ZV9,B,B
8ZV9,C,C
5VVP,A,A
5VVP,B,B
5VVP,C,C
6ZKW,A,A
6ZKW,B,B
6ZKW,C,C
6ZKW,D,D
6ZKW,E,E
7LG0,A,A
7LG0,B,B
7LG0,C,C
1HHK,A,A
1HHK,B,B
1HHK,C,C
5XOV,A,A
5XOV,B,B
5XOV,C,C
5XOV,I,D
5XOV,J,E
1T1Z,A,A
1T1Z,B,B
1T1Z,C,C
7ZUC,A,A
7ZUC,B,B
7ZUC,C,C
7SIS,A,A
7SIS,B,B
7SIS,C,C
5TXS,A,A
5TXS,B,B
5TXS,C,C
5VWD,A,A
5VWD,B,B
5VWD,C,C
6Z9W,A,A
6Z9W,B,B
6Z9W,C,C
5WWU,A,A
5WWU,B,B
5WWU,E,C
8YE4,A,A
8YE4,B,B
8YE4,E,C
8YE4,G,D
8YE4,H,E
7NME,A,A
7NME,B,B
7NME,C,C
7NME,D,D
7NME,E,E
3VXS,A,A
3VXS,B,B
3VXS,C,C
3VXS,D,D
3VXS,E,E
5VWF,A,A
5VWF,B,B
5VWF,C,C
6P23,A,A
6P23,B,B
6P23,C,C
4F7P,A,A
4F7P,B,B
4F7P,C,C
5HHQ,A,A
5HHQ,B,B
5HHQ,C,C
7BBG,A,A
7BBG,B,B
7BBG,C,C
7BBG,H,D
7BBG,L,E
7RTD,A,A
7RTD,B,B
7RTD,C,C
2ESV,A,A
2ESV,B,B
2ESV,D,C
2ESV,E,D
2ESV,P,E
4NO0,A,A
4NO0,B,B
4NO0,C,C
4NO0,D,D
5HGB,A,A
5HGB,B,B
5HGB,C,C
7NMD,A,A
7NMD,B,B
7NMD,C,C
1A9E,A,A
1A9E,B,B
1A9E,C,C
7N6E,A,A
7N6E,B,B
7N6E,C,C
7N6E,I,D
7N6E,J,E
7U1R,A,A
7U1R,B,B
7U1R,C,C
7P4B,A,A
7P4B,B,B
7P4B,P,C
7JYX,A,A
7JYX,B,B
7JYX,C,C
1Q94,A,A
1Q94,B,B
1Q94,C,C
2F54,A,A
2F54,B,B
2F54,C,C
2F54,D,D
2F54,E,E
4QOK,A,A
4QOK,B,B
4QOK,C,C
4QOK,D,D
4QOK,E,E
5XOT,A,A
5XOT,B,B
5XOT,C,C
5XOT,D,D
5XOT,E,E
1T21,A,A
1T21,B,B
1T21,C,C
3RL2,A,A
3RL2,B,B
3RL2,C,C
7TR4,A,A
7TR4,B,B
7TR4,H,C
7TR4,L,D
7TR4,P,E
6MTM,A,A
6MTM,B,B
6MTM,C,C
6MTM,D,D
6MTM,E,E
7MJA,A,A
7MJA,B,B
7MJA,C,C
3GSW,A,A
3GSW,B,B
3GSW,P,C
1AKJ,A,A
1AKJ,B,B
1AKJ,C,C
1AKJ,D,D
1AKJ,E,E
1QSF,A,A
1QSF,B,B
1QSF,C,C
1QSF,D,D
1QSF,E,E
5W6A,A,A
5W6A,B,B
5W6A,E,C
3FQT,A,A
3FQT,B,B
3FQT,C,C
4F7M,A,A
4F7M,B,B
4F7M,C,C
1HHH,A,A
1HHH,B,B
1HHH,C,C
1T1X,A,A
1T1X,B,B
1T1X,C,C
8QFY,AAA,A
8QFY,BBB,B
8QFY,CCC,C
8QFY,DDD,D
8QFY,EEE,E
7NDQ,AAA,A
7NDQ,BBB,B
7NDQ,CCC,C
7NDQ,DDD,D
7NDQ,EEE,E
6W51,A,A
6W51,B,B
6W51,C,C
6W51,M,D
6W51,N,E
8EN8,A,A
8EN8,B,B
8EN8,C,C
8EN8,D,D
8EN8,E,E
6J2A,A,A
6J2A,B,B
6J2A,C,C
7S8S,A,A
7S8S,B,B
7S8S,C,C
5WJL,A,A
5WJL,B,B
5WJL,C,C
7S7E,A,A
7S7E,B,B
7S7E,C,C
7S7E,F,D
6UZ1,A,A
6UZ1,B,B
6UZ1,C,C
6UZ1,D,D
6UZ1,E,E
7WJ2,A,A
7WJ2,B,B
7WJ2,C,C
3D3V,A,A
3D3V,B,B
3D3V,C,C
3D3V,D,D
3D3V,E,E
7F4W,A,A
7F4W,B,B
7F4W,E,C
3I6L,D,A
3I6L,E,B
3I6L,F,C
1XR9,A,A
1XR9,B,B
1XR9,C,C
2XPG,A,A
2XPG,B,B
2XPG,C,C
3PWP,A,A
3PWP,B,B
3PWP,C,C
3PWP,D,D
3PWP,E,E
6J1V,A,A
6J1V,B,B
6J1V,C,C
3KXF,A,A
3KXF,B,B
3KXF,D,C
3KXF,E,D
3KXF,Q,E
1I4F,A,A
1I4F,B,B
1I4F,C,C
8RYO,A,A
8RYO,B,B
8RYO,C,C
8RYO,D,D
8RYO,E,E
6MT3,A,A
6MT3,B,B
6MT3,C,C
3V5K,A,A
3V5K,B,B
3V5K,C,C
6UK2,A,A
6UK2,B,B
6UK2,C,C
7KGO,A,A
7KGO,B,B
7KGO,C,C
7RTR,A,A
7RTR,B,B
7RTR,C,C
7RTR,D,D
7RTR,E,E
3WLB,A,A
3WLB,B,B
3WLB,C,C
8RBV,A,A
8RBV,B,B
8RBV,C,C
6UJ7,A,A
6UJ7,B,B
6UJ7,C,C
6GHN,A,A
6GHN,B,B
6GHN,P,C
1T1W,A,A
1T1W,B,B
1T1W,C,C
7JYU,A,A
7JYU,B,B
7JYU,C,C
8XKC,A,A
8XKC,B,B
8XKC,C,C
6VM8,A,A
6VM8,B,B
6VM8,C,C
6VM8,D-2,D
6VM8,E-2,E
6ZKZ,A,A
6ZKZ,B,B
6ZKZ,C,C
6ZKZ,D,D
6ZKZ,E,E
4QRR,A,A
4QRR,B,B
4QRR,D,C
4QRR,E,D
4QRR,P,E
3VXP,A,A
3VXP,B,B
3VXP,C,C
5WSH,A,A
5WSH,B,B
5WSH,C,C
5WWJ,A,A
5WWJ,B,B
5WWJ,E,C
5VZ5,A,A
5VZ5,B,B
5VZ5,C,C
7NUI,A,A
7NUI,B,B
7NUI,D,C
5HHN,A,A
5HHN,B,B
5HHN,C,C
1S8D,A,A
1S8D,B,B
1S8D,C,C
7RK7,A,A
7RK7,B,B
7RK7,C,C
7RK7,D,D
7RK7,E,E
4JFP,A,A
4JFP,B,B
4JFP,C,C
6ZKY,A,A
6ZKY,B,B
6ZKY,C,C
6ZKY,D,D
6ZKY,E,E
8I5D,H,A
8I5D,A,B
8I5D,B,C
8I5D,L,D
8I5D,P,E
1DUY,A,A
1DUY,B,B
1DUY,C,C
3UTT,A,A
3UTT,B,B
3UTT,C,C
3UTT,D,D
3UTT,E,E
7PBE,A,A
7PBE,B,B
7PBE,C,C
7PBE,D,D
7PBE,E,E
3H9S,A,A
3H9S,B,B
3H9S,C,C
3H9S,D,D
3H9S,E,E
4O2F,A,A
4O2F,B,B
4O2F,C,C
1A9B,A,A
1A9B,B,B
1A9B,C,C
6ZKX,A,A
6ZKX,B,B
6ZKX,C,C
6ZKX,D,D
6ZKX,E,E
1YDP,A,A
1YDP,B,B
1YDP,P,C
7EJM,A,A
7EJM,B,B
7EJM,C,C
3V5D,A,A
3V5D,B,B
3V5D,C,C
3QFJ,A,A
3QFJ,B,B
3QFJ,C,C
3QFJ,D,D
3QFJ,E,E
2NX5,A,A
2NX5,B,B
2NX5,C,C
2NX5,D,D
2NX5,E,E
6ULI,A,A
6ULI,B,B
6ULI,C,C
7LG2,A,A
7LG2,B,B
7LG2,C,C
1CG9,A,A
1CG9,B,B
1CG9,C,C
6GGM,A,A
6GGM,B,B
6GGM,P,C
5ENW,A,A
5ENW,B,B
5ENW,C,C
7S8Q,A,A
7S8Q,B,B
7S8Q,C,C
3WL9,A,A
3WL9,B,B
3WL9,C,C
1S9Y,A,A
1S9Y,B,B
1S9Y,C,C
2CLR,A,A
2CLR,B,B
2CLR,C,C
5IUE,A,A
5IUE,B,B
5IUE,K,C
3MGT,A,A
3MGT,B,B
3MGT,C,C
5F9J,A,A
5F9J,B,B
5F9J,C,C
3OX8,A,A
3OX8,B,B
3OX8,C,C
1E27,A,A
1E27,B,B
1E27,C,C
3FT2,A,A
3FT2,B,B
3FT2,P,C
3FQW,A,A
3FQW,B,B
3FQW,C,C
1T20,A,A
1T20,B,B
1T20,C,C
3C9N,A,A
3C9N,B,B
3C9N,C,C
4WU5,A,A
4WU5,B,B
4WU5,C,C
2BVP,A,A
2BVP,B,B
2BVP,C,C
4NQV,A,A
4NQV,B,B
4NQV,M,C
7KGS,A,A
7KGS,B,B
7KGS,C,C
6AEE,A,A
6AEE,B,B
6AEE,C,C
6AEE,G,D
6JP3,A,A
6JP3,B,B
6JP3,C,C
6JP3,D,D
5HGA,A,A
5HGA,B,B
5HGA,C,C
1HHG,A,A
1HHG,B,B
1HHG,C,C
4JFF,A,A
4JFF,B,B
4JFF,C,C
4JFF,D,D
4JFF,E,E
7N2R,A,A
7N2R,B,B
7N2R,C,C
7N2R,D,D
7N2R,F,E
8ELG,A,A
8ELG,B,B
8ELG,C,C
5NMK,A,A
5NMK,B,B
5NMK,C,C
1MHE,A,A
1MHE,B,B
1MHE,C,C
1MHE,P,D
1MHE,Q,E
6GH4,A,A
6GH4,B,B
6GH4,P,C
8RYM,A,A
8RYM,B,B
8RYM,C,C
8RYM,D,D
8RYM,E,E
5D9S,A,A
5D9S,B,B
5D9S,C,C
7LG3,A,A
7LG3,B,B
7LG3,C,C
6MPP,A,A
6MPP,B,B
6MPP,C,C
3VXN,A,A
3VXN,B,B
3VXN,C,C
8RLT,A,A
8RLT,B,B
8RLT,C,C
8RLT,D,D
8RLT,E,E
8ENH,A,A
8ENH,B,B
8ENH,C,C
8ENH,D,D
8ENH,E,E
7N1B,A,A
7N1B,B,B
7N1B,C,C
8RH6,A,A
8RH6,B,B
8RH6,C,C
8RH6,E,D
8RH6,F,E
8RH6,G,F
7SA2,A,A
7SA2,B,B
7SA2,C,C
5IM7,A,A
5IM7,B,B
5IM7,E,C
8RNG,A,A
8RNG,B,B
8RNG,C,C
6D2B,A,A
6D2B,B,B
6D2B,C,C
7S8F,A,A
7S8F,B,B
7S8F,C,C
7KGP,A,A
7KGP,B,B
7KGP,C,C
1EEY,A,A
1EEY,B,B
1EEY,C,C
2X4N,A,A
2X4N,B,B
2X4N,C,C
7N1E,A,A
7N1E,B,B
7N1E,C,C
7N1E,D,D
7N1E,E,E
5W1V,A,A
5W1V,B,B
5W1V,C,C
5W1V,D,D
5W1V,E,E
8ROP,A,A
8ROP,B,B
8ROP,C,C
8RHQ,A,A
8RHQ,B,B
8RHQ,C,C
8RHQ,D,D
8RHQ,E,E
8RHQ,G,F
7S79,A,A
7S79,B,B
7S79,E,C
6P2S,A,A
6P2S,B,B
6P2S,C,C
4F7T,A,A
4F7T,B,B
4F7T,C,C
5JHD,A,A
5JHD,B,B
5JHD,C,C
5JHD,D,D
5JHD,E,E
7WT4,A,A
7WT4,B,B
7WT4,C,C
1QVO,A,A
1QVO,B,B
1QVO,C,C
1QEW,A,A
1QEW,B,B
1QEW,C,C
4O2C,A,A
4O2C,B,B
4O2C,C,C
2F53,A,A
2F53,B,B
2F53,C,C
2F53,D,D
2F53,E,E
7S7F,A,A
7S7F,B,B
7S7F,C,C
7S7F,D,D
7KGQ,A,A
7KGQ,B,B
7KGQ,C,C
3O3B,A,A
3O3B,B,B
3O3B,C,C
1S9X,A,A
1S9X,B,B
1S9X,C,C
2UWE,A,A
2UWE,B,B
2UWE,C,C
2UWE,E,D
2UWE,F,E
5HGD,A,A
5HGD,B,B
5HGD,C,C
6VB1,A,A
6VB1,B,B
6VB1,C,C
1LP9,A,A
1LP9,B,B
1LP9,C,C
1LP9,E,D
1LP9,F,E
8RYQ,A,A
8RYQ,B,B
8RYQ,C,C
8RYQ,D,D
8RYQ,E,E
6TDQ,A,A
6TDQ,B,B
7RZD,A,A
7RZD,B,B
7RZD,C,C
3REW,A,A
3REW,B,B
3REW,C,C
5ISZ,A,A
5ISZ,B,B
5ISZ,C,C
5ISZ,D,D
5ISZ,E,E
7WKJ,A,A
7WKJ,B,B
7WKJ,C,C
6AVF,H,A
6AVF,A,B
6AVF,B,C
6AVF,M,D
6AVF,P,E
5WJN,A,A
5WJN,B,B
5WJN,C,C
8RYP,A,A
8RYP,B,B
8RYP,C,C
8RYP,D,D
8RYP,E,E
8XFZ,A,A
8XFZ,B,B
8XFZ,C,C
6GL1,A,A
6GL1,B,B
6GL1,P,C
6UZQ,A,A
6UZQ,B,B
6UZQ,C,C
1QRN,A,A
1QRN,B,B
1QRN,C,C
1QRN,D,D
1QRN,E,E
6MT4,A,A
6MT4,B,B
6MT4,C,C
5EU3,A,A
5EU3,B,B
5EU3,C,C
5FDW,A,A
5FDW,B,B
5FDW,C,C
8E13,A,A
8E13,B,B
8E13,C,C
6TDR,A,A
6TDR,B,B
6UZS,A,A
6UZS,B,B
6UZS,C,C
3FQX,A,A
3FQX,B,B
3FQX,C,C
6VM9,A,A
6VM9,B,B
6VM9,C,C
6VM9,D-2,D
6VM9,E-2,E
3FT4,A,A
3FT4,B,B
3FT4,P,C
6AM5,A,A
6AM5,B,B
6AM5,C,C
6AM5,D,D
6AM5,E,E
8RYN,A,A
8RYN,B,B
8RYN,C,C
8RYN,D,D
8RYN,E,E
8ROO,A,A
8ROO,B,B
8ROO,C,C
6PAG,A,A
6PAG,B,B
6PAG,C,C
6PAG,D,D
4NO5,A,A
4NO5,B,B
4NO5,C,C
5HYJ,A,A
5HYJ,B,B
5HYJ,C,C
5HYJ,D,D
5HYJ,E,E
5W69,A,A
5W69,B,B
5W69,I,C
6ID4,A,A
6ID4,B,B
6ID4,H,C
6ID4,L,D
6ID4,U,E
7MKB,A,A
7MKB,B,B
7MKB,C,C
8EB2,A,A
8EB2,B,B
8EB2,C,C
8EB2,K,D
8EB2,M,E
7NMF,A,A
7NMF,B,B
7NMF,C,C
7NMF,D,D
7NMF,E,E
8DVG,A,A
8DVG,B,B
8DVG,C,C
8GON,A,A
8GON,B,B
8GON,C,C
8GON,D,D
8GON,E,E
7OW4,A,A
7OW4,B,B
7OW4,C,C
7P3D,A,A
7P3D,B,B
7P3D,C,C
7P3E,A,A
7P3E,B,B
7P3E,C,C
6JOZ,A,A
6JOZ,B,B
6JOZ,C,C
1HSB,A,A
1HSB,B,B
1HSB,C,C
3MGO,A,A
3MGO,B,B
3MGO,C,C
8RLU,A,A
8RLU,B,B
8RLU,C,C
8RLU,D,D
8RLU,E,E
6GH1,C,A
6GH1,D,B
6GH1,Q,C
5V5L,A,A
5V5L,B,B
5V5L,E,C
4N8V,A,A
4N8V,B,B
4N8V,C,C
4N8V,G,D
3H9H,A,A
3H9H,B,B
3H9H,C,C
6AMT,A,A
6AMT,B,B
6AMT,C,C
1I7T,A,A
1I7T,B,B
1I7T,C,C
1HHI,A,A
1HHI,B,B
1HHI,C,C
7S8E,A,A
7S8E,B,B
7S8E,E,C
4JFE,A,A
4JFE,B,B
4JFE,C,C
4JFE,D,D
4JFE,E,E
7PB2,A,A
7PB2,B,B
7PB2,C,C
7PB2,D,D
7PB2,E,E
3NFN,A,A
3NFN,B,B
3NFN,C,C
5HGH,A,A
5HGH,B,B
5HGH,C,C
5T6Y,A,A
5T6Y,B,B
5T6Y,C,C
5VUE,A,A
5VUE,B,B
5VUE,C,C
7MJ7,A,A
7MJ7,B,B
7MJ7,C,C
8I5C,A,A
8I5C,B,B
8I5C,C,C
8I5C,D,D
8I5C,E,E
7S7D,A,A
7S7D,B,B
7S7D,E,C
5WKF,A,A
5WKF,B,B
5WKF,C,C
5WKF,D,D
5WKF,E,E
4NQX,A,A
4NQX,B,B
4NQX,M,C
6J29,A,A
6J29,B,B
6J29,C,C
4PRN,A,A
4PRN,B,B
4PRN,C,C
5HHM,A,A
5HHM,B,B
5HHM,C,C
5HHM,D,D
5HHM,E,E
3OXR,A,A
3OXR,B,B
3OXR,C,C
7MJ9,A,A
7MJ9,B,B
7MJ9,C,C
6JTP,A,A
6JTP,B,B
6JTP,C,C
5VUF,A,A
5VUF,B,B
5VUF,C,C
5T6X,A,A
5T6X,B,B
5T6X,C,C
5C07,A,A
5C07,B,B
5C07,C,C
5C07,D,D
5C07,E,E
3GJF,A,A
3GJF,B,B
3GJF,C,C
3GJF,H,D
3GJF,L,E
7LGD,A,A
7LGD,B,B
7LGD,F,C
5BRZ,A,A
5BRZ,B,B
5BRZ,C,C
5BRZ,D,D
5BRZ,E,E
5C0C,A,A
5C0C,B,B
5C0C,C,C
5C0C,I,D
5C0C,J,E
8ISN,A,A
8ISN,B,B
8ISN,C,C
8ISN,G,D
3VFN,A,A
3VFN,B,B
3VFN,C,C
7KGT,A,A
7KGT,B,B
7KGT,C,C
3O4L,A,A
3O4L,B,B
3O4L,C,C
3O4L,D,D
3O4L,E,E
5W1W,A,A
5W1W,B,B
5W1W,C,C
5W1W,D,D
5W1W,E,E
2X70,A,A
2X70,B,B
2X70,C,C
6Z9X,A,A
6Z9X,B,B
6Z9X,C,C
2BVO,A,A
2BVO,B,B
2BVO,C,C
3GSO,A,A
3GSO,B,B
3GSO,P,C
6P64,A,A
6P64,B,B
6P64,C,C
6P64,D-3,D
6P64,E-3,E
6P2C,A,A
6P2C,B,B
6P2C,C,C
4XXC,A,A
4XXC,B,B
4XXC,C,C
7S8A,A,A
7S8A,B,B
7S8A,C,C
9BL6,A,A
9BL6,B,B
9BL6,C,C
9BL6,G,D
6SSA,A,A
6SSA,B,B
6SSA,C,C
8TBW,A,A
8TBW,B,B
8TBW,C,C
3VFP,A,A
3VFP,B,B
3VFP,C,C
7OW5,A,A
7OW5,B,B
7OW5,C,C
7OW5,D,D
7OW5,E,E
2VLL,A,A
2VLL,B,B
2VLL,C,C
7JYV,A,A
7JYV,B,B
7JYV,C,C
3MRB,A,A
3MRB,B,B
3MRB,P,C
5SWQ,A,A
5SWQ,B,B
5SWQ,C,C
8RBU,A,A
8RBU,B,B
8RBU,C,C
3PWL,A,A
3PWL,B,B
3PWL,C,C
3X13,A,A
3X13,B,B
3X13,C,C
2X4S,A,A
2X4S,B,B
2X4S,C,C
4G8G,A,A
4G8G,B,B
4G8G,C,C
4G8G,D,D
4G8G,E,E
3IXA,A,A
3IXA,B,B
3IXA,C,C
7PBC,CCC,A
7PBC,AAA,B
7PBC,BBB,C
7PBC,DDD,D
7PBC,EEE,E
6RP9,A,A
6RP9,B,B
6RP9,C,C
6RP9,D,D
6RP9,E,E
7WJ3,A,A
7WJ3,B,B
7WJ3,C,C
7T5M,A,A
7T5M,B,B
7T5M,E,C
3VFU,A,A
3VFU,B,B
3VFU,C,C
6Q3S,A,A
6Q3S,B,B
6Q3S,C,C
1A1N,A,A
1A1N,B,B
1A1N,C,C
5HHO,A,A
5HHO,B,B
5HHO,C,C
5HHO,D,D
5HHO,E,E
4JQV,A,A
4JQV,B,B
4JQV,C,C
6UJ8,A,A
6UJ8,B,B
6UJ8,C,C
8F5A,A,A
8F5A,B,B
8F5A,C,C
8F5A,D,D
8F5A,E,E
3LN4,A,A
3LN4,B,B
3LN4,C,C
4MNQ,A,A
4MNQ,B,B
4MNQ,C,C
4MNQ,D,D
4MNQ,E,E
7R7X,A,A
7R7X,B,B
7R7X,E,C
6VB2,A,A
6VB2,B,B
6VB2,C,C
8XG2,A,A
8XG2,B,B
8XG2,C,C
6R2L,A,A
6R2L,B,B
6R2L,C,C
6R2L,D,D
6R2L,E,E
8SBK,A,A
8SBK,B,B
8SBK,C,C
4WUU,A,A
4WUU,B,B
4WUU,C,C
4WUU,D,D
4WUU,E,E
5E00,A,A
5E00,B,B
5E00,C,C
5FA4,A,A
5FA4,B,B
5FA4,C,C
8E8I,A,A
8E8I,B,B
8E8I,C,C
6MT6,A,A
6MT6,B,B
6MT6,C,C
3MRQ,A,A
3MRQ,B,B
3MRQ,P,C
8TUH,A,A
8TUH,B,B
8TUH,F,C
1W72,A,A
1W72,B,B
1W72,C,C
1W72,H,D
1W72,L,E
6G3J,A,A
6G3J,B,B
6G3J,C,C
8SHI,A,A
8SHI,B,B
8SHI,C,C
8SHI,G,D
8SHI,H,E
6O4Z,A,A
6O4Z,B,B
6O4Z,C,C
2VLK,A,A
2VLK,B,B
2VLK,C,C
2VLK,D,D
2VLK,E,E
2P5E,A,A
2P5E,B,B
2P5E,C,C
2P5E,D,D
2P5E,E,E
4O2E,A,A
4O2E,B,B
4O2E,C,C
7LGT,A,A
7LGT,B,B
7LGT,F,C
6O4Y,A,A
6O4Y,B,B
6O4Y,C,C
3PWN,A,A
3PWN,B,B
3PWN,C,C
4LCY,A,A
6PTE,A,A
6PTE,B,B
6PTE,C,C
5C08,A,A
5C08,B,B
5C08,C,C
5C08,D,D
5C08,E,E
5E9D,A,A
5E9D,B,B
5E9D,C,C
5E9D,D,D
5E9D,E,E
5HHP,A,A
5HHP,B,B
5HHP,C,C
2GJ6,A,A
2GJ6,B,B
2GJ6,C,C
2GJ6,D,D
2GJ6,E,E
3MRM,A,A
3MRM,B,B
3MRM,P,C
6RSY,A,A
6RSY,B,B
6RSY,C,C
6RSY,D,D
6RSY,E,E
6TRO,A,A
6TRO,B,B
6TRO,C,C
6TRO,D,D
6TRO,E,E
8XES,A,A
8XES,B,B
8XES,C,C
4PRA,A,A
4PRA,B,B
4PRA,C,C
8FU4,A,A
8FU4,B,B
8FU4,C,C
6BXP,A,A
6BXP,B,B
6BXP,C,C
3HPJ,A,A
3HPJ,B,B
3HPJ,C,C
2DYP,A,A
2DYP,B,B
2DYP,C,C
2DYP,D,D
3O3E,A,A
3O3E,B,B
3O3E,C,C
3V5H,A,A
3V5H,B,B
3V5H,C,C
5WKH,A,A
5WKH,B,B
5WKH,C,C
5WKH,D,D
5WKH,E,E
3SJV,A,A
3SJV,B,B
3SJV,C,C
3SJV,D,D
3SJV,E,E
3BXN,A,A
3BXN,B,B
3BXN,C,C
6O9C,A,A
6O9C,B,B
6O9C,C,C
3BH8,A,A
3BH8,B,B
3BH8,C,C
8I5E,H,A
8I5E,L,B
8I5E,P,C
3VRJ,A,A
3VRJ,B,B
3VRJ,C,C
5WMP,A,A
5WMP,B,B
5WMP,C,C
1I1F,A,A
1I1F,B,B
1I1F,C,C
6TRN,A,A
6TRN,B,B
6TRN,C,C
3VFV,A,A
3VFV,B,B
3VFV,C,C
8TBV,A,A
8TBV,B,B
8TBV,C,C
6SS9,A,A
6SS9,B,B
6SS9,C,C
8U9G,A,A
8U9G,B,B
8U9G,C,C
5MEN,A,A
5MEN,B,B
5MEN,C,C
5MEN,D,D
5MEN,E,E
5WMN,A,A
5WMN,B,B
5WMN,E,C
7WT5,A,A
7WT5,B,B
7WT5,C,C
3D39,A,A
3D39,B,B
3D39,C,C
3D39,D,D
3D39,E,E
7L1C,A,A
7L1C,B,B
7L1C,C,C
5IRO,A,A
5IRO,B,B
5IRO,C,C
5IRO,D,D
6V2P,A,A
6V2P,B,B
6V2P,C,C
1S9W,A,A
1S9W,B,B
1S9W,C,C
5N6B,A,A
5N6B,B,B
5N6B,C,C
6VMA,A,A
6VMA,B,B
6VMA,C,C
6VMA,D-2,D
6VMA,E-2,E
7WZZ,A,A
7WZZ,B,B
7WZZ,C,C
3LN5,A,A
3LN5,B,B
3LN5,C,C
3GSX,A,A
3GSX,B,B
3GSX,P,C
8EO8,A,A
8EO8,B,B
8EO8,C,C
8EO8,D,D
8EO8,E,E
5V5M,A,A
5V5M,B,B
5V5M,E,C
8EMG,A,A
8EMG,B,B
8EMG,C,C
7RM4,A,A
7RM4,B,B
7RM4,C,C
7RM4,D,D
7RM4,E,E
7RRG,A,A
7RRG,B,B
7RRG,C,C
7RRG,D-2,D
7RRG,E-2,E
2AV1,A,A
2AV1,B,B
2AV1,C,C
7DZN,A,A
7DZN,B,B
7DZN,C,C
7DZN,D,D
7DZN,E,E
4U6Y,A,A
4U6Y,B,B
4U6Y,P,C
7SRK,A,A
7SRK,B,B
5C0B,A,A
5C0B,B,B
5C0B,C,C
5C0B,D,D
5C0B,E,E
8ERX,A,A
8ERX,B,B
8ERX,C,C
8ES9,N,A
8ES9,A,B
8ES9,B,C
8ES9,M,D
8ES9,P,E
6VB0,A,A
6VB0,B,B
6VB0,C,C
8E2Z,A,A
8E2Z,B,B
8E2Z,C,C
4U1I,A,A
4U1I,B,B
4U1I,C,C
2GUO,A,A
2GUO,B,B
2GUO,C,C
3L3K,A,A
3L3K,B,B
3L3K,C,C
3UTS,A,A
3UTS,B,B
3UTS,C,C
3UTS,D,D
3UTS,E,E
9BL5,A,A
9BL5,B,B
9BL5,C,C
9BL5,G,D
4UQ3,A,A
4UQ3,B,B
4UQ3,E,C
5WXC,A,A
5WXC,B,B
5WXC,E,C
5T6W,A,A
5T6W,B,B
5T6W,C,C
6JTN,A,A
6JTN,B,B
6JTN,C,C
1OGA,A,A
1OGA,B,B
1OGA,C,C
1OGA,D,D
1OGA,E,E
6D2T,A,A
6D2T,B,B
6D2T,C,C
6PBH,A,A
6PBH,B,B
6PBH,C,C
5IEH,A,A
5IEH,B,B
5IEH,C,C
1B0G,A,A
1B0G,B,B
1B0G,C,C
7RZJ,A,A
7RZJ,B,B
7RZJ,E,C
6MTL,A,A
6MTL,B,B
6MTL,C,C
3MR9,A,A
3MR9,B,B
3MR9,P,C
1B0R,A,A
1B0R,B,B
1B0R,C,C
3GSQ,A,A
3GSQ,B,B
3GSQ,P,C
2GTW,A,A
2GTW,B,B
2GTW,C,C
3MRC,A,A
3MRC,B,B
3MRC,P,C
3HCV,A,A
3HCV,B,B
3HCV,C,C
6EWC,A,A
6EWC,B,B
6EWC,C,C
6EWC,D,D
1AGF,A,A
1AGF,B,B
1AGF,C,C
4JRX,A,A
4JRX,B,B
4JRX,C,C
4JRX,D,D
4JRX,E,E
8ES8,N,A
8ES8,A,B
8ES8,B,C
8ES8,M,D
8ES8,P,E
3I6G,A,A
3I6G,B,B
3I6G,C,C
4L29,A,A
4L29,B,B
4L29,m,C
6BJ2,A,A
6BJ2,B,B
6BJ2,C,C
6BJ2,D,D
6BJ2,E,E
7WT3,A,A
7WT3,B,B
7WT3,C,C
4I4W,A,A
4I4W,B,B
4I4W,C,C
7NDU,AAA,A
7NDU,BBB,B
7NDU,CCC,C
7NDU,DDD,D
7NDU,EEE,E
5EU4,A,A
5EU4,B,B
5EU4,C,C
6VB7,A,A
6VB7,B,B
6VB7,C,C
3KPO,A,A
3KPO,B,B
3KPO,C,C
3PWJ,A,A
3PWJ,B,B
3PWJ,C,C
7N6D,A,A
7N6D,B,B
7N6D,C,C
4E5X,A,A
4E5X,B,B
4E5X,C,C
4E5X,G,D
5C09,A,A
5C09,B,B
5C09,C,C
5C09,D,D
5C09,E,E
1AGD,A,A
1AGD,B,B
1AGD,C,C
7KGR,A,A
7KGR,B,B
7KGR,C,C
1AO7,A,A
1AO7,B,B
1AO7,C,C
1AO7,D,D
1AO7,E,E
7SIH,A,A
7SIH,B,B
7SIH,C,C
3GSR,A,A
3GSR,B,B
3GSR,P,C
3H7B,A,A
3H7B,B,B
3H7B,C,C
7Q98,A,A
7Q98,B,B
7Q98,C,C
1TVH,A,A
1TVH,B,B
1TVH,C,C
3GSU,A,A
3GSU,B,B
3GSU,P,C
3BZE,A,A
3BZE,B,B
3BZE,P,C
7EJN,A,A
7EJN,B,B
7EJN,C,C
8RJI,A,A
8RJI,B,B
8RJI,C,C
3MRJ,A,A
3MRJ,B,B
3MRJ,P,C
2J8U,A,A
2J8U,B,B
2J8U,C,C
2J8U,E,D
2J8U,F,E
4FTV,A,A
4FTV,B,B
4FTV,C,C
4FTV,D,D
4FTV,E,E
3HAE,A,A
3HAE,B,B
3HAE,C,C
3HAE,H,D
3HAE,L,E
6UZN,A,A
6UZN,B,B
6UZN,C,C
1QR1,A,A
1QR1,B,B
1QR1,C,C
6V3J,A,A
6V3J,B,B
6V3J,C,C
6V3J,G,D
5NMF,A,A
5NMF,B,B
5NMF,C,C
5NMF,D,D
5NMF,E,E
7Q9A,A,A
7Q9A,B,B
7Q9A,C,C
7Q9A,D,D
7Q9A,E,E
7JYW,A,A
7JYW,B,B
7JYW,C,C
2AV7,A,A
2AV7,B,B
2AV7,C,C
6PYV,A,A
6PYV,B,B
6PYV,C,C
7N1F,A,A
7N1F,B,B
7N1F,C,C
7N1F,D,D
7N1F,E,E
6VM7,A,A
6VM7,B,B
6VM7,C,C
6VM7,D-2,D
6VM7,E-2,E
8EMK,A,A
8EMK,B,B
8EMK,C,C
6D2R,A,A
6D2R,B,B
6D2R,C,C
7U21,A,A
7U21,B,B
7U21,C,C
6TDP,A,A
6TDP,B,B
5DDH,A,A
5DDH,B,B
5DDH,C,C
7M8T,A,A
7M8T,B,B
7M8T,C,C
3VFS,A,A
3VFS,B,B
3VFS,C,C
3VRI,A,A
3VRI,B,B
3VRI,C,C
6Z9V,A,A
6Z9V,B,B
6Z9V,C,C
4U1L,A,A
4U1L,B,B
4U1L,C,C
7NMG,A,A
7NMG,B,B
7NMG,C,C
7NMG,D,D
7NMG,E,E
2BCK,A,A
2BCK,B,B
2BCK,C,C
2RFX,A,A
2RFX,B,B
2RFX,C,C
6UJ9,A,A
6UJ9,B,B
6UJ9,C,C
6UJ9,H,D
6UJ9,L,E
8EK5,A,A
8EK5,B,B
8EK5,C,C
8EK5,E,D
2BNR,A,A
2BNR,B,B
2BNR,C,C
2BNR,D,D
2BNR,E,E
1AGE,A,A
1AGE,B,B
1AGE,C,C
7QPJ,C,A
7QPJ,A,B
7QPJ,B,C
7QPJ,D,D
7QPJ,E,E
5EUO,A,A
5EUO,B,B
5EUO,E,C
5EUO,F,D
5EUO,J,E
3FT3,A,A
3FT3,B,B
3FT3,P,C
3MRH,A,A
3MRH,B,B
3MRH,P,C
7Q9B,AAA,A
7Q9B,BBB,B
7Q9B,CCC,C
7Q9B,DDD,D
7Q9B,EEE,E
5N1Y,A,A
5N1Y,B,B
5N1Y,C,C
6UJO,A,A
6UJO,B,B
6UJO,C,C
4GKS,A,A
4GKS,B,B
4GKS,C,C
6VB6,A,A
6VB6,B,B
6VB6,C,C
3L3J,A,A
3L3J,B,B
3L3J,C,C
7SR5,A,A
7SR5,B,B
5EOT,A,A
5EOT,B,B
5EOT,C,C
7SIF,A,A
7SIF,B,B
7SIF,C,C
5MEP,A,A
5MEP,B,B
5MEP,C,C
4QRS,A,A
4QRS,B,B
4QRS,C,C
6IEX,A,A
6IEX,B,B
6IEX,C,C
3KYN,A,A
3KYN,B,B
3KYN,P,C
4HWZ,A,A
4HWZ,B,B
4HWZ,C,C
7MJ8,A,A
7MJ8,B,B
7MJ8,C,C
3BHB,A,A
3BHB,B,B
3BHB,C,C
8RNH,A,A
8RNH,B,B
8RNH,C,C
6SS7,D,A
6SS7,E,B
6SS7,F,C
6P2F,A,A
6P2F,B,B
6P2F,C,C
5FA3,A,A
5FA3,B,B
5FA3,C,C
3KPP,A,A
3KPP,B,B
3KPP,C,C
8UDR,A,A
8UDR,B,B
8UDR,C,C
8UDR,D,D
8UDR,E,E
4MJI,A,A
4MJI,B,B
4MJI,C,C
4MJI,D,D
4MJI,E,E
7N2O,A,A
7N2O,B,B
7N2O,C,C
7N2O,D,D
7N2O,F,E
1I7U,A,A
1I7U,B,B
1I7U,C,C
8SBL,A,A
8SBL,B,B
8SBL,C,C
3LKO,A,A
3LKO,B,B
3LKO,C,C
3RL1,A,A
3RL1,B,B
3RL1,C,C
3HG1,A,A
3HG1,B,B
3HG1,C,C
3HG1,D,D
3HG1,E,E
4NNY,A,A
4NNY,B,B
4NNY,C,C
3VXM,A,A
3VXM,B,B
3VXM,C,C
3VXM,D,D
3VXM,E,E
1I7R,A,A
1I7R,B,B
1I7R,C,C
5C0E,A,A
5C0E,B,B
5C0E,C,C
6UZP,A,A
6UZP,B,B
6UZP,C,C
5W67,A,A
5W67,B,B
5W67,C,C
7SU9,A,A
7SU9,B,B
7SU9,C,C
7SU9,D,D
7SU9,E,E
6VB5,A,A
6VB5,B,B
6VB5,C,C
4JRY,A,A
4JRY,B,B
4JRY,C,C
4JRY,D,D
4JRY,E,E
2HJL,A,A
2HJL,B,B
2HJL,C,C
3LKN,A,A
3LKN,B,B
3LKN,C,C
2JCC,A,A
2JCC,B,B
2JCC,C,C
2JCC,E,D
2JCC,F,E
6ULK,A,A
6ULK,B,B
6ULK,C,C
3MRG,A,A
3MRG,B,B
3MRG,P,C
7MJ6,A,A
7MJ6,B,B
7MJ6,C,C
3MV9,A,A
3MV9,B,B
3MV9,C,C
3MV9,D,D
3MV9,E,E
6XQA,A,A
6XQA,B,B
6XQA,C,C
8TUB,F,A
8TUB,A,B
8TUB,Q,C
5C0F,A,A
5C0F,B,B
5C0F,C,C
3MRP,A,A
3MRP,B,B
3MRP,P,C
4U6X,A,A
4U6X,B,B
4U6X,P,C
3MRO,A,A
3MRO,B,B
3MRO,P,C
5WMO,A,A
5WMO,B,B
5WMO,C,C
5C0D,A,A
5C0D,B,B
5C0D,C,C
3GSV,A,A
3GSV,B,B
3GSV,P,C
3UTQ,A,A
3UTQ,B,B
3UTQ,C,C
1JF1,A,A
1JF1,B,B
1JF1,C,C
2BNQ,A,A
2BNQ,B,B
2BNQ,C,C
2BNQ,D,D
2BNQ,E,E
3QFD,A,A
3QFD,B,B
3QFD,C,C
3BH9,A,A
3BH9,B,B
3BH9,C,C
6VMX,A,A
6VMX,B,B
6VMX,C,C
6VMX,D,D
6VMX,E,E
4MJ6,A,A
4MJ6,B,B
4MJ6,C,C
6UZO,A,A
6UZO,B,B
6UZO,C,C
1N2R,A,A
1N2R,B,B
1N2R,C,C
7Q99,A,A
7Q99,B,B
7Q99,C,C
7Q99,D,D
7Q99,E,E
8EMJ,A,A
8EMJ,B,B
8EMJ,C,C
5TEZ,A,A
5TEZ,B,B
5TEZ,C,C
5TEZ,I,D
5TEZ,J,E
3FQN,A,A
3FQN,B,B
3FQN,C,C
7SR0,A,A
7SR0,B,B
3VFR,A,A
3VFR,B,B
3VFR,C,C
7N2S,A,A
7N2S,B,B
7N2S,C,C
7N2S,D,D
7N2S,F,E
2HN7,A,A
2HN7,B,B
2HN7,C,C
3OXS,A,A
3OXS,B,B
3OXS,C,C
3O3A,A,A
3O3A,B,B
3O3A,C,C
6OPD,A,A
6OPD,B,B
6OPD,C,C
6AMU,A,A
6AMU,B,B
6AMU,C,C
6AMU,D,D
6AMU,E,E
6EWO,A,A
6EWO,B,B
6EWO,C,C
6EWO,D,D
4I48,A,A
4I48,B,B
4I48,C,C
5IND,A,A
5IND,B,B
5IND,E,C
3KLA,A,A
3KLA,B,B
3KLA,C,C
3BWA,A,A
3BWA,B,B
3BWA,C,C
6BXQ,B,A
6BXQ,A,B
6BXQ,C,C
6O9B,A,A
6O9B,B,B
6O9B,C,C
4WJ5,A,A
4WJ5,B,B
4WJ5,C,C
7SR3,A,A
7SR3,B,B
4QRP,A,A
4QRP,B,B
4QRP,C,C
4QRP,D,D
4QRP,E,E
5EU6,A,A
5EU6,B,B
5EU6,C,C
5EU6,D,D
5EU6,E,E
5INC,A,A
5INC,B,B
5INC,E,C
9BL2,A,A
9BL2,B,B
9BL2,C,C
9BL2,G,D
7X1C,A,A
7X1C,B,B
7X1C,C,C
3MRK,A,A
3MRK,B,B
3MRK,P,C
8ESH,A,A
8ESH,B,B
8ESH,C,C
5VWJ,A,A
5VWJ,B,B
5VWJ,C,C
4PR5,A,A
4PR5,B,B
4PR5,C,C
1X7Q,A,A
1X7Q,B,B
1X7Q,C,C
3LKP,A,A
3LKP,B,B
3LKP,C,C
6SS8,A,A
6SS8,B,B
6SS8,C,C
3VXO,A,A
3VXO,B,B
3VXO,C,C
8RNE,A,A
8RNE,B,B
8RNE,P,C
6VB4,A,A
6VB4,B,B
6VB4,C,C
6VIU,A,A
6VIU,B,B
6VIU,C,C
3MRE,A,A
3MRE,B,B
3MRE,P,C
9DL1,F,A
9DL1,A,B
9DL1,B,C
9DL1,D,D
9DL1,G,E
9DL1,H,F
2AXG,A,A
2AXG,B,B
2AXG,C,C
3QZW,A,A
3QZW,B,B
3QZW,C,C
3QZW,G,D
3QZW,H,E
6AT5,A,A
6AT5,B,B
6AT5,C,C
3TO2,A,A
3TO2,B,B
3TO2,C,C
1MI5,A,A
1MI5,B,B
1MI5,C,C
1MI5,D,D
1MI5,E,E
3FQR,A,A
3FQR,B,B
3FQR,C,C
7YG3,A,A
7YG3,B,B
7YG3,C,C
8XKE,A,A
8XKE,B,B
8XKE,M,C
3KPQ,A,A
3KPQ,B,B
3KPQ,C,C
6VQZ,A,A
6VQZ,B,B
6VQZ,F,C
7SR4,A,A
7SR4,B,B
6MT5,A,A
6MT5,B,B
6MT5,C,C
3KYO,A,A
3KYO,B,B
3KYO,P,C
1K5N,A,A
1K5N,B,B
1K5N,C,C
4JFD,A,A
4JFD,B,B
4JFD,C,C
4JFD,D,D
4JFD,E,E
7MLE,A,A
7MLE,B,B
7MLE,C,C
7N2P,A,A
7N2P,B,B
7N2P,C,C
7N2P,D,D
7N2P,F,E
6EQA,A,A
6EQA,B,B
6EQA,C,C
6EQA,D,D
6EQA,E,E
3MRF,A,A
3MRF,B,B
3MRF,P,C
8EMF,A,A
8EMF,B,B
8EMF,C,C
3DX6,A,A
3DX6,B,B
3DX6,C,C
3MRR,A,A
3MRR,B,B
3MRR,P,C
3VXR,A,A
3VXR,B,B
3VXR,C,C
3VXR,D,D
3VXR,E,E
3MYJ,A,A
3MYJ,B,B
3MYJ,C,C
3MRD,A,A
3MRD,B,B
3MRD,P,C
5MEO,A,A
5MEO,B,B
5MEO,C,C
7XF3,A,A
7XF3,B,B
7XF3,C,C
5VUD,A,A
5VUD,B,B
5VUD,C,C
5T6Z,A,A
5T6Z,B,B
5T6Z,C,C
5T6Z,G,D
1AGB,A,A
1AGB,B,B
1AGB,C,C
7N1A,A,A
7N1A,B,B
7N1A,C,C
6O51,A,A
6O51,B,B
6O51,C,C
3AM8,A,A
3AM8,C,B
3AM8,E,C
5EU5,A,A
5EU5,B,B
5EU5,C,C
6BJ3,A,A
6BJ3,B,B
6BJ3,C,C
6BJ3,D,D
6BJ3,H,E
5NMH,A,A
5NMH,B,B
5NMH,C,C
2FZ3,A,A
2FZ3,B,B
2FZ3,C,C
6VQY,A,A
6VQY,B,B
6VQY,F,C
6TDO,A,A
6TDO,B,B
2V2X,A,A
2V2X,B,B
2V2X,C,C
6RPB,A,A
6RPB,B,B
6RPB,C,C
6RPB,D,D
6RPB,E,E
5EO0,A,A
5EO0,B,B
5EO0,C,C
3QDM,A,A
3QDM,B,B
3QDM,C,C
3QDM,D,D
3QDM,E,E
8RNF,A,A
8RNF,B,B
8RNF,P,C
4L3E,A,A
4L3E,B,B
4L3E,C,C
4L3E,D,D
4L3E,E,E
3MRN,A,A
3MRN,B,B
3MRN,P,C
4HX1,A,A
4HX1,B,B
4HX1,C,C
6JTO,A,A
6JTO,B,B
6JTO,C,C
4NT6,A,A
4NT6,B,B
4NT6,C,C
3GIV,A,A
3GIV,B,B
3GIV,C,C
4WU7,A,A
4WU7,B,B
4WU7,C,C
6VMC,A,A
6VMC,B,B
6VMC,C,C
6VMC,D-2,D
6VMC,E-2,E
8ELH,A,A
8ELH,B,B
8ELH,C,C
1AGC,A,A
1AGC,B,B
1AGC,C,C
6AVG,G,A
6AVG,C,B
6AVG,D,C
6AVG,H,D
6AVG,P,E
3D25,A,A
3D25,B,B
3D25,C,C
3SPV,A,A
3SPV,B,B
3SPV,C,C
4U1M,A,A
4U1M,B,B
4U1M,C,C
4PRI,A,A
4PRI,B,B
4PRI,C,C
4PRI,D,D
4PRI,E,E
5C0J,A,A
5C0J,B,B
5C0J,C,C
1DUZ,A,A
1DUZ,B,B
1DUZ,C,C
1A1O,A,A
1A1O,B,B
1A1O,C,C
6V2Q,A,A
6V2Q,B,B
6V2Q,C,C
7OW3,A,A
7OW3,B,B
7OW3,C,C
7TUC,A,A
7TUC,B,B
7TUC,P,C
5C0A,A,A
5C0A,B,B
5C0A,C,C
5C0A,D,D
5C0A,E,E
8V51,A,A
8V51,B,B
8V51,C,C
8V51,D,D
8V51,E,E
8RJH,A,A
8RJH,B,B
8RJH,C,C
1TVB,A,A
1TVB,B,B
1TVB,C,C
2GIT,A,A
2GIT,B,B
2GIT,C,C
5F7D,A,A
5F7D,B,B
5F7D,C,C
5YXN,C,A
5YXN,A,B
5YXN,B,C
5YXN,D,D
5YXN,I,E
7TLT,A,A
7TLT,B,B
7TLT,E,C
3VFW,A,A
3VFW,B,B
3VFW,C,C
6D7G,A-2,A
6D7G,D,B
6D7G,E,C
8FRT,A,A
3MRI,A,A
3MRI,B,B
3MRI,P,C
2GT9,A,A
2GT9,B,B
2GT9,C,C
6ULN,A,A
6ULN,B,B
6ULN,C,C
6ULN,D-2,D
6ULN,E-2,E
5BS0,A,A
5BS0,B,B
5BS0,C,C
5BS0,D,D
5BS0,E,E
6PYJ,A,A
6PYJ,B,B
6PYJ,C,C
1IM3,A,A
1IM3,B,B
1IM3,C,C
1IM3,D,D
3I6K,A,A
3I6K,B,B
3I6K,C,C
2H6P,A,A
2H6P,B,B
2H6P,C,C
3VFT,A,A
3VFT,B,B
3VFT,C,C
7R7V,A,A
7R7V,B,B
7R7V,C,C
8FJA,A,A
8FJA,B,B
8FJA,C,C
8FJA,D,D
8FJA,E,E
7M8U,A,A
7M8U,B,B
7M8U,C,C
4PRP,A,A
4PRP,B,B
4PRP,C,C
4PRP,D,D
4PRP,E,E
7M8S,A,A
7M8S,B,B
7M8S,C,C
3SKO,A,A
3SKO,B,B
3SKO,C,C
3DX7,A,A
3DX7,B,B
3DX7,C,C
1XH3,A,A
1XH3,B,B
1XH3,C,C
3X14,A,A
3X14,B,B
3X14,C,C
3BW9,A,A
3BW9,B,B
3BW9,C,C
5KNM,A,A
5KNM,B,B
5KNM,D,C
5KNM,N,D
7SIG,A,A
7SIG,B,B
7SIG,C,C
5C0G,A,A
5C0G,B,B
5C0G,C,C
2YPL,A,A
2YPL,B,B
2YPL,C,C
2YPL,D,D
2YPL,E,E
5U98,A,A
5U98,B,B
5U98,C,C
2V2W,A,A
2V2W,B,B
2V2W,C,C
5NQK,H,A
5NQK,A,B
5NQK,B,C
5NQK,L,D
5NQK,P,E
6PTB,A,A
6PTB,B,B
6PTB,C,C
2GTZ,A,A
2GTZ,B,B
2GTZ,C,C
5WXD,A,A
5WXD,B,B
5WXD,E,C
4NNX,A,A
4NNX,B,B
4NNX,C,C
9BLA,A,A
9BLA,B,B
9BLA,C,C
9BLA,G,D
8EMI,A,A
8EMI,B,B
8EMI,C,C
5WWI,A,A
5WWI,B,B
5WWI,E,C
7X00,A,A
7X00,B,B
7X00,C,C
5NHT,H,A
5NHT,A,B
5NHT,B,C
5NHT,L,D
5NHT,P,E
7UR1,A,A
7UR1,B,B
7UR1,C,C
3L3G,A,A
3L3G,B,B
3L3G,C,C
3BGM,A,A
3BGM,B,B
3BGM,C,C
4NO2,A,A
4NO2,B,B
4NO2,C,C
6UK4,A,A
6UK4,B,B
6UK4,C,C
7L1B,A,A
7L1B,B,B
7L1B,C,C
4U1N,A,A
4U1N,B,B
4U1N,C,C
1SYS,A,A
1SYS,B,B
1SYS,C,C
1EEZ,A,A
1EEZ,B,B
1EEZ,C,C
5C0I,A,A
5C0I,B,B
5C0I,C,C
7N2N,A,A
7N2N,B,B
7N2N,C,C
7N2N,D,D
7N2N,F,E
3W39,A,A
3W39,B,B
3W39,C,C
2X4P,A,A
2X4P,B,B
2X4P,C,C
7S8R,A,A
7S8R,B,B
7S8R,C,C
4PRB,A,A
4PRB,B,B
4PRB,C,C
7STG,A,A
7STG,B,B
1SYV,A,A
1SYV,B,B
1SYV,C,C
3W0W,A,A
3W0W,B,B
3W0W,C,C
3W0W,D,D
3W0W,E,E
7DZM,A,A
7DZM,B,B
7DZM,C,C
7DZM,D,D
7DZM,E,E
4PRH,A,A
4PRH,B,B
4PRH,C,C
4PRH,D,D
4PRH,E,E
3KPL,A,A
3KPL,B,B
3KPL,C,C
6ULR,A,A
6ULR,B,B
6ULR,C,C
6ULR,D-2,D
6ULR,E-2,E
6O53,A,A
6O53,B,B
6O53,C,C
6UJQ,A,A
6UJQ,B,B
6UJQ,C,C
3BVN,A,A
3BVN,B,B
3BVN,C,C
6VRM,A,A
6VRM,B,B
6VRM,D,C
6VRM,E,D
6VRM,P,E
2FYY,A,A
2FYY,B,B
2FYY,C,C
6TDS,A,A
6TDS,B,B
1JHT,A,A
1JHT,B,B
1JHT,C,C
5VWH,A,A
5VWH,B,B
5VWH,C,C
2VLJ,A,A
2VLJ,B,B
2VLJ,C,C
2VLJ,D,D
2VLJ,E,E
1E28,A,A
1E28,B,B
1E28,C,C
7UC5,A,A
7UC5,B,B
7UC5,C,C
5YXU,E,A
5YXU,F-2,B
5YXU,G-2,C
5YXU,H,D
5YXU,J,E
2X4Q,D,A
2X4Q,E,B
2X4Q,F,C
4NO3,A,A
4NO3,B,B
4NO3,C,C
3CDG,A,A
3CDG,B,B
3CDG,J,C
3CDG,K,D
3CDG,P,E
8WUL,L,A
8WUL,C,B
8WUL,D,C
8WUL,M,D
8WUL,N,E
3D18,A,A
3D18,B,B
3D18,C,C
4UQ2,C,A
4UQ2,D,B
4UQ2,E,C
1ZHK,A,A
1ZHK,B,B
1ZHK,C,C
8VCL,A,A
8VCL,B,B
8VCL,C,C
6D29,A,A
6D29,B,B
6D29,C,C
4U1J,A,A
4U1J,B,B
4U1J,C,C
7L1D,A-2,A
7L1D,B-2,B
7L1D,C-2,C
7L1D,D,D
7L1D,E,E
8CX4,A,A
8CX4,B,B
8CX4,C,C
8CX4,D,D
8CX4,F,E
4U1S,A,A
4U1S,B,B
4U1S,C,C
3LKQ,A,A
3LKQ,B,B
3LKQ,C,C
6RPA,A,A
6RPA,B,B
6RPA,C,C
6RPA,D,D
6RPA,E,E
8GOM,A,A
8GOM,B,B
8GOM,C,C
8GOM,D,D
8GOM,E,E
6E1I,A,A
5NME,A,A
5NME,B,B
5NME,C,C
5NME,D,D
5NME,E,E
6VR5,A,A
6VR5,B,B
6VR5,P,C
3KPM,A,A
3KPM,B,B
3KPM,C,C
7TUE,A,A
7TUE,B,B
7TUE,D,C
3FFC,A,A
3FFC,B,B
3FFC,C,C
3FFC,D,D
3FFC,E,E
7PDW,CCC,A
7PDW,AAA,B
7PDW,BBB,C
7PDW,DDD,D
7PDW,EEE,E
4MJ5,A,A
4MJ5,B,B
4MJ5,C,C
6AT9,A,A
6AT9,B,B
6AT9,C,C
1XR8,A,A
1XR8,B,B
1XR8,C,C
4JFQ,A,A
4JFQ,B,B
4JFQ,C,C
7RE8,A,A
7RE8,B,B
7RE8,C,C
3DTX,A-2,A
3DTX,A,B
3DTX,B,C
3DTX,B-2,D
3DTX,C-2,E
5T70,A,A
5T70,B,B
5T70,C,C
5T70,G,D
7R7W,A,A
7R7W,B,B
7R7W,C,C
6VQ2,A,A
6VQ2,B,B
6VQ2,C,C
6DKP,A,A
6DKP,B,B
6DKP,C,C
6DKP,D,D
6DKP,E,E
9ASF,A,A
9ASF,B,B
9ASF,C,C
2X4T,D,A
2X4T,E,B
2X4T,F,C
7K81,A-2,A
7K81,B-2,B
7K81,C-2,C
7K81,G,D
5IEK,A,A
5IEK,B,B
5IEK,C,C
3DX8,A,A
3DX8,B,B
3DX8,C,C
5GSD,A,A
5GSD,B,B
5GSD,C,C
6VQO,A,A
6VQO,B,B
6VQO,D,C
6VQO,E,D
6VQO,P,E
6V2O,A,A
6V2O,B,B
6V2O,C,C
6PZ5,A,A
6PZ5,B,B
6PZ5,C,C
5MEQ,A,A
5MEQ,B,B
5MEQ,C,C
4LNR,A,A
4LNR,B,B
4LNR,C,C
4JFO,A,A
4JFO,B,B
4JFO,C,C
6K60,A,A
6K60,B,B
6K60,C,C
6K60,D,D
4PRE,A,A
4PRE,B,B
4PRE,C,C
8REF,A,A
8REF,B,B
8REF,C,C
6UZM,A,A
6UZM,B,B
6UZM,C,C
3LKS,A,A
3LKS,B,B
3LKS,C,C
6BJ8,A,A
6BJ8,B,B
6BJ8,C,C
6BJ8,D,D
6BJ8,H,E
3MRL,A,A
3MRL,B,B
3MRL,P,C
1ZSD,A,A
1ZSD,B,B
1ZSD,C,C
4QRQ,A,A
4QRQ,B,B
4QRQ,C,C
3MV7,A,A
3MV7,B,B
3MV7,C,C
3MV7,D,D
3MV7,E,E
1JGD,A,A
1JGD,B,B
1JGD,C,C
6TMO,A,A
6TMO,B,B
6TMO,C,C
6TMO,D,D
6TMO,E,E
7R80,C,A
7R80,A,B
7R80,B,C
7R80,D,D
7R80,E,E
7K80,A,A
7K80,B,B
7K80,C,C
7K80,G,D
6Q3K,A,A
6Q3K,B,B
6Q3K,P,C
1ZHL,A,A
1ZHL,B,B
1ZHL,C,C
2YPK,A,A
2YPK,B,B
2YPK,C,C
3VCL,A,A
3VCL,B,B
3VCL,C,C
7R7Y,A,A
7R7Y,B,B
7R7Y,C,C
8F7M,A,A
8F7M,B,B
8F7M,C,C
8DNT,E,A
8DNT,A,B
8DNT,B,C
8DNT,D,D
8DNT,F,E
1W0W,A,A
1W0W,B,B
1W0W,C,C
7PHR,H,A
7PHR,A,B
7PHR,B,C
7PHR,L,D
7PHR,P,E
5VGD,A,A
5VGD,B,B
5VGD,C,C
8WTE,H,A
8WTE,A,B
8WTE,B,C
8WTE,I,D
8WTE,J,E
7STF,A,A
7STF,B,B
7STF,C,C
7STF,H,D
7STF,L,E
7EU2,A,A
7EU2,B,B
7EU2,C,C
9ASG,A,A
9ASG,B,B
9ASG,C,C
6VR1,A,A
6VR1,B,B
6VR1,P,C
1M6O,A,A
1M6O,B,B
1M6O,C,C
9BL3,A,A
9BL3,B,B
9BL3,C,C
9BL3,G,D
6EWA,A,A
6EWA,B,B
6EWA,C,C
6EWA,D,D
5XOS,A,A
5XOS,B,B
5XOS,C,C
6PYL,A,A
6PYL,B,B
6PYL,C,C
6Y26,A,A
6Y26,B,B
6Y26,C,C
7ST3,A,A
7ST3,B,B
5DEF,A,A
5DEF,B,B
5DEF,C,C
2AK4,A,A
2AK4,B,B
2AK4,C,C
2AK4,D,D
2AK4,E,E
1I1Y,A,A
1I1Y,B,B
1I1Y,C,C
5WMQ,A,A
5WMQ,B,B
5WMQ,C,C
6NCA,I,A
6NCA,Y,B
6NCA,i,C
4U1H,A,A
4U1H,B,B
4U1H,C,C
3VH8,A,A
3VH8,B,B
3VH8,C,C
3VH8,G,D
1W0V,A,A
1W0V,B,B
1W0V,C,C
5GRG,A,A
5GRG,B,B
5GRG,C,C
5GRG,D,D
2HJK,A,A
2HJK,B,B
2HJK,C,C
3VFO,A,A
3VFO,B,B
3VFO,C,C
7SSH,A,A
7SSH,B,B
3L3I,A,A
3L3I,B,B
3L3I,C,C
6PA1,A,A
6PA1,B,B
6PA1,C,C
6PA1,D,D
3HLA,A,A
3HLA,B,B
2X4O,D,A
2X4O,E,B
2X4O,F,C
9C6X,A,A
1HHJ,A,A
1HHJ,B,B
1HHJ,C,C
7ALO,A,A
7ALO,B,B
7ALO,C,C
5B38,A,A
5B38,B,B
5B38,C,C
5B38,G,D
7SQP,A,A
7SQP,B,B
6ENY,F,A
6ENY,A,B
6ENY,B,C
6ENY,C,D
6ENY,D,E
6ENY,G,F
2PYE,A,A
2PYE,B,B
2PYE,C,C
2PYE,D,D
2PYE,E,E
3KPS,A,A
3KPS,B,B
3KPS,C,C
3KPS,D,D
3KPS,E,E
3LKR,A,A
3LKR,B,B
3LKR,C,C
6VQE,A,A
6VQE,B,B
6VQE,C,C
3B3I,A,A
3B3I,B,B
3B3I,C,C
5GRD,A,A
5GRD,B,B
5GRD,C,C
6G3K,A,A
6G3K,B,B
6G3K,C,C
2X4R,D,A
2X4R,E,B
2X4R,F,C
8GVB,H,A
8GVB,A,B
8GVB,B,C
8GVB,L,D
8GVB,P,E
8VJZ,A,A
8VJZ,B,B
8VJZ,C,C
4PRD,A,A
4PRD,B,B
4PRD,C,C
4L3C,A,A
4L3C,B,B
4L3C,m,C
6D78,A,A
6D78,B,B
6D78,C,C
6D78,D,D
6D78,E,E
8V4Z,A,A
8V4Z,B,B
8V4Z,C,C
8V4Z,D,D
8V4Z,E,E
6VRN,A,A
6VRN,B,B
6VRN,D,C
6VRN,E,D
6VRN,P,E
8TNJ,A,A
8TNJ,C,B
8TNJ,D,C
8TNJ,E,D
8TNJ,F,E
5NMG,A,A
5NMG,B,B
5NMG,C,C
5NMG,D,D
5NMG,E,E
9BL9,A,A
9BL9,B,B
9BL9,C,C
9BL9,G,D
4QRU,A,A
4QRU,B,B
4QRU,C,C
3KPR,A,A
3KPR,B,B
3KPR,C,C
3KPR,D,D
3KPR,E,E
2CIK,A,A
2CIK,B,B
2CIK,C,C
4K7F,A,A
4K7F,B,B
4K7F,C,C
7T0L,A,A
7T0L,B,B
7T0L,C,C
7T0L,H,D
7T0L,L,E
3KWW,A,A
3KWW,B,B
3KWW,C,C
2BVQ,A,A
2BVQ,B,B
2BVQ,C,C
3VFM,A,A
3VFM,B,B
3VFM,C,C
2BSS,A,A
2BSS,B,B
2BSS,C,C
3L3D,A,A
3L3D,B,B
3L3D,C,C
2NW3,A,A
2NW3,B,B
2NW3,C,C
7X1B,A,A
7X1B,B,B
7X1B,C,C
3QDG,A,A
3QDG,B,B
3QDG,C,C
3QDG,D,D
3QDG,E,E
4JQX,A,A
4JQX,B,B
4JQX,C,C
5MER,A,A
5MER,B,B
5MER,C,C
3DXA,A,A
3DXA,B,B
3DXA,C,C
3DXA,D,D
3DXA,E,E
2BST,A,A
2BST,B,B
2BST,C,C
4QRT,A,A
4QRT,B,B
4QRT,C,C
9BL4,A,A
9BL4,B,B
9BL4,C,C
9BL4,G,D
8RJ5,A,A
8RJ5,B,B
8RJ5,C,C
8RJ5,D,D
8RJ5,E,E
6VB3,A,A
6VB3,B,B
6VB3,C,C
8FJB,A,A
8FJB,B,B
8FJB,C,C
8FJB,D,D
8FJB,E,E
5D2L,A,A
5D2L,B,B
5D2L,I,C
5D2L,J,D
5D2L,Q,E
6EQB,A,A
6EQB,B,B
6EQB,C,C
6EQB,D,D
6EQB,E,E
6PYW,A,A
6PYW,B,B
6PYW,C,C
3QEQ,A,A
3QEQ,B,B
3QEQ,C,C
3QEQ,D,D
3QEQ,E,E
7CIR,A,A
7CIR,B,B
7CIR,C,C
5IB5,A,A
5IB5,B,B
5IB5,C,C
2P5W,A,A
2P5W,B,B
2P5W,C,C
2P5W,D,D
2P5W,E,E
3MV8,A,A
3MV8,B,B
3MV8,C,C
3MV8,D,D
3MV8,E,E
3WUW,A,A
3WUW,B,B
3WUW,C,C
3WUW,G,D
5B39,A,A
5B39,B,B
5B39,C,C
5B39,G,D
3UPR,A,A
3UPR,B,B
3UPR,P,C
3O3D,A,A
3O3D,B,B
3O3D,C,C
8GVG,H,A
8GVG,A,B
8GVG,B,C
8GVG,L,D
8GVG,P,E
2C7U,A,A
2C7U,B,B
2C7U,C,C
4GKN,A,A
4GKN,B,B
4GKN,C,C
1KTL,A,A
1KTL,B,B
1KTL,P,C
6Y2B,A,A
6Y2B,B,B
6Y2B,C,C
2X4U,D,A
2X4U,E,B
2X4U,F,C
3SKM,A,A
3SKM,B,B
3SKM,C,C
8RCV,A,A
8RCV,B,B
8RCV,C,C
6Y29,A,A
6Y29,B,B
6Y29,C,C
4EUP,D,A
4EUP,E,B
4EUP,F,C
4EUP,G,D
4EUP,H,E
3LV3,A,A
3LV3,B,B
3LV3,C,C
2AXF,A,A
2AXF,B,B
2AXF,C,C
3BP7,A,A
3BP7,B,B
3BP7,C,C
3KPN,A,A
3KPN,B,B
3KPN,C,C
1TMC,A,A
1TMC,B,B
1TMC,C,C
3QDJ,A,A
3QDJ,B,B
3QDJ,C,C
3QDJ,D,D
3QDJ,E,E
5WMR,A,A
5WMR,B,B
5WMR,C,C
7RE7,D,A
7RE7,E,B
7RE7,F,C
7RE7,I-2,D
7RE7,J-2,E
5DEG,A,A
5DEG,B,B
5DEG,C,C
5IB1,A,A
5IB1,B,B
5IB1,C,C
4G9D,A,A
4G9D,B,B
4G9D,C,C
8VRA,A,A
8VRA,B,B
8VRA,C,C
8VRA,D,D
8VRA,E,E
2VLR,A,A
2VLR,B,B
2VLR,C,C
2VLR,D,D
2VLR,E,E
3BP4,A,A
3BP4,B,B
3BP4,C,C
6VQD,A,A
6VQD,B,B
6VQD,C,C
8HN4,A,A
8HN4,B,B
8HN4,E,C
1M05,A,A
1M05,B,B
1M05,E,C
7DYN,A,A
7DYN,B,B
7DYN,C,C
6Y28,A,A
6Y28,B,B
6Y28,C,C
7CIS,A,A
7CIS,B,B
7CIS,C,C
1KPR,A,A
1KPR,B,B
1KPR,P,C
4G9F,A,A
4G9F,B,B
4G9F,C,C
4G9F,D,D
4G9F,E,E
5D2N,H,A
5D2N,C,B
5D2N,F,C
5D2N,G,D
5D2N,L,E
1A1M,A,A
1A1M,B,B
1A1M,C,C
3BO8,A,A
3BO8,B,B
3BO8,C,C
9C6W,A,A
6EI2,A,A
6EI2,B,B
6EI2,C,C
6Y27,A,A
6Y27,B,B
6Y27,C,C
4G8I,A,A
4G8I,B,B
4G8I,C,C
8ESB,A,A
8ESB,B,B
8ESB,C,C
8RRO,C,A
8RRO,A,B
8RRO,B,C
8RRO,D,D
8RRO,E,E
6VPZ,A,A
6VPZ,B,B
6VPZ,C,C
6APN,A,A
1UXW,A,A
1UXW,B,B
1UXW,C,C
8YIV,A,A
8YIV,B,B
8YIV,C,C
8YIV,D,D
8YIV,E,E
9C6V,A,A
3CZF,A,A
3CZF,B,B
3CZF,C,C
1HSA,A,A
1HSA,B,B
1HSA,C,C
5IB4,A,A
5IB4,B,B
5IB4,C,C
2A83,A,A
2A83,B,B
2A83,C,C
2BSR,A,A
2BSR,B,B
2BSR,C,C
8T7R,i,A
8T7R,6,B
8T7R,7,C
8T7R,8,D
8T7R,a,E
8T7R,c,F
8T7R,e,G
8T7R,g,H
8T7R,h,I
1OF2,A,A
1OF2,B,B
1OF2,C,C
8VR9,A,A
8VR9,B,B
8VR9,C,C
8VR9,D,D
8VR9,E,E
8T6M,E,A
8T6M,A,B
8T6M,B,C
8T6M,C,D
8T6M,D,E
8T6M,F,F
8T6M,G,G
7CIQ,A,A
7CIQ,B,B
7CIQ,C,C
5VGE,A,A
5VGE,B,B
5VGE,C,C
6UON,D,A
6UON,E,B
6UON,F,C
6UON,G,D
6UON,H,E
8YJ2,A,A
8YJ2,B,B
8YJ2,C,C
8YJ2,D,D
8YJ2,E,E
5IB2,A,A
5IB2,B,B
5IB2,C,C
3B6S,A,A
3B6S,B,B
3B6S,C,C
1OGT,A,A
1OGT,B,B
1OGT,C,C
7N2Q,A,A
7N2Q,B,B
7N2Q,C,C
7N2Q,D,D
7N2Q,F,E
6Y2A,A,A
6Y2A,B,B
6Y2A,C,C
8V50,A,A
8V50,B,B
8V50,C,C
8V50,D,D
8V50,E,E
8GVI,H,A
8GVI,A,B
8GVI,B,C
8GVI,L,D
8GVI,P,E
3CII,A,A
3CII,B,B
3CII,C,C
3CII,G,D
3CII,H,E
7QPD,M,A
7QPD,B,B
7QPD,C,C
7QPD,D,D
7QPD,E,E
7QPD,T,F
4U1K,A,A
4U1K,B,B
4U1K,C,C
1JGE,A,A
1JGE,B,B
1JGE,C,C
8ESA,A,A
8ESA,B,B
8ESA,C,C
5IB3,A,A
5IB3,B,B
5IB3,C,C
1UXS,A,A
1UXS,B,B
1UXS,C,C
2HLA,A,A
2HLA,B,B
8EC5,A,A
8EC5,B,B
8EC5,C,C
8VRB,A,A
8VRB,B,B
8VRB,C,C
8VRB,D,D
8VRB,E,E
1QQD,A,A
1QQD,B,B
1QQD,C,C
7DUU,A,A
7DUU,B,B
7DUU,C,C
7DUU,D,D
1EFX,A,A
1EFX,B,B
1EFX,C,C
1EFX,D,D
8TMU,A,A
8TMU,B,B
8TMU,C-2,C
8TMU,E,D
3RWC,A,A
3RWC,B,B
3RWC,C,C
4ZUS,A,A
4ZUS,B,B
4ZUS,C,C
5XS3,A,A
5XS3,B,B
5XS3,C,C
1IM9,A,A
1IM9,B,B
1IM9,C,C
1IM9,D,D
1IM9,E,E
1IM9,G,F
3RWI,A,A
3RWI,B,B
3RWI,C,C
3RWH,A,A
3RWH,B,B
3RWH,C,C
3RWD,A,A
3RWD,B,B
3RWD,C,C
1ZVS,A,A
1ZVS,B,B
1ZVS,C,C
3RWE,A,A
3RWE,B,B
3RWE,C,C
4ZUW,A,A
4ZUW,B,B
4ZUW,C,C
3RWF,A,A
3RWF,B,B
3RWF,C,C
5E6I,I,A
5E6I,G,B
5E6I,H,C
5E6I,J,D
5E6I,K,E
4ZUU,A,A
4ZUU,B,B
4ZUU,C,C
3RWJ,A,A
3RWJ,B,B
3RWJ,C,C
6IWG,A,A
6IWG,B,B
6IWG,C,C
5XMF,A,A
5XMF,B,B
5XMF,C,C
4ZUV,A,A
4ZUV,B,B
4ZUV,C,C
3JTS,A,A
3JTS,B,B
3JTS,C,C
8HT1,A,A
8HT1,B,B
8HT1,C,C
7CJQ,A,A
7CJQ,B,B
7CJQ,C,C
6L9K,A,A
6L9K,Q,B
6JQ2,A,A
6JQ2,B,B
6JQ2,P,C
5XMM,A,A
5XMM,B,B
5XMM,C,C
6L9N,A,A
6L9N,B,B
6L9N,C,C
4ZUT,A,A
4ZUT,B,B
4ZUT,C,C
6LT6,A,A
6LT6,B,B
4ZFZ,A,A
4ZFZ,B,B
4ZFZ,C,C
3JTT,A,A
3JTT,B,B
3JTT,C,C
8HSO,A,A
8HSO,B,B
8HSO,C,C
3RWG,A,A
3RWG,B,B
3RWG,C,C
2E7L,E,A
2E7L,A,B
2E7L,D,C
2E7L,Q,D
6LB2,A,A
6LB2,B,B
5F1N,A,A
5F1N,B,B
5F1N,C,C
1KPV,A,A
1KPV,B,B
1KPV,C,C
1KPV,P,D
6IWH,A,A
6IWH,B,B
6IWH,C,C
4HUV,A,A
4HUV,B,B
4HUV,C,C
7BYD,A,A
7BYD,B,B
7BYD,C,C
7BYD,D,D
7BYD,E,E
5J6H,A,A
5J6H,B,B
5J6H,F,C
1S7Q,A,A
1S7Q,B,B
1S7Q,C,C
1S7S,A,A
1S7S,B,B
1S7S,C,C
4PGD,A,A
4PGD,B,B
4PGD,C,C
5GR7,A,A
5GR7,B,B
5GR7,C,C
7WCY,A,A
7WCY,B,B
7WCY,C,C
1S7R,A,A
1S7R,B,B
1S7R,C,C
1RJY,A,A
1RJY,B,B
1RJY,P,C
7DC6,A,A
7DC6,B,B
7DC6,E,C
7XQU,A,A
7XQU,B,B
7XQU,C,C
6J2G,A,A
6J2G,B,B
6J2G,C,C
2CLV,A,A
2CLV,B,B
2CLV,C,C
5J6G,A,A
5J6G,B,B
5J6G,F,C
5J6G,G,D
5F1I,A,A
5F1I,B,B
5F1I,C,C
3PWU,A,A
3PWU,B,B
3PWU,C,C
6M24,A,A
6M24,B,B
6M24,C,C
1FZJ,A,A
1FZJ,B,B
1FZJ,C,C
1FZJ,P,D
2OI9,A,A
2OI9,B,B
2OI9,C,C
2OI9,Q,D
7XQS,A,A
7XQS,B,B
7XQS,C,C
1VGK,A,A
1VGK,B,B
1VGK,C,C
6J2H,A,A
6J2H,B,B
6J2H,C,C
2FWO,A,A
2FWO,B,B
2FWO,P,C
1RK0,A,A
1RK0,B,B
1RK0,P,C
1ED3,A,A
1ED3,B,B
1ED3,C,C
6J2J,A,A
6J2J,B,B
6J2J,C,C
4HKJ,A,A
4HKJ,B,B
4HKJ,C,C
4HKJ,D,D
5IVX,A,A
5IVX,B,B
5IVX,E,C
5IVX,F,D
5IVX,P,E
2XFX,A,A
2XFX,B,B
2XFX,C,C
6LAH,A,A
6LAH,B,B
3E3Q,A,A
3E3Q,D,B
3E3Q,E,C
3E3Q,Q,D
1FZO,A,A
1FZO,B,B
1FZO,C,C
1FZO,P,D
6L9L,A,A
6L9L,B,B
6L9L,C,C
6L9L,D,D
3ERY,A,A
3ERY,P,B
1BII,A,A
1BII,B,B
1BII,P,C
8HSM,A,A
8HSM,B,B
8HSM,C,C
1G7P,A,A
1G7P,B,B
1G7P,C,C
1G7P,P,D
5M00,A,A
5M00,B,B
5M00,G,C
5M00,H,D
5M00,P,E
3TJH,A,A
3TJH,B,B
3TJH,C,C
3TJH,D,D
7JWI,A,A
7JWI,B,B
7JWI,C,C
7JWI,D,D
7JWI,E,E
4L8D,A,A
4L8D,B,B
4L8D,E,C
8D5E,A,A
8D5E,B,B
8D5E,P,C
5GSX,A,A
5GSX,B,B
5GSX,C,C
6LAM,A,A
6LAM,B,B
6ILG,A,A
6ILG,B,B
6ILG,C,C
3PWV,A,A
3PWV,B,B
3PWV,C,C
1KJM,A,A
1KJM,B,B
1KJM,P,C
2CLZ,A,A
2CLZ,B,B
2CLZ,C,C
4PGB,A,A
4PGB,B,B
4PGB,C,C
5JWD,A,A
5JWD,B,B
5JWD,C,C
5M02,A,A
5M02,B,B
5M02,G,C
5M02,H,D
5M02,P,E
5GSR,C,A
5GSR,D,B
5GSR,Q,C
4NHU,G,A
4NHU,A,B
4NHU,B,C
1T0M,A,A
1T0M,B,B
1T0M,P,C
1OSZ,A,A
1OSZ,B,B
1OSZ,C,C
6JQ3,A,A
6JQ3,B,B
6JQ3,P,C
1N59,A,A
1N59,B,B
1N59,P,C
2VAA,A,A
2VAA,B,B
2VAA,P,C
1S7T,A,A
1S7T,B,B
1S7T,C,C
6G9Q,A,A
6G9Q,B,B
6G9Q,G,C
6G9Q,H,D
6G9Q,P,E
8D5K,A,A
8D5K,B,B
8D5K,C,C
1FZM,A,A
1FZM,B,B
1FZM,C,C
1FZM,P,D
1T0N,A,A
1T0N,B,B
1T0N,P,C
1RK1,A,A
1RK1,B,B
1RK1,C,C
1RK1,P,D
5TRZ,C,A
5TRZ,A,B
5TRZ,D,C
5TRZ,Q,D
4PG9,A,A
4PG9,B,B
4PG9,C,C
3FOM,A,A
3FOM,B,B
3FOM,P,C
6M2K,A,A
6M2K,B,B
6M2K,C,C
4N5E,A,A
4N5E,B,B
4N5E,C,C
4N5E,D,D
1LEG,A,A
1LEG,B,B
1LEG,C,C
1LEG,P,D
5MZM,A,A
5MZM,B,B
5MZM,C,C
5TIL,A,A
5TIL,B,B
5TIL,C,C
5TIL,G,D
5TIL,H,E
4HUW,A,A
4HUW,B,B
4HUW,C,C
4HUW,D,D
4HUW,I,E
5M01,A,A
5M01,B,B
5M01,G,C
5M01,H,D
5M01,P,E
3TID,A,A
3TID,B,B
3TID,C,C
8HT9,A,A
8HT9,B,B
8HT9,C,C
1JUF,A,A
1JUF,B,B
1JUF,C,C
4Z77,A,A
4Z77,B,B
4Z77,C,C
7JI2,A,A
7JI2,B,B
7JI2,C,C
1G6R,H,A
1G6R,A,B
1G6R,B,C
1G6R,L,D
1G6R,P,E
8D5J,A,A
8D5J,B,B
8D5J,C,C
1KPU,A,A
1KPU,B,B
1KPU,C,C
1KPU,P,D
6M2J,A,A
6M2J,B,B
6M2J,C,C
5GSB,A,A
5GSB,B,B
5GSB,C,C
4PV8,A,A
4PV8,B,B
4PV8,E,C
4PGE,A,A
4PGE,B,B
4PGE,C,C
6NF7,A,A
6NF7,B,B
6NF7,C,C
7XQT,A,A
7XQT,B,B
7XQT,C,C
1WBX,A,A
1WBX,B,B
1WBX,C,C
3TIE,A,A
3TIE,B,B
3TIE,C,C
1WBZ,A,A
1WBZ,B,B
1WBZ,P,C
1LK2,A,A
1LK2,B,B
1LK2,C,C
1LK2,P,D
4PG2,A,A
4PG2,C,B
4PG2,D,C
1RJZ,A,A
1RJZ,B,B
1RJZ,P,C
1INQ,A,A
1INQ,B,B
1INQ,C,C
1VAD,A,A
1VAD,B,B
1VAD,P,C
5VCL,A,A
5VCL,B,B
5VCL,P,C
1QO3,A,A
1QO3,B,B
1QO3,C-1,C
1QO3,D-1,D
1QO3,P,E
4NSK,A,A
4NSK,B,B
4NSK,C,C
4MXQ,A,A
4MXQ,B,B
4MXQ,C,C
4MXQ,D,D
1G7Q,A,A
1G7Q,B,B
1G7Q,C,C
1G7Q,P,D
7P0T,A,A
7P0T,B,B
7P0T,C,C
1FZK,A,A
1FZK,B,B
1FZK,C,C
1FZK,P,D
8JHW,A,A
8JHW,B,B
8JHW,C,C
6ILC,A,A
6ILC,B,B
6ILC,C,C
8HSW,A,A
8HSW,B,B
8HSW,C,C
3TBT,A,A
3TBT,B,B
3TBT,C,C
3ECB,A,A
3ECB,B,B
3ECB,P,C
7EMB,A,A
7EMB,B,B
7EMB,C,C
1NAN,H,A
1NAN,L,B
1NAN,M,C
1NAN,P,D
1K8D,A,A
1K8D,B,B
1K8D,P,C
3TBV,A,A
3TBV,B,B
3TBV,I,C
3C8K,A,A
3C8K,B,B
3C8K,D,C
3C8K,P,D
4Z76,A,A
4Z76,B,B
4Z76,C,C
8TQ9,A,A
8TQ9,B,B
8TQ9,H,C
8TQ9,L,D
8TQ9,P,E
3ROO,A,A
3ROO,B,B
3ROO,E,C
5NPZ,A,A
5NPZ,B,B
5NPZ,C,C
8D5Q,C,A
8D5Q,A,B
8D5Q,B,C
8D5Q,E,D
6WL2,A,A
6WL2,B,B
6WL2,C,C
3P9M,A,A
3P9M,B,B
3P9M,F,C
2OL3,H,A
2OL3,A,B
2OL3,B,C
2OL3,L,D
2OL3,P,E
1KBG,H,A
1KBG,A,B
1KBG,B,C
1KBG,L,D
1KBG,P,E
6L9M,A,A
6L9M,B,B
6L9M,C,C
6J2F,A,A
6J2F,B,B
6J2F,C,C
2ZOK,A,A
2ZOK,B,B
2ZOK,I,C
8JHV,A,A
8JHV,B,B
8JHV,C,C
8JHV,D,D
8JHV,E,E
7P0A,A,A
7P0A,B,B
7P0A,C,C
2VAB,A,A
2VAB,B,B
2VAB,P,C
1VAC,A,A
1VAC,B,B
1VAC,P,C
3CPL,A,A
3CPL,B,B
3CPL,E,C
3TFK,A,A
3TFK,B,B
3TFK,C,C
3TFK,D,D
3TBY,A,A
3TBY,B,B
3TBY,C,C
6LF9,D,A
6LF9,E,B
6LF9,F,C
1LEK,A,A
1LEK,B,B
1LEK,C,C
1LEK,P,D
6A6H,A,A
6A6H,B,B
6A6H,C,C
8D5N,C,A
8D5N,E,B
8D5N,H,C
5WEU,A,A
5WEU,B,B
5WEU,P,C
6X00,A,A
6X00,B,B
6X00,C,C
2FO4,A,A
2FO4,B,B
2FO4,C,C
2FO4,P,D
5E8N,A,A
5E8N,B,B
5E8N,C,C
4WDI,A,A
4WDI,B,B
4WDI,C,C
1N5A,A,A
1N5A,B,B
1N5A,C,C
1ZT7,A,A
1ZT7,B,B
1ZT7,P,C
6G9R,A,A
6G9R,B,B
6G9R,P,C
5TS1,A,A
5TS1,B,B
5TS1,P,C
2CKB,H,A
2CKB,A,B
2CKB,B,C
2CKB,L,D
2CKB,P,E
3E6F,A,A
3E6F,B,B
3E6F,P,C
8TQ8,A,A
8TQ8,B,B
8TQ8,H,C
8TQ8,L,D
8TQ8,P,E
5JWE,A,A
5JWE,B,B
5JWE,P,C
4HUX,A,A
4HUX,B,B
4HUX,C,C
3CVH,A,A
3CVH,B,B
3CVH,C,C
3CVH,H,D
3CVH,L,E
3TBW,A,A
3TBW,B,B
3TBW,I,C
1QLF,A,A
1QLF,B,B
1QLF,C,C
3TBS,A,A
3TBS,B,B
3TBS,C,C
6NPR,A,A
6NPR,B,B
6NPR,R,C
3QUK,A,A
3QUK,B,B
3QUK,C,C
3ROL,A,A
3ROL,B,B
3ROL,E,C
3QQ3,A,A
3QQ3,B,B
3QQ3,C,C
5NQ2,A,A
5NQ2,B,B
5NQ2,C,C
8UMO,A,A
8UMO,B,B
8UMO,J,C
8UMO,K,D
8UMO,P,E
5SWZ,A,A
5SWZ,B,B
5SWZ,C,C
5SWZ,D,D
5SWZ,E,E
5GSV,A,A
5GSV,B,B
5GSV,C,C
3BUY,A,A
3BUY,B,B
3BUY,C,C
3DMM,A,A
3DMM,B,B
3DMM,C,C
3DMM,D,D
3DMM,P,E
8P43,A,A
8P43,B,B
8P43,P,C
1S7X,A,A
1S7X,B,B
1S7X,C,C
5NQ3,A,A
5NQ3,B,B
5NQ3,C,C
1NAM,H,A
1NAM,A,B
1NAM,B,C
1NAM,L,D
1NAM,P,E
5KD7,A,A
5KD7,B,B
5KD7,P,C
5YLX,A,A
5YLX,B,B
5YLX,C,C
3TF7,A,A
3TF7,B,B
3TF7,C,C
6ILE,A,A
6ILE,B,B
6ILE,C,C
1MWA,H,A
1MWA,A,B
1MWA,B,C
1MWA,K,D
1MWA,L,E
1MWA,P,F
5SWS,A,A
5SWS,B,B
5SWS,C,C
5SWS,D,D
5SWS,E,E
1S7W,A,A
1S7W,B,B
1S7W,C,C
3FON,A,A
3FON,B,B
3FON,P,C
2CII,A,A
2CII,B,B
2CII,C,C
5T7G,A,A
5T7G,B,B
5T7G,P,C
3CC5,A,A
3CC5,B,B
3CC5,C,C
3CH1,D,A
3CH1,E,B
3CH1,F,C
6J2D,A,A
6J2D,B,B
6J2D,C,C
6H6D,A,A
6H6D,B,B
6H6D,C,C
8D5F,A,A
8D5F,B,B
8D5F,P,C
2ZSW,A,A
2ZSW,B,B
2ZSW,M,C
6J2E,A,A
6J2E,B,B
6J2E,C,C
4HUU,A,A
4HUU,A-2,B
4HUU,B,C
4HUU,B-2,D
4HUU,C,E
1FFO,A,A
1FFO,B,B
1FFO,C,C
4L8B,A,A
4L8B,B,B
4L8B,C,C
4PV9,A,A
4PV9,B,B
4PV9,E,C
1ZT1,A,A
1ZT1,B,B
1ZT1,P,C
7N9J,A,A
7N9J,B,B
7N9J,C,C
4PGC,A,A
4PGC,B,B
4PGC,C,C
1BZ9,A,A
1BZ9,B,B
1BZ9,C,C
4HS3,A,A
4HS3,B,B
4HS3,C,C
4L8C,A,A
4L8C,B,B
4L8C,I,C
3CCH,A,A
3CCH,B,B
3CCH,C,C
1JPF,A,A
1JPF,B,B
1JPF,C,C
6WZY,A,A
6WZY,B,B
6WZY,C,C
7N5C,A,A
7N5C,B,B
7N5C,C,C
7N5C,D,D
7N5C,E,E
5WLI,A,A
5WLI,B,B
5WLI,C,C
1S7V,A,A
1S7V,B,B
1S7V,C,C
3WS6,A,A
3WS6,D,B
3WS6,E,C
3P4O,A,A
3P4O,B,B
3P4O,F,C
6H6H,A,A
6H6H,B,B
6H6H,C,C
1YN7,A,A
1YN7,B,B
1YN7,C,C
6K7T,A,A
6K7T,B,B
6K7T,C,C
6GB5,A,A
6GB5,B,B
6GB5,E,C
6GB5,H,D
7EMC,A,A
7EMC,B,B
7EMC,C,C
7EM9,A,A
7EM9,B,B
7EM9,C,C
3QQ4,A,A
3QQ4,B,B
3QQ4,C,C
3QUL,A,A
3QUL,B,B
3QUL,C,C
1FG2,A,A
1FG2,B,B
1FG2,C,C
5NQ0,A,A
5NQ0,B,B
5NQ0,C,C
5WET,A,A
5WET,B,B
5WET,P,C
5WES,A,A
5WES,B,B
5WES,P,C
5WLG,A,A
5WLG,B,B
5WLG,C,C
5WLG,D,D
5WLG,E,E
4IHO,A,A
4IHO,B,B
4IHO,C,C
3E6H,A,A
3E6H,B,B
3E6H,P,C
5OQI,A,A
5H94,A,A
5H94,B,B
5H94,C,C
7N5P,A,A
7N5P,B,B
7N5P,C,C
7N5P,D,D
7N5P,E,E
6GB7,A,A
6GB7,B,B
6GB7,K,C
6GB7,P,D
6ILF,A,A
6ILF,B,B
6ILF,C,C
6WL4,A,A
6WL4,B,B
6WL4,C,C
1KJ3,H,A
1KJ3,L,B
1KJ3,P,C
4HV8,A-2,A
4HV8,A,B
4HV8,B,C
4HV8,B-2,D
4HV8,E-2,E
1BQH,A,A
1BQH,B,B
1BQH,C,C
1BQH,G,D
1BQH,H,E
1S7U,A,A
1S7U,B,B
1S7U,C,C
6J2I,A,A
6J2I,B,B
6J2I,C,C
6GB6,A,A
6GB6,B,B
3L3H,A,A
3L3H,B,B
3L3H,C,C
7EMD,A,A
7EMD,B,B
7EMD,C,C
3FTG,A,A
3FTG,B,B
3FTG,C,C
7EMA,A,A
7EMA,B,B
7EMA,C,C
3VJ6,A,A
3VJ6,B,B
3VJ6,P,C
1P4L,A,A
1P4L,A-2,B
1P4L,B,C
1P4L,D,D
1P4L,P,E
2VE6,A,A
2VE6,B,B
2VE6,C,C
1FFN,A,A
1FFN,B,B
1FFN,C,C
1N3N,A,A
1N3N,B,B
1N3N,I,C
7QNG,C,A
7QNG,A,B
7QNG,B,C
7QNG,D,D
1KJ2,H,A
1KJ2,A,B
1KJ2,B,C
1KJ2,L,D
1KJ2,P,E
6WL3,A,A
6WL3,B,B
6WL3,C,C
7JWJ,A,A
7JWJ,B,B
7JWJ,C,C
7JWJ,D,D
7JWJ,E,E
5TJE,A,A
5TJE,B,B
5TJE,G,C
5TJE,H,D
5TJE,I,E
8W6L,A,A
8W6L,B,B
8W6L,C,C
6MP0,A,A
8TQ7,A,A
8TQ7,B,B
8TQ7,C,C
8TQ7,F,D
8TQ7,G,E
8TQ7,H,F
8TQ7,L,G
8TQ7,P,H
7NA5,A,A
7NA5,B,B
7NA5,C,C
7NA5,D,D
7NA5,E,E
3TPU,I,A
3TPU,A,B
3TPU,B,C
3TPU,J,D
6KWL,A,A
6KWL,B,B
6KWL,C,C
3P4N,A,A
3P4N,B,B
3P4N,F,C
2ZOL,A,A
2ZOL,B,B
2ZOL,E,C
5OPI,A,A
5OPI,B,B
5OPI,C,C
1JPG,A,A
1JPG,B,B
1JPG,C,C
1LDP,H,A
1LDP,A,B
1LDP,L,C
1LDP,P,D
1LDP,Q,E
6KWK,A,A
6KWK,B,B
6KWK,C,C
5E8O,A,A
5E8O,B,B
5E8O,C,C
2QRI,A,A
3P9L,A,A
3P9L,B,B
3P9L,F,C
1WBY,A,A
1WBY,B,B
1WBY,C,C
5E8P,A,A
5E8P,B,B
5E8P,C,C
8FHU,A,A
8FHU,B,B
8FHU,C,C
3P4M,A,A
3P4M,B,B
3P4M,F,C
1YN6,A,A
1YN6,B,B
1YN6,C,C
4Z78,A,A
4Z78,B,B
4Z78,C,C
2ZSV,A,A
2ZSV,B,B
2ZSV,E,C
8FHL,A,A
8FHL,B,B
8FHL,C,C
2F74,A,A
2F74,B,B
2F74,C,C
1ZHB,A,A
1ZHB,B,B
1ZHB,C,C
3FOL,A,A
3FOL,B,B
3FOL,P,C
6LF8,A,A
6LF8,B,B
6LF8,C,C
1CE6,A,A
1CE6,B,B
1CE6,C,C
8JV0,A,A
8JV0,B,B
8JV0,C,C
1FO0,H,A
1FO0,A,B
1FO0,B,C
1FO0,L,D
1FO0,P,E
4MVB,A,A
4MVB,B,B
4MVB,C,C
4MVB,D,D
5OQH,A,A
3RGV,C,A
3RGV,A,B
3RGV,B,C
3RGV,D,D
3RGV,E,E
6KWO,A,A
6KWO,B,B
6KWO,C,C
7N4K,A,A
7N4K,B,B
7N4K,C,C
7N4K,D,D
7N4K,E,E
8GQV,A,A
8GQV,B,B
8GQV,C,C
1FFP,A,A
1FFP,B,B
1FFP,C,C
5NQ1,A,A
5NQ1,B,B
5NQ1,C,C
3PQY,A,A
3PQY,B,B
3PQY,C,C
3PQY,D,D
3PQY,E,E
3E2H,A,A
3E2H,B,B
3E2H,C,C
3E2H,Q,D
1DDH,A,A
1DDH,B,B
1DDH,P,C
5OQF,A,A
5OQG,A,A
6KWN,A,A
6KWN,B,B
6KWN,C,C
2QRT,A,A
5KD4,A,A
5KD4,B,B
5KD4,P,C
4N0C,A,A
4N0C,B,B
4N0C,C,C
4N0C,D,D
8GQW,A,A
8GQW,B,B
8GQW,C,C
3PAB,A,A
3PAB,B,B
3PAB,F,C
7N5Q,A,A
7N5Q,B,B
7N5Q,C,C
2QRS,A,A
8TQA,A,A
8TQA,B,B
8TQA,H,C
8TQA,L,D
8TQA,P,E
1HOC,A,A
1HOC,B,B
1HOC,C,C
3WS3,A,A
3WS3,B,B
3WS3,E,C
5WER,A,A
5WER,B,B
5WER,C,C
2MHA,A,A
2MHA,B,B
2MHA,E,C
9C3E,H,A
9C3E,A,B
9C3E,B,C
6MP1,A,A
3NWM,A,A
1HLA,A,A
1HLA,M,B
1KJV,A,A
1KJV,B,B
1KJV,P,C
1LD9,A,A
1LD9,B,B
1LD9,C,C
7LFM,A,A
7LFM,B,B
7LFM,C,C
7LFI,A,A
7LFI,B,B
7LFI,C,C
7LFL,A,A
7LFL,B,B
7LFL,C,C
7EDO,A,A
7EDO,B,B
7EDO,C,C
7LFK,A,A
7LFK,B,B
7LFK,C,C
4MS8,A,A
4MS8,B,B
4MS8,C,C
4MS8,D,D
7LFJ,A,A
7LFJ,B,B
7LFJ,C,C
1MHC,A,A
1MHC,B,B
1MHC,C,C
1NEZ,A,A
1NEZ,B,B
1NEZ,G,C
1NEZ,H,D
4G43,A,A
4G43,B,B
4G43,C,C
5YMW,A,A
5YMW,B,B
5YMW,C,C
5GJY,A,A
5GJY,B,B
5GJY,C,C
8Y74,A,A
8Y74,B,B
8Y74,C,C
8Y74,D,D
8Y74,E,E
5YMV,A,A
5YMV,B,B
5YMV,C,C
8J4G,A,A
8J4G,B,B
8J4G,C,C
4CVX,D,A
4CVX,E,B
4CVX,F,C
8KB0,A,A
8KB0,B,B
8KB0,C,C
6LHG,A,A
6LHG,B,B
6LHG,C,C
6LHG,G,D
6LHG,H,E
1P1Z,A-2,A
1P1Z,A,B
1P1Z,B-2,C
1P1Z,D-2,D
1P1Z,P-2,E
5GJX,A,A
5GJX,B,B
5GJX,C,C
4E0R,A,A
4E0R,B,B
4E0R,C,C
7WBG,A,A
7WBG,B,B
7WBG,C,C
3BEW,A,A
3BEW,B,B
3BEW,C,C
8KCV,A,A
8KCV,B,B
8KCV,C,C
6PUI,A,A
6PUI,B,B
6PUI,G,C
6PUI,H,D
5U1R,C,A
5U1R,D,B
5U1R,E,C
5U1R,F,D
5U72,A,A
5U72,B,B
5U72,G,C
5U72,H,D
6PUL,A,A
6PUL,B,B
6PUL,G,C
6PUL,H,D
3BEV,A,A
3BEV,B,B
3BEV,C,C
5U16,A,A
5U16,B,B
5U16,G,C
5U16,H,D
6PUD,A,A
6PUD,B,B
6PUD,G,C
6PUD,H,D
5H5Z,A,A
5H5Z,B,B
5H5Z,C,C
8KB1,A,A
8KB1,B,B
8KB1,C,C
6XQP,A,A
6XQP,B,B
6XQP,E,C
6XQP,F,D
6KYU,A,A
6KYU,B,B
6KYU,C,C
7ZT8,A,A
7ZT8,B,B
7ZT8,D,C
7ZT8,E,D
9BTX,A,A
9BTX,B,B
9BTX,G,C
9BTX,H,D
4G42,A,A
4G42,B,B
4G42,C,C
8WO9,A,A
8WO9,B,B
8WO9,C,C
5Y91,A,A
5Y91,B,B
5Y91,C,C
5U6Q,C,A
5U6Q,D,B
5U6Q,E,C
5U6Q,F,D
4NQD,A,A
4NQD,B,B
6PUM,A,A
6PUM,B,B
6PUM,G,C
6PUM,H,D
4L4V,A,A
4L4V,B,B
4L4V,G,C
4L4V,H,D
6PUC,A,A
6PUC,B,B
6PUC,G,C
6PUC,H,D
6PUJ,A,A
6PUJ,B,B
6PUJ,G,C
6PUJ,H,D
9CGS,A,A
9CGS,B,B
9CGS,G,C
9CGS,H,D
6W9U,A,A
6W9U,B,B
6W9U,G,C
6W9U,H,D
6PUH,A,A
6PUH,B,B
6PUH,G,C
6PUH,H,D
6IRL,A,A
6IRL,B,B
6IRL,C,C
9CGR,A,A
9CGR,B,B
9CGR,G,C
9CGR,H,D
8Y6X,A,A
8Y6X,B,B
8Y6X,D,C
8Y6X,E,D
4PJF,A,A
4PJF,B,B
4PJF,G,C
4PJF,H,D
5D7I,A,A
5D7I,B,B
5D7I,G,C
5D7I,H,D
6PVD,A,A
6PVD,B,B
6PVD,G,C
6PVD,H,D
6KX9,A,A
6KX9,B,B
6KX9,C,C
6PVC,A,A
6PVC,B,B
6PVC,G,C
6PVC,H,D
8JQT,A,A
8JQT,B,B
8JQT,C,C
7WBI,A,A
7WBI,B,B
7WBI,C,C
6PUF,A,A
6PUF,B,B
6PUF,G,C
6PUF,H,D
4PJI,A,A
4PJI,B,B
4PJI,G,C
4PJI,H,D
4NQE,A,A
4NQE,B,B
4NQE,G,C
4NQE,H,D
4NQC,A,A
4NQC,B,B
5U2V,A,A
5U2V,B,B
5U2V,G,C
5U2V,H,D
4PJ5,A,A
4PJ5,B,B
4PJ5,G,C
4PJ5,H,D
4CW1,A,A
4CW1,B,B
4CW1,F,C
9BTY,A,A
9BTY,B,B
9BTY,G,C
9BTY,H,D
6PUG,A,A
6PUG,B,B
6PUG,G,C
6PUG,H,D
8VZ8,A,A
8VZ8,B,B
8VZ8,C,C
8VZ8,D,D
6LBE,A,A
6LBE,B,B
6LBE,E,C
6LUP,A,A
6LUP,B,B
6LUP,C,C
6PUE,A,A
6PUE,B,B
6PUE,G,C
6PUE,H,D
5U17,A,A
5U17,B,B
5U17,G,C
5U17,H,D
7ZT3,A,A
7ZT3,B,B
7ZT3,D,C
7ZT3,E,D
4PJE,A,A
4PJE,B,B
4PJE,E,C
4PJE,F,D
4PJ8,A,A
4PJ8,B,B
4PJ8,C,C
4PJ8,D,D
5D7L,A,A
5D7L,B,B
6PUK,A,A
6PUK,B,B
6PUK,G,C
6PUK,H,D
6W9V,A,A
6W9V,B,B
6W9V,G,C
6W9V,H,D
7ZT2,A,A
7ZT2,B,B
7ZT2,D,C
7ZT2,E,D
4PJ9,A,A
4PJ9,B,B
4PJ9,C,C
4PJ9,D,D
9BTZ,A,A
9BTZ,B,B
9BTZ,G,C
9BTZ,H,D
4PJG,A,A
4PJG,B,B
4PJG,G,C
4PJG,H,D
6LHF,A,A
6LHF,B,B
6LHF,C,C
6LHF,G,D
6LHF,H,E
4D0B,A,A
4D0B,B,B
4D0B,C,C
4PJC,A,A
4PJC,B,B
4PJC,E,C
4PJC,F,D
7UFJ,A,A
7UFJ,B,B
7UFJ,G,C
7UFJ,H,D
5D7J,E,A
5D7J,A,B
5D7J,B,C
5D7J,F,D
4PJ7,A,A
4PJ7,B,B
4PJ7,G,C
4PJ7,H,D
9BU0,A,A
9BU0,B,B
9BU0,G,C
9BU0,H,D
4PJH,A,A
4PJH,B,B
4PJH,E,C
4PJH,F,D
4D0D,A,A
4D0D,B,B
4D0D,C,C
8VZ9,A,A
8VZ9,B,B
8VZ9,C,C
8VZ9,D,D
5D5M,A,A
5D5M,B,B
6LHH,A,A
6LHH,B,B
6LHH,C,C
8BP6,A,A
5ACZ,A,A
5ACZ,B,B
5ACZ,C,C
7ZT5,A,A
7ZT5,B,B
7ZT5,D,C
7ZT5,E,D
4L8S,C,A
4L8S,A,B
4L8S,B,C
4PJD,A,A
4PJD,B,B
4PJD,E,C
4PJD,F,D
4D0C,A,A
4D0C,B,B
4D0C,C,C
7ZT7,A,A
7ZT7,B,B
7ZT7,D,C
7ZT7,E,D
4PJX,A,A
4PJX,B,B
4PJX,E,C
4PJX,F,D
7ZT4,A,A
7ZT4,B,B
7ZT4,D,C
7ZT4,E,D
4PJA,A,A
4PJA,B,B
4PJA,E,C
4PJA,F,D
7LLI,C,A
7LLI,D,B
7LLI,K,C
7LLI,L,D
4LCW,A,A
4LCW,B,B
4LCW,G,C
4LCW,H,D
5AD0,A,A
5AD0,B,B
5AD0,C,C
7CPO,A,A
7CPO,B,B
7CPO,C,C
4L4T,A,A
4L4T,B,B
4L4T,G,C
4L4T,H,D
2YEZ,A,A
2YEZ,B,B
2YEZ,C,C
3P73,A,A
3P73,B,B
7UMG,A,A
7UMG,B,B
7UMG,C,C
7UMG,D,D
4CVZ,A,A
4CVZ,B,B
4CVZ,C,C
3P77,A,A
3P77,B,B
4IIQ,C,A
4IIQ,A,B
4IIQ,B,C
4GUP,A,A
4GUP,B,B
4L9L,C,A
4L9L,A,B
4L9L,B,C
7ZT9,A,A
7ZT9,B,B
7ZT9,D,C
7ZT9,E,D
4PJB,A,A
4PJB,B,B
4PJB,E,C
4PJB,F,D
7LLJ,C,A
7LLJ,D,B
7LLJ,K,C
7LLJ,L,D
1T7X,A,A
1T7X,B,B
6MWR,A,A
6MWR,B,B
6MWR,C,C
6MWR,D,D
1T7Y,A,A
1T7Y,B,B
6A2B,A,A
6A2B,B,B
6A2B,C,C
3ES6,A,A
3ES6,C,B
1T7Z,A,A
1T7Z,B,B
1T80,A,A
1T80,B,B
7ZQI,A,A
7ZQI,B,B
7ZQI,F,C
7ZQJ,A,A
7ZQJ,B,B
7ZQJ,F,C
1DE4,A,A
1DE4,B,B
1DE4,C,C
1DE4,F,D
1T7V,A,A
1T7V,B,B
1ZS8,A,A
1ZS8,B,B
1T7W,A,A
1T7W,B,B
6R2U,A,A
4LCC,C,A
4LCC,A,B
4LCC,B,C
1A6Z,A,A
1A6Z,B,B
1ZAG,A,A
1ZAG,E,B
7RNO,A,A
7RNO,B,B
7RNO,C,C
1C16,A,A
1C16,B,B
1R3H,A,A
1R3H,B,B
1YPZ,A,A
1YPZ,B,B
1YPZ,E,C
1YPZ,F,D
6NHA,A,A
6NHA,B,B
6NHA,L-2,C
1FRT,A-2,A
1FRT,B-2,B
1FRT,C-2,C
1FRT,D-2,D
6C98,A,A
6C98,B,B
7Q15,A,A
7Q15,B,B
7Q15,E,C
6WNA,A,A
6WNA,B,B
6WNA,H,C
6C97,A,A
6C97,B,B
3FRU,A,A
3FRU,B,B
3FRU,G,C
6WOL,A,A
6WOL,B,B
6WOL,H,C
1I1A,A,A
1I1A,B,B
1I1A,C,C
1I1A,E,D
1I1A,F,E
2WY3,A,A
2WY3,B,B
6QIO,B,A
6QIO,A,B
6QIO,C,C
5BJT,A,A
5BJT,B,B
6C99,A,A
6C99,B,B
4N0F,A,A
4N0F,B,B
4N0F,D,C
4N0U,A,A
4N0U,B,B
4N0U,D,C
4N0U,E,D
6FGB,A,A
6FGB,B,B
6FGB,H,C
6FGB,L,D
6LA6,E-4,A
6LA6,A-4,B
6LA6,A-5,C
6LA6,B-4,D
6LA6,C-4,E
6LA6,C-5,F
6LA6,F-4,G
3QUY,A,A
3QUY,B,B
3QUY,C,C
3QUY,D,D
3QUY,E,E
6QIP,B,A
6QIP,A,B
6QIP,C,C
6XNG,A,A
6XNG,B,B
6XNG,C,C
6XNG,D,D
6XNG,E,E
6XNG,F,F
6XNG,G,G
6ILM,E-45,A
6ILM,A-41,B
6ILM,A-45,C
6ILM,B-45,D
6ILM,C-41,E
6ILM,C-45,F
6ILM,F-45,G
7M72,A,A
7M72,B,B
7M72,C,C
7M72,D,D
7M72,E,E
7M72,F,F
7M72,G,G
6BNL,A,A
6BNL,B,B
6BNL,C,C
6BNL,D,D
6BNL,I,E
6C6A,A,A
6C6A,B,B
6C6A,C,C
6MIY,A,A
6MIY,B,B
6MIY,C,C
6MIY,D,D
6MIY,I,E
6MIY,J,F
6MIY,K,G
4WO4,A,A
4WO4,B,B
4WO4,C,C
4WO4,D,D
4WO4,E,E
4WO4,F,F
4WO4,G,G
3JVG,A,A
3JVG,C,B
1JE6,A,A
8TM0,C,A
8TM0,A,B
8TM0,B,C
5WHK,A,A
5WHK,B,B
5WHK,H,C
5WHK,L,D
6A97,A,A
6A97,B,B
6A97,C,C
6A97,D,D
6V7Y,A,A
6V7Y,B,B
6V7Y,C,C
6V7Y,D,D
6V7Y,F,E
6MJI,A,A
6MJI,B,B
6MJI,C,C
6MJI,D,D
6MJI,E,E
6MJI,F,F
6CYW,A,A
6CYW,B,B
6CYW,C,C
6CW9,A,A
6CW9,B,B
6CW9,C,C
6CW9,D,D
6CW9,E,E
6CW9,F,F
4Y16,A,A
4Y16,B,B
4Y16,C,C
4Y16,D,D
4Y16,E,E
4Y16,F,F
3M17,A,A
8TM2,C,A
8TM2,A,B
8TM2,D,C
6MJA,A,A
6MJA,B,B
6MJA,C,C
6MJA,D,D
6MJA,E,E
6MJA,F,F
5BXF,A,A
5BXF,B,B
8SOS,E-2,A
8SOS,A,B
8SOS,F-2,C
8SOS,G-2,D
3ARB,A,A
3ARB,B,B
3ARB,C,C
3ARB,D,D
3ARB,E,E
3ARB,F,F
3ARB,G,G
4Y2D,A,A
4Y2D,B,B
4Y2D,C,C
4Y2D,D,D
3ARD,A,A
3ARD,B,B
3ARD,C,C
3ARD,D,D
3ARD,E,E
3ARD,F,F
3ARD,G,G
4K71,B,A
4K71,A,B
4K71,C,C
3SDX,A,A
3SDX,B,B
3SDX,E,C
3SDX,F,D
1ONQ,A,A
1ONQ,B,B
1ONQ,E,C
1ONQ,F,D
1ONQ,G,E
1EXU,A,A
1EXU,B,B
6LA7,E-3,A
6LA7,A-3,B
6LA7,A-4,C
6LA7,B-3,D
6LA7,C-3,E
6LA7,C-4,F
6LA7,F-3,G
7MXF,A,A
7MXF,B,B
4IRS,A,A
4IRS,B,B
4IRS,C,C
4IRS,D,D
4IRS,E,E
4IRS,F,F
8TLZ,A,A
8TLZ,D,B
3M1B,A,A
3JTC,A,A
3JTC,C,B
3GMO,A,A
3GMO,B,B
3GMO,C,C
3GMO,D,D
3GMN,A,A
3GMN,B,B
3GMN,C,C
3GMN,D,D
7MX4,A,A
7MX4,B,B
4MX7,A,A
4MX7,B,B
4MX7,C,C
6OJP,A,A
6OJP,B,B
6OJP,C,C
6OJP,D,D
6OMG,A,A
6OMG,B,B
6OMG,C,C
6OMG,D,D
6OMG,E,E
6OMG,F,F
6OMG,G,G
7C9V,E-14,A
7C9V,A-14,B
7C9V,B-14,C
7C9V,C-14,D
7C9V,C-15,E
7C9V,F-14,F
5VCJ,A,A
5VCJ,B,B
5VCJ,C,C
5VCJ,D,D
5VCJ,E,E
6CXA,A,A
6CXA,B,B
6CXA,C,C
6CXA,D,D
6CXA,E,E
1KCG,C,A
1KCG,A,B
1KCG,B,C
3GMQ,A,A
3GMQ,B,B
3GMQ,C,C
3GMQ,D,D
4S0U,C,A
4S0U,A,B
4S0U,B,C
3SDA,A,A
3SDA,B,B
3SDA,C,C
3SDA,D,D
3SDA,E,E
3RUG,A,A
3RUG,B,B
3RUG,E,C
3RUG,F,D
3RUG,I,E
2Q7Y,A,A
2Q7Y,B,B
2Q7Y,E,C
2Q7Y,F,D
5FKP,A,A
5FKP,B,B
5FKP,C,C
5FKP,D,D
3AU1,A,A
3AU1,B,B
3AU1,C,C
3AU1,D,D
3AU1,E,E
3TVM,A,A
3TVM,B,B
3TVM,C,C
3TVM,D,D
3TVM,I,E
3TVM,J,F
1B3J,A,A
1B3J,B,B
4Y4K,A,A
4Y4K,B,B
4Y4K,C,C
4Y4K,D,D
4Y4K,E,E
3QI9,A,A
3QI9,B,B
3QI9,C,C
3QI9,D,D
3QI9,E,E
3U0P,A,A
3U0P,B,B
3U0P,G,C
6C69,A,A
6C69,B,B
6C69,C,C
3GML,A,A
3GML,B,B
3GML,C,C
3GML,D,D
6CWB,A,A
6CWB,B,B
6CWB,C,C
6CWB,D,D
6CWB,E,E
6CXE,A,A
6CXE,B,B
6CXE,C,C
6CXE,D,D
6CXE,E,E
3RZC,A,A
3RZC,B,B
3RZC,C,C
3RZC,D,D
3RZC,E,E
3RZC,F,F
3RZC,G,G
6BMH,A,A
6BMH,B,B
6BMH,I,C
1XZ0,A,A
1XZ0,B,B
1XZ0,E,C
4WW2,C,A
4WW2,A,B
4WW2,B,C
4WW2,F,D
3UBX,A,A
3UBX,B,B
3UBX,C,C
3UBX,H,D
3UBX,L,E
6V7Z,A,A
6V7Z,B,B
6V7Z,F,C
6V7Z,G,D
6V7Z,H,E
1LQV,A,A
1LQV,C,B
6CWE,A,A
6CWE,B,B
6CWE,C,C
6CWE,D,D
6CWE,E,E
6CWE,F,F
8DV4,A,A
8DV4,B,B
8DV4,C,C
8DV4,F,D
4EI5,A,A
4EI5,B,B
4EI5,C,C
4EI5,D,D
4EI5,I,E
4EI5,J,F
4LHU,A,A
4LHU,B,B
4LHU,C,C
4LHU,D,D
4LHU,E,E
4LHU,G,F
3SDD,A,A
3SDD,B,B
3SDD,C,C
3SDD,D,D
3SDD,E,E
8SGM,A,A
8SGM,B,B
8SGM,C,C
8SGM,D,D
8SGM,E,E
8SGM,F,F
3HUJ,A,A
3HUJ,B,B
3HUJ,G,C
3HUJ,H,D
3HUJ,I,E
6SNY,B,A
6SNY,A,B
6SNY,D,C
6SNY,E,D
6SNY,F,E
6MSS,C,A
6MSS,A-2,B
6MSS,B-2,C
6MSS,D,D
6MSS,E,E
8DV3,A,A
8DV3,B,B
8DV3,C,C
8DV3,D,D
6CX9,A,A
6CX9,B,B
6CX9,C,C
6CX9,D,D
6CX9,E,E
2GAZ,A,A
2GAZ,B,B
2GAZ,C,C
3GMP,A,A
3GMP,B,B
3GMP,C,C
3GMP,D,D
4Y4H,A,A
4Y4H,B,B
4Y4H,C,C
4Y4H,D,D
4Y4H,I,E
4Y4H,J,F
3D2U,A,A
3D2U,B,B
3D2U,C,C
3D2U,D,D
3O8X,A,A
3O8X,B,B
3O8X,C,C
3O8X,D,D
3O8X,E,E
3O8X,F,F
3VWK,A,A
3VWK,B,B
3VWK,C,C
3VWK,D,D
5EFI,A,A
5EFI,B,B
5EFI,C,C
5EFI,D,D
5EFI,E,E
6MJ6,A,A
6MJ6,B,B
6MJ6,C,C
6MJ6,D,D
6MJ6,E,E
6MJ6,F,F
6MJQ,A,A
6MJQ,B,B
6MJQ,C,C
6MJQ,D,D
6MJQ,I,E
6MJQ,J,F
4IRJ,A,A
4IRJ,B,B
4IRJ,C,C
4IRJ,D,D
4IRJ,E,E
7RYO,A,A
7RYO,B,B
7RYO,C,C
7RYO,D,D
3GMR,A,A
3GMR,B,B
3GMR,C,C
3GMR,D,D
3GMR,E,E
6MJJ,A,A
6MJJ,B,B
6MJJ,C,C
6MJJ,D,D
6MJJ,E,E
6MJJ,F,F
3TZV,C,A
3TZV,D,B
3TZV,E,C
3TZV,G,D
3TZV,H,E
1L8J,A,A
1L8J,B,B
1L8J,C,C
1L8J,D,D
7FI9,C,A
7FI9,A,B
7FI9,B,C
6CX7,A,A
6CX7,B,B
6CX7,C,C
6CX7,D,D
6CX7,E,E
6CXF,A,A
6CXF,B,B
6CXF,C,C
6CXF,D,D
6CXF,E,E
7RYN,A,A
7RYN,B,B
7RYN,C,C
7RYN,D,D
8GLE,A,A
8GLE,B,B
8GLE,C,C
8GLE,D,D
4MNG,A,A
4MNG,B,B
4MNG,E,C
3MA7,C,A
3MA7,D,B
3MA7,E,C
3SCM,A,A
3SCM,B,B
3SCM,C,C
3SCM,D,D
3SCM,E,E
7MXH,A,A
7MXH,B,B
3GMM,A,A
3GMM,B,B
3GMM,C,C
3GMM,D,D
4F7C,A,A
4F7C,B,B
4F7C,E,C
4F7C,F,D
6C6C,A,A
6C6C,B,B
6C6C,C,C
5TW5,A,A
5TW5,B,B
5TW5,C,C
6OOR,A,A
6OOR,B,B
6OOR,H,C
6OOR,L,D
7FI6,C,A
7FI6,A,B
7FI6,B,C
8GLF,A,A
8GLF,B,B
8GLF,C,C
8GLF,D,D
6MIV,A,A
6MIV,B,B
6MIV,C,C
6MIV,D,D
6MIV,E,E
6MIV,F,F
4Y4F,A,A
4Y4F,B,B
4Y4F,C,C
4Y4F,D,D
4Y4F,I,E
3ILQ,C,A
3ILQ,A,B
3ILQ,D,C
3TN0,A,A
3TN0,B,B
3TN0,C,C
3TN0,D,D
3TN0,E,E
2AKR,A,A
2AKR,B,B
3O9W,A,A
3O9W,B,B
3O9W,C,C
3O9W,D,D
3O9W,E,E
3O9W,F,F
5L2J,A,A
5L2J,B,B
5L2J,C,C
3G08,A,A
3G08,B,B
3G08,C,C
4EN3,C,A
4EN3,A,B
4EN3,B,C
4EN3,D,D
6C6H,A,A
6C6H,B,B
6C6H,C,C
3ARE,A,A
3ARE,B,B
3ARE,C,C
3ARE,D,D
3ARE,E,E
3ARE,F,F
7KP1,A,A
7KP1,B,B
6MJ4,A,A
6MJ4,B,B
6MJ4,C,C
6MJ4,D,D
6MJ4,E,E
6MJ4,F,F
1Z5L,A,A
1Z5L,B,B
1Z5L,E,C
3QUZ,A,A
3QUZ,B,B
3QUZ,C,C
3QUZ,D,D
3QUZ,E,E
4ZAK,A,A
4ZAK,B,B
4ZAK,C,C
4ZAK,D,D
4ZAK,E,E
7OKS,A,A
7OKS,E,B
7OKS,F,C
7OKS,G,D
3ARF,A,A
3ARF,B,B
3ARF,C,C
3ARF,D,D
3ARF,E,E
3ARF,F,F
3ARF,G,G
8SGB,A,A
8SGB,B,B
8SGB,C,C
8SGB,D,D
8SGB,E,E
1CD1,A,A
1CD1,B,B
6NUX,A,A
6NUX,B,B
1GZP,A,A
1GZP,B,B
1HYR,C,A
1HYR,A,B
1HYR,B,C
8GLH,A,A
8GLH,B,B
8GLH,C,C
8GLH,D,D
2FIK,A,A
2FIK,B,B
2FIK,C,C
7FI5,C,A
7FI5,A,B
7FI5,B,C
7KP0,A,A
7KP0,B,B
5C9J,A,A
5C9J,B,B
4X6D,A,A
4X6D,B,B
4X6D,G,C
4X6D,H,D
4X6D,I,E
4V3E,B,A
4V3E,A,B
4V3E,C,C
4V3E,D,D
3QUX,A,A
3QUX,B,B
3QUX,C,C
3QUX,D,D
3QUX,E,E
6C6F,A,A
6C6F,B,B
6C6F,C,C
6C6J,A,A
6C6J,B,B
6C6J,C,C
5WL1,A,A
5WL1,B,B
5WL1,C,C
5WL1,D,D
5WL1,E,E
3RTQ,A,A
3RTQ,B,B
3RTQ,C,C
3RTQ,D,D
3RTQ,E,E
3RTQ,F,F
3OV6,A,A
3T1F,A,A
3T1F,B,B
3T1F,C,C
3TA3,A,A
3TA3,B,B
3TA3,C,C
3TA3,D,D
3TA3,E,E
3TA3,F,F
7OKU,A,A
7OKU,B,B
7OKU,C,C
5TW2,A,A
5TW2,B,B
5TW2,C,C
6CW6,A,A
6CW6,B,B
6CW6,C,C
6CW6,D,D
6CW6,E,E
7RYM,A,A
7RYM,B,B
7RYM,C,C
7RYM,D,D
8GLI,A,A
8GLI,B,B
8GLI,C,C
4ELM,A,A
4ELM,B,B
4ELM,G,C
4ELM,H,D
4ELM,I,E
3T8X,A,A
3T8X,B,B
3T8X,E,C
3T8X,F,D
6CX5,A,A
6CX5,B,B
6CX5,C,C
6CX5,D,D
6CX5,E,E
6CX5,F,F
6C6E,A,A
6C6E,B,B
6C6E,C,C
4APQ,A,A
4APQ,B,B
4APQ,C,C
4APQ,D,D
4APQ,E,E
4APQ,F,F
4APQ,G,G
6D64,A,A
6D64,B,B
6D64,C,C
6D64,D,D
6D64,E,E
7SH4,A,A
7SH4,B,B
4V3D,D,A
4V3D,C,B
4V3D,G,C
4V3D,H,D
4V3D,I,E
6BMK,A,A
6BMK,B,B
6BMK,E,C
6C5M,A,A
6C5M,B,B
6C5M,C,C
6C5M,D,D
6C09,A,A
6C09,B,B
6C09,C,C
6C09,D,D
8GLG,A,A
8GLG,B,B
8GLG,C,C
8GLG,D,D
2PO6,A,A
2PO6,B,B
2PO6,C,C
2PO6,D,D
2PO6,I,E
4X6E,A,A
4X6E,B,B
7OKV,A,A
4ONO,A,A
4ONO,B,B
7FI7,C,A
7FI7,A,B
7FI7,B,C
6CUG,A,A
6CUG,B,B
6CUG,D,C
6CUG,E,D
1GZQ,A,A
1GZQ,B,B
7Q5D,A,A
7Q5D,B,B
7Q5D,C,C
2H26,A,A
2H26,B,B
2H26,C,C
2H26,D,D
1ZHN,A,A
1ZHN,B,B
1ZHN,C,C
1ZHN,D,D
3TO4,A,A
3TO4,B,B
3TO4,C,C
3TO4,D,D
3TO4,E,E
4WWK,C,A
4WWK,A,B
4WWK,B,C
4WWK,D,D
5L2K,A,A
5L2K,B,B
5L2K,D,C
5L2K,E,D
7OKT,A,A
3SDC,A,A
3SDC,B,B
3SDC,C,C
3SDC,D,D
3SDC,E,E
8GM8,A,A
8GM8,B,B
3VWJ,A,A
3VWJ,B,B
3VWJ,C,C
3VWJ,D,D
5J1A,A,A
5J1A,B,B
5WKE,A,A
5WKE,B,B
5WKE,C,C
5WKE,D,D
6BNK,A,A
6BNK,B,B
6BNK,C,C
6BNK,D,D
6BNK,I,E
5WKG,A,A
5WKG,B,B
5WKG,C,C
5WKG,D,D
1ZT4,A,A
1ZT4,B,B
6V80,A,A
6V80,B,B
6V80,C,C
6V80,D,D
6V80,E,E
6V80,K,F
3ARG,A,A
3ARG,B,B
3ARG,C,C
3ARG,D,D
3ARG,E,E
3ARG,F,F
8T4Z,A,A
8T4Z,B,B
8T4Z,C,C
8T4Z,D,D
8T4Z,E,E
8T4Z,F,F
8T4Z,G,G
4MQ7,A,A
4MQ7,B,B
3ILP,A,A
3ILP,B,B
3ILP,C,C
3HE6,A,A
3HE6,B,B
3HE6,C,C
3HE6,D,D
3HE6,E,E
3HE7,A,A
3HE7,B,B
3HE7,C,C
3HE7,D,D
3HE7,E,E
7FI8,C,A
7FI8,A,B
7FI8,B,C
4F7E,A,A
4F7E,B,B
4F7E,C,C
5WKI,A,A
5WKI,B,B
5WKI,C,C
5WKI,D,D
5WKI,E,E
8ZOX,A,A
8ZOX,B,B
8ZOX,D,C
8ZOX,E,D
7KOZ,A,A
7KOZ,B,B
8C44,C,A
8C44,A,B
7B5F,G,A
7B5F,A,B
7B5F,B,C
7B5F,C,D
7B5F,H,E
1UQS,A,A
1UQS,B,B
3L9R,A,A
3L9R,B,B
3L9R,I,C
4X6F,A,A
4X6F,B,B
3DBX,A,A
3DBX,B,B
4X6C,A,A
4X6C,B,B
4X6C,G,C
4X6C,H,D
4FFE,X,A
6C15,A,A
6C15,B,B
7XXA,E-29,A
7XXA,A-29,B
7XXA,A-30,C
7XXA,B-29,D
7XXA,C-29,E
7XXA,C-30,F
3S6C,A,A
3S6C,B,B
4PDC,E,A
4PDC,A,B
4PDC,B,C
3IT8,D,A
3IT8,A,B
3IT8,B,C
1JFM,A,A
1PQZ,A,A
1PQZ,B,B
4G59,A,A
4G59,C,B
2O5N,B,A
2O5N,A,B
2O5N,D,C
1U58,A,A
1U58,B,B
4PP8,C,A
4PP8,A,B
4PP8,B,C
2NYK,A,A
2NYK,B,B
4JO8,A-2,A
4JO8,B,B
4JO8,B-2,C
